Temperature_Anomaly,CO2_Emissions
0.4107456050462424,577746884.1418756
0.9089769053351696,702463994.4007828
-0.603829235380959,604002355.7686001
0.1775394558418978,371809597.5921246
0.8789182547603923,314684424.12059087
0.0817428292258648,481112865.1290843
-0.2967349552354726,598239401.1221955
-0.7656178207789254,606164372.9990853
1.061987051187745,401526024.7635538
0.1256552662407193,705418224.8760579
-0.4436880512374188,547051386.1157278
0.5040116255995026,733595698.09098
0.5853612885250966,414367608.666975
0.0845009450987291,286477680.57356155
0.6674430437061932,470377496.966955
-1.6919487046610775,335087972.3919961
0.0221896887384214,518544458.8653716
0.2993664483116112,432577644.3933207
0.2932127360801496,451308703.4408122
0.6801262898576867,319204964.16827136
0.4525773873630865,552594009.4301609
-0.8281970804409594,359610912.85709625
0.8436850232135112,770967605.0875454
-0.0619633814744118,599929730.4454932
0.8910423595762509,682433050.5248866
0.0405709340653605,480926016.18251055
-0.00022194777764,380473110.57304
-0.7702852573111493,362988964.8813307
0.8853214270599252,703828095.7176416
-0.7682132915652775,326767846.0903381
-0.9637152942396292,360226799.12687933
-0.3384712178796278,350574340.58525485
-0.5060678980007625,552855102.05284
-0.2351965927253439,121018723.24364609
-0.2961442315696855,736698687.7745365
0.3454467463416433,764744498.6829563
0.348329115235372,470308973.97029
0.3250580547034739,432944429.5987188
-0.7855131892516655,634768708.0756624
-0.9963001148131428,627666927.5631014
0.7932856376913593,268063657.6803544
-0.4186600421595685,276349554.89039934
-0.0947328981563275,633338860.1315699
0.2363092564278707,394015986.0915784
-0.1327263246347942,381624984.0405684
-0.4112408765365416,472721064.7882197
0.3920103949951062,742335817.6356672
-0.1572244818097484,296354377.87965626
0.0690912966784306,462862369.4080803
0.3031599441268993,687085685.8899418
-0.4353234461862948,450836876.5743003
0.1213468494539645,354572622.0033894
0.0968160930110255,417359777.1495795
1.755919657680445,514046691.4944946
-0.0596602481761897,354936070.4812235
-0.1471420787390707,495851847.34407234
0.3120080956253046,573026877.6517719
0.3767868001822574,416637463.4225276
0.2212597962820252,610318804.52187
0.3651835898335303,119368831.799453
-0.3737604944451537,655398818.0311195
-0.4406992109810058,717089548.6514032
0.1270964307623216,275596623.1197941
-0.3983033650638545,555093424.3084673
-0.3093326061861275,627489069.2463882
0.6620954630141893,513988769.81752026
-0.1088685392420418,598669944.9373348
0.4557621749361269,541035084.5518951
-1.6327430439204356,663691128.7307243
1.162555367363096,714665703.8542145
-0.4170770944700224,468169587.93973845
-0.2017461634252262,698394782.0598631
0.0486779359638233,421218979.5380726
-0.2041327248790976,849226810.4820837
0.3262180796416064,160758885.2173247
0.2544284566594398,619209527.3900743
-0.4710349348495872,803754669.4902649
-0.172588088436764,464920112.4165112
-1.460314780144943,356705861.30226284
-0.4781781429712903,518055560.4200223
-0.0879938583358465,639617546.0124296
0.1203457150095905,541958316.559559
0.2529128314882012,666818257.7805599
-0.6604485717664196,441819045.3377674
-0.699511249510973,655681710.4011896
0.6197684638586777,425298531.2391064
0.9284720815934168,461433506.0920336
-0.4380519771978523,328533426.12654567
0.5337012548553715,501967638.4773815
0.0814067625702187,671699354.7631376
-0.8574411454678742,352774776.2757801
0.0050433554000964,536075062.9430052
0.4609077137865244,244386438.84077385
0.7072224993643954,374388794.94248784
0.9237726771882172,525716905.8392741
-0.5414149447597284,358154852.9596848
1.0518664496208814,695229585.9126252
-0.4603219953298511,525192602.0902134
0.3531056174370969,325291255.2286155
-0.8823160117210965,447820180.34526587
0.5278001265892065,605485673.626903
-0.451479336822074,421127057.2950097
0.0541052133786891,530224221.3876648
-0.1649461136593952,475627856.3814186
-0.0350300080284932,551053259.8983938
0.4139815751362125,752033950.5160471
0.4734902839515033,539466302.4478515
0.0147516493392575,648647848.2542397
-0.7441326859791375,317990415.34488124
-0.2166041943293573,596854975.7683259
-0.3686991087337585,313583939.95139647
0.3076582182655478,491553783.3755006
1.032696490540083,611201497.5141873
-0.5299011792536297,772939892.4681853
0.8874150733164756,738542131.5870749
-0.1221810914269932,567225201.051701
0.9788939482870068,401772310.9290943
0.9733690701194874,835337558.2515657
1.5953364572601505,533463977.2562361
-0.2830492680496173,273136612.4075113
-0.0593247707811574,646271224.432192
-0.55479167208821,366811827.5575256
0.4907805211770732,673124265.4375058
0.3234432209402598,361451960.9249386
-1.8342101616050228,341353773.85684735
-0.4142512750755825,529558065.6560262
-0.0994793478223576,642587284.5185376
-1.084162793379759,821453786.7932006
1.1988874484559369,552998991.5657638
0.3587316088360949,725120087.7298331
-0.7043284101211508,356782634.0967659
1.0388664882082224,468632618.8275759
-0.3610292447368712,530040532.111323
0.9640605088374212,647737695.5954269
-0.6603406134350572,632761658.3859897
0.7252259304133928,453640417.3262472
-1.547926750698314,909569981.4245028
0.2167167488709848,580682764.3141953
-0.3099077437529448,407821493.6412863
-0.6041796082911399,854073861.4217825
-0.696067299655633,244039965.7315494
-0.2200905627230904,621401857.4524223
-0.7888569023966331,611341865.1982211
0.554481490979316,660964011.5196918
0.6226219086367915,328617394.7626395
0.0083160287894727,476154237.4502467
0.1585474208675941,574717071.3402959
0.1709340224689133,438005322.11566687
1.4525607766168136,626361406.900015
-0.9964092355344714,455363856.102447
0.8403749884752614,383801143.8271147
0.0286211236931265,505283833.6174598
0.1159026431433878,494992342.7713796
0.4466763439029743,551213265.2953165
0.8130832425553596,471041455.3792856
0.0203500024486293,144832967.5966571
-1.345610882356743,200412737.3129372
0.0062227979631384,647332466.2367845
0.8667177015220423,406140165.36629033
-0.0247706570947467,355917951.03630376
1.026066104401273,465241598.1417917
1.0604562070919736,499543645.4847907
0.6540170878459245,479069425.0298509
-0.2116616545344375,253311556.77473488
0.90156242433135,553697837.7425998
-1.3527706592189457,401407634.3422933
0.2735176983950374,520509360.0299797
0.536708855086176,263146886.06406972
0.5239350454359301,270987368.72336274
0.2172403317494972,393566152.68721694
0.3808463731177068,571134107.2616946
0.2027153264921673,819287698.363166
0.0020878430235274,409484650.4319136
-0.6513464890821478,460730981.17807513
-0.0422629979822634,549439108.0533321
-0.2704449356209896,542834837.2095922
1.6598829495371263,719800136.6592335
0.547352659404609,536746470.4664922
-0.2867393043003732,589074048.7677754
0.771849042797534,708471251.1327798
-0.1222279760043321,508807193.3724381
-0.2432334576442358,564679645.8382818
-1.4817666321414589,258034019.0901156
0.2399470295363766,587029053.021197
-0.1822580352128602,586909741.7449056
1.145543426832608,641913402.58408
1.0805803941701229,482421897.8089971
-0.0529423510824482,477602189.7397936
0.0368126221088077,689948170.5454421
0.9472930720095564,400015643.8544624
1.417234223364885,745188185.8248096
-0.0497896093409748,698070262.0166297
-0.3363591747510693,373173224.4411956
-0.2362200600437251,390875244.2305604
-0.5736781653530706,484924602.8210463
0.3117129620254671,344664808.3096492
-0.6638079229219686,665960727.5597442
0.1565890733815482,609995142.2031803
0.3500034111752023,522723502.5994571
-0.8526598552112695,436723215.6777119
-0.6850971576301168,212311470.2486382
0.1782355138835173,505069384.58431154
-0.8925743657319839,746868646.1832906
-0.2015739044757338,299458337.1853748
-0.1642591963914463,416158283.4665408
0.4319429322884427,577936920.7125397
0.2134566453677115,444298783.4497177
0.8636089643830238,3258332.830539842
-0.5985776336818762,501517131.26332986
0.3902877288706119,596016893.8524016
-0.5428846740161111,541242074.301059
0.4781494849845669,538570199.5445952
-0.2043695992685101,425072879.9657312
0.1052118302756563,493390790.7216345
-1.869145982863028,845606832.1334846
-1.4868845127286228,422073447.58405393
1.644833117087697,623466408.6504631
0.5520839796353605,405840160.9719226
0.3990720199618487,220399551.086015
0.9370838297047924,417221793.48722816
-0.0214385363620033,424774278.418959
0.3231940061857686,453036999.9745893
-0.92430758639393,749322342.6982818
0.8719346746860899,554244576.4166418
1.2461368913875688,777066746.7101377
-0.328252981732207,572274880.9593582
-0.4679094292881851,430795070.6578044
-0.2183524366249052,628366376.9480388
-0.2021372603713369,402680994.35911113
-0.6831789282085703,469414440.7090586
-0.531355498773044,390407237.5029889
1.3866293695039225,566359234.7421536
-0.8994624168268928,568576397.7376866
0.0676191748374373,647314152.3456686
0.2913745438811288,520956280.5822086
-0.0134019490634764,422915547.7367543
0.110823734144609,297813535.181835
-0.4250658224765201,629042826.862752
0.2266446745563344,364058421.5919014
0.5959408260173591,729358874.8389517
0.014060046084921,587000347.8748409
-0.4744952875357123,547981804.3614064
0.0678171810069245,419780139.82652366
0.4820117121472191,629483000.3904861
0.7615584507159637,402012037.01077807
0.1734230385594861,461761754.91117054
-1.6800187986601485,514113090.3911419
0.2583394614600556,488120548.6411151
-1.3838425154541498,482016923.8054281
-0.0649528707321189,626332043.2181741
-1.0573421367348683,900923947.2848831
0.1116113290371531,519078938.896124
0.1821551213274801,436906653.567564
0.0419157261988306,659667121.5513264
-0.7059702635960124,445822193.1689993
-1.2902359827107168,817839341.1576688
-0.0813145812241757,600770869.7089204
0.392739019494033,487970175.525368
0.494099736453891,493244190.4651984
0.2253830652827012,472006854.43413645
0.0634763544589393,554123974.1799415
-0.2066130052890266,247539680.99511853
0.0473209664945,496583953.0964136
0.1383078015297819,428081470.0683222
-0.2309391122565687,543117842.0106518
0.4392724271030092,445122058.8950036
0.7015097036680044,320618240.4480274
0.2623211845487907,430316465.6383423
-1.0863196861399187,796140438.5140077
1.1647819585580172,571678876.5462284
0.7345602928362316,491138735.9999812
0.239156104432623,492238319.0303987
-0.1141715084144969,344648882.39539903
-0.2043011564523876,438280430.2129244
1.5565924046630912,15831209.291709578
-0.7572438481457171,464914834.8035782
-0.0304187610240589,353867177.98869026
-0.6181000471370659,418253678.4619519
-0.4272910611564834,574130588.5307113
0.9526802575741654,402949706.0092616
-0.3816377435575557,423618691.5103293
0.4268913555006184,235677563.522689
-1.0492837882540216,587912016.3127755
0.0101851796937166,544845383.6556745
0.4769270429319233,229089242.88881707
-0.2792108132676932,307993333.4606759
0.4372785406441261,452853726.7062317
-0.454873431500394,455173357.9340088
0.4969366973300686,509009250.7301698
0.0533035318489003,465578446.6838877
0.754657011063467,466008538.9188808
0.1878125436906776,566951586.8422269
0.2918918269713582,478533116.25628847
-0.2765793238704991,569139622.3574522
0.0954582402469113,326276267.33701146
0.4104450812437143,592255606.2819083
-0.7220584710271825,568045513.9611835
0.9239083499987236,197275071.43663824
-0.1945051027907497,466276821.1817514
-0.9841143807715004,440478205.8143504
-0.5780901479728868,466679873.0011186
0.1372439356837163,739125448.60106
0.3498777984323812,708706489.714213
-0.851221437165556,222197049.62883943
-0.0311903115371982,532401930.59635353
-0.3612955569665274,832365967.1956373
-0.4521720389768133,362419146.9987592
0.0215887483624901,351170739.69307834
-0.0555733451618025,492995793.30626255
0.5637108182345638,462877545.7294709
0.4162990178614909,643813711.150923
-0.4427516234441037,361098409.59046966
0.2764445083584469,479726568.7807393
-0.1385132066715234,528719456.9785919
0.0683733915819697,625080485.7482607
-0.0666938963488279,480981465.2215512
-0.71352556408626,683928951.6099492
-0.5585646154467518,645890789.2292461
-0.3564262552645394,565878748.6631756
0.5426718747634542,612070134.8488554
-0.0758328703058477,391513376.265118
-1.8644552999195447,91169259.32246368
-0.0608899431142551,381253750.2846
0.1651793785359187,613104700.1123189
-0.5066854668581675,466781088.3390721
0.1055381250851777,665764129.1708169
0.6126042396173973,224888651.56325716
-1.1187689049409872,594460549.0003817
-0.6190482009369772,713378413.8497131
-0.02008556092686,630965015.3886327
0.9221766491479472,579225295.6680614
-0.7342350473151565,793966200.2411822
0.3685495568160539,572142708.6644378
0.0884502414737401,375540446.0563687
0.3938294267106187,377756021.3028869
-0.2785695224929048,722676922.2006841
-0.7009980828970818,550874034.5801995
0.2868156978493931,804521790.455864
0.6078528989541194,538519253.7461241
0.5779155314102533,622483875.3753272
0.1041450055507318,501356714.80872136
-1.3470769379055292,698698852.9109504
-0.6329721433085744,63827400.35417194
1.003486680370009,477305478.7794976
-0.1487047347379446,430056502.5261231
-0.1866113639194815,457895027.4479375
-0.0797996893169513,565316916.3992517
0.6370904943492082,434489554.976478
0.5994856568131947,385992014.40891975
0.0004470418260972,395132516.9209165
1.029716953030402,338061345.64390707
0.0423183122959643,526668199.0822246
-0.8721840550090314,488835255.51638526
0.1433519559747056,467290088.3503298
-0.282935924905037,373797154.3168156
0.3080687170972797,524987980.7682451
-0.0211605454528316,741348517.9443305
0.6891874874087165,663304274.2643429
0.6574603923464643,486326268.3338522
0.5735477963629015,658416278.1471199
-0.7826044832217239,513889891.4980019
1.052439872118465,575414549.5829344
-0.4130774088178394,375759608.3688052
-0.5066479540238176,432782204.0291333
0.6071276638564833,486605095.9811704
0.4022507871220941,522350985.65008926
0.9176176169021648,538753941.8275462
-0.4468535550696575,494333869.7451278
-0.5818673502306243,452333669.5027725
-0.1366100815768779,591924727.460147
-0.7590333070349577,539916500.9182488
0.271488696526187,349678191.270174
0.67313392027086,392607276.3233826
-0.3521230623847421,645680511.5555217
0.0164067101579163,491787160.1086934
0.2677503221586232,526369646.3396646
1.0093565818494838,246493444.58357212
1.4128426653985056,436858549.5761924
0.0610342089285701,602930765.5230786
0.4732602101138976,223159347.52924183
-0.6901298142523773,639554112.4963619
-0.0616956317164287,671056376.1224432
0.5657804283148609,458726263.23473406
0.3222924551619345,626545611.6072778
0.2524671730202226,477809098.5415788
0.083156585084569,650223272.336802
0.1658453809740151,176253640.19326612
-0.1140617655376565,619058293.3798833
0.0278452285832891,699094325.4627264
0.2196438881725246,303750054.54287064
-0.1448960143557999,738435892.7140734
-0.0019995889436837,645109167.7100704
-0.4956510904886024,487692991.7663216
0.4347271637595883,708520950.9047096
-0.4851146613130087,488263326.5894305
1.2467015138183626,486243556.8775082
0.7739107703829766,284626469.36276096
-0.0897103985130525,641020530.1930525
0.2943260399824899,65811100.196094096
-0.4571640608548722,539841121.034464
0.7733444670718126,298641632.5745224
0.5436813430234382,309105608.8175271
1.7065743039083814,292596876.0496272
-0.3509268462156825,813552989.4668331
1.2279370485271768,433799745.9097848
-0.380345527301959,437575606.37641096
-0.1626235508117329,552993616.7302847
-0.230609158107888,711318885.5150359
0.0733075136882697,345664506.9065356
-0.208189812708696,588698721.8628082
-0.0713111174625697,320162597.3551276
0.1705370593768321,498678483.36990553
-0.5801826958574031,514990564.8272462
0.2894053163982851,696666543.3654671
-0.1551308959179524,515712945.6237011
0.0262981388513663,657469093.1199335
-0.7814428608667972,734362980.3521554
-0.0138611911149826,513842120.8292207
-1.2318679784100173,452494461.91204816
-1.7851704652697586,156195964.6772227
0.664805777785678,419549798.0555158
-0.8793497564099597,440845584.4531957
-0.3699319949804885,472261568.6773608
0.3071224472959732,638908555.1022955
-1.9794096631770584,920337382.3889492
-1.8096996737777584,464771061.0532136
-0.2719519212266365,493901442.2768896
0.5620212517666052,509709621.7237778
-0.1220498579876475,564207749.6073518
-1.2636995724687088,526732607.9277312
-0.4553571220900062,372677150.533896
0.3460972365955318,375201807.0124472
0.1579642070093387,565893777.2346182
-0.7637936288174725,497297751.4531031
0.0620043384654435,558796317.4290951
0.5053152735808859,412510121.30510914
1.240013728894244,143380672.50114435
-0.2584841711212768,390530156.9645822
0.4661413040270635,715068057.7827986
-0.4625242000188477,502211361.8945752
0.8045213607470202,414006471.0878069
0.0847028610768646,435572658.66329634
-0.4024530929947821,363341663.1915854
-0.6849947111482391,361677570.11446846
-0.1147641881340866,482287590.9741517
0.8908516220832314,366716686.7700313
0.2379925041026399,544914530.2471985
0.3268111739137743,740628745.6812754
-0.4689716275364364,418690471.4907162
0.8129408125562602,595914543.9399507
-0.5060969606365355,780005469.1718293
-0.2257729116633119,759464905.4218835
-0.6545808504054934,478845070.9010146
0.0174197001586664,506501553.7577148
-0.5394713372334299,540809319.5901064
-0.3638920765686358,483778711.8916041
-1.7382155844607352,453297033.28271735
0.0843050665088232,452954503.0996485
-0.2594707191302797,398165686.6714616
0.189105094011882,502871624.39361024
1.0876713930247224,538331332.1614842
0.0609125038402019,348935039.1083164
0.5097058969340739,362754367.8159168
0.2335368455209393,673962781.7205708
-1.063732969444031,492654495.42254144
0.2386729598051844,554012366.6476582
0.4204046335111337,500990095.2651353
0.5620010580117422,595821477.1603025
0.3606775578075231,515671763.5517043
-0.9144874286921232,586013334.3607419
0.3310957007789574,564365249.6281052
-0.8656032596566197,312507076.32848054
-0.7347541208893276,543019210.3159195
0.7191063467359318,326278937.80417216
-1.8497446630713303,474972804.2794085
0.0749095233806416,463216424.3117915
0.519795405711877,738598315.3585746
-0.4148742930561041,698523538.8797464
0.4501915096884851,390627358.0843756
-1.0695963700716085,355768177.1920933
-1.7469386585600797,266679023.10395807
-0.2333085541734111,514085095.31591207
-0.7745336922719287,340071436.6534767
-0.682930762690773,164157502.0489501
0.1219932893191005,594512431.047015
0.2371377606372354,456828699.2979258
-0.2013100571238428,238646295.7354433
0.2351707019466825,382970432.0445458
-0.028811583197841,892135759.8057988
-1.1603083813903583,446580114.8463934
-0.0209393222193753,650499470.3076587
-0.2141367750671055,448282948.403221
1.054861004401552,229400696.28003988
0.7382095697859629,658698655.0824987
-0.2069213850858159,395930173.29551005
-0.1230386238153606,341430555.4659469
-0.2185460907879012,638812629.2892996
0.0348135017782608,455654574.4972237
0.1553080930092439,382645346.0613849
-0.7983693092188477,576621491.6986789
0.3898225198895854,562305864.2090875
0.7314294773100483,311809897.47881967
-1.4414043694911298,346572514.82790303
-0.9573850656586166,594897995.9024569
1.419222581009997,616290231.9774165
-1.4494183480546885,550325905.4060162
0.2823687650407493,616144652.7189221
-0.0396547594588985,389450643.94074434
0.5886809399342731,466412791.627952
-0.8054036042077479,662773778.9614882
-0.5414605375523711,681615621.1738784
0.2455235958264226,473509636.31690586
0.4388565513369739,559803873.8120854
-0.0022843072509809,694259467.1761659
-0.1350074316104104,508752698.9063626
0.0682462109403421,492298048.5729925
-0.0035945704699006,742862630.553237
-1.935678855331096,154258799.0336866
-0.5510232878229668,477812920.0565929
0.0655351871826278,589486798.5034229
-0.1906514313626998,509909664.65449727
0.5501489726162504,543510217.6901346
0.1733698965933152,549629460.7314936
-0.5721097745161112,196855084.1546117
0.3820884568706297,316282787.33812875
-0.4209519584373651,486655559.8728315
0.4410093982075282,375831765.9994278
-0.1644851433027321,332261243.81020504
-0.2951173777197418,485089398.1165766
0.1744177974033118,791762397.1045738
-0.1029700503560685,542187908.5068369
-0.7190027449503329,446207408.53069365
-0.806692603859266,553667750.0361438
-0.2352548635819419,542011586.4485685
-0.2416736551129346,670675311.6984992
-1.0033368738032271,464362277.8620624
-0.7907298652798039,164139587.02485844
-1.200337273162824,803285060.0473404
-0.5488831377463813,486776160.2402586
0.3771051562161505,451524486.31183416
-0.6350639511192271,488752900.9119506
0.2167710921620344,770886005.717358
-0.200840836416544,476445292.2672979
-0.549033139528266,447125492.1750827
0.4825021439196422,390216137.6668011
0.298818368416982,705621550.1381719
-0.3515302133462842,698754262.3635755
0.3096489662269224,410136644.6970472
-0.0812166170191011,701897103.4943929
-0.16066146454154,564747358.8155292
0.1226112117577715,505549810.6754247
0.5194552638325081,418276338.2865944
0.5119934144599835,518841725.8822153
-0.4078783648800685,306549904.0353975
-0.4665206951082921,408141059.3999996
-0.4227388419724578,181260592.52019444
0.1948972541824853,813711771.4918866
-0.1349600852791037,544456230.0057188
-0.1955215096679356,522483905.7243066
-0.0865444341451915,711836689.4917138
0.8712752202473522,96852326.94558534
-0.3934988292752153,315593384.92620987
0.3983150745483017,596526293.0853418
-0.1347055708545571,920532259.9232188
-0.8180556009025135,239297344.0195201
-0.6093484468321523,559324605.0444645
0.4595514357802592,600555028.3746581
-1.0613296058841917,405790755.9999692
0.1854735428698043,382081956.06771785
-0.4083192758673553,290662930.64839953
0.201277647857457,555026691.6198242
-0.4148931795553219,987892619.8728776
0.7175630738080677,477600465.2872324
-0.835897508600748,326295862.0439774
0.3379673422932838,474421798.68250936
-1.7041423384133074,549846057.5405903
0.3019412328087665,530212236.0492896
-0.6449334144043567,561529123.0391161
-0.5522448316747063,326050302.3175105
0.1132512854109445,634753864.7423992
-0.4849718144820301,459031976.8985913
0.4427403126173193,419063575.1509757
0.924937944887322,313466997.2145148
0.2466879706105649,633043673.305655
0.0849634063299662,618839324.5135171
1.1076222047896325,190381883.5540136
0.0832987275124095,416766230.9220212
0.5240436623695559,493451024.77724016
1.2611994358728065,914082772.0115316
-0.1202473915794602,756307376.2516656
0.4297530894892634,135793971.12252784
-0.920851686978717,468201178.31289285
0.25268790986627,447021142.7604287
-0.3418326044675161,566212281.2709367
-0.0635037597344076,411037334.7932251
-0.1594253768358621,528972335.1673959
0.5140596941311836,504573221.8183737
-0.1581066911959723,635388417.3782649
0.3259198620429144,554833986.0467985
-0.8593561396934205,433907462.9727397
0.1408452899080123,435653923.3796773
0.3790470066293376,551649335.8967144
-0.6509191521821884,490587509.6830279
-0.2008452452903423,505869890.962636
0.8402638162844855,457131705.6388143
-0.8920410536908512,337168328.6565766
0.1872328892946946,612450425.7037464
0.5574431465334908,707871183.6740243
0.33884532072861,469729958.170866
-1.104855024347028,404903823.0809152
0.2878478628073337,422663692.6882829
-0.5690465648047199,673250160.9499931
-0.1876237840493453,539918824.0481678
-0.8234445218150214,591895490.9573002
-0.0966801075425371,641896267.9086863
-0.52185289182597,651410305.7555165
-0.051518862817532,501844830.3945969
-0.276687901259919,606263606.3971293
-0.261275828582915,560361293.8076351
-1.124250772749558,860270131.7002158
0.0531703039792238,428302593.93289465
-0.1774362007305493,313590929.9177349
-0.0038477980843664,430150782.0004203
-0.3869825489799145,411937056.4127664
0.7534660144798773,624469690.7744986
0.357986852055284,469630732.0691032
0.5543459356439266,545442159.7718999
-0.6528675468376178,597399789.7413234
1.2170253216684748,552900406.6151884
-0.6002753492462778,320488663.1911393
-1.2741344525825118,696737905.7640096
0.1620159453728797,385003243.3853885
-0.2553475393832408,597210080.2664093
1.7044174360483229,613349446.2968645
0.1789329950608352,309317764.43225604
-0.7117070842728657,426678232.6134455
0.3999271296493708,580042694.0051196
0.9122277347818232,730301075.4016021
0.0713710277832252,384766576.8296744
0.9140654905720076,565141298.953768
-0.149769625403016,747976686.2243226
-0.0070822834450462,720863326.0616335
-0.5665545718359027,319924765.3741905
-0.1640649846365756,422992442.6203823
0.3825181020708689,663783186.4425822
1.0764220551195671,608780482.9048066
-0.4681082358410391,382445072.7735582
0.071129155587521,720702924.4749154
0.3680577965640103,498648275.38491744
0.7686154425184617,493535053.37908113
-0.0107318727523675,279196430.42919713
-0.88898701648045,380517751.2587681
-0.2658573441961905,495747359.6422124
-0.8528953682989999,503973512.4400033
-0.9780526410001812,772401243.4298892
-0.2892038542291374,612189325.9260038
-0.584608570107693,647397499.1889992
-0.4855213471974998,435936101.29172266
-0.1362145703618491,407980002.6989204
1.1474099095317194,465577851.7354091
0.522031292090304,637795937.7524011
0.2278130975694997,431536267.1114068
-0.0494027577667346,506595228.0046724
0.722404210263744,535521516.0129684
0.6177749799016308,688563796.2147826
-1.3542039296847217,726701011.5332266
-0.5603682720633874,617765725.0158634
1.8757092210259736,180648916.02371788
-0.2077954097374837,517724422.8670164
1.7298828241995894,604825253.620872
0.1033983457772578,490344071.72294766
0.5571522365162052,353452097.22021043
0.0372089801064375,399104662.1945493
1.1075706936742709,85843299.49317372
-0.8473372282074012,408248206.1212759
-1.39693920985563,763329088.2740612
-0.5057450507162701,375645467.7978017
-0.6669068470113663,435357604.5067784
0.4585850629822918,823538786.462009
-0.0250759599954107,587198987.8189813
-0.8642138117827632,359132243.9834191
-0.1472056656850645,139165085.8477093
-0.0015385608272317,645645738.6872475
-0.5666262132129855,395719420.8017018
-0.0918073797707953,302887127.7827797
0.4816175018280919,504471307.98739344
-0.1878529664482567,310838303.741672
1.662880760007435,703689024.1325992
0.3810648682318521,396695866.1180409
1.1396611768589346,410968658.9923375
0.019206807933642,639275984.0413791
0.0517091591800369,22415713.8843844
-0.0714400914836965,862958383.8543313
-0.4412031714466577,307474048.7669256
0.2503298942098074,473211338.2856047
0.4950285613493242,473921382.2861139
0.0573460185131164,560685776.9764304
1.398399797860196,601506145.27306
0.2301167585127675,482549216.4632709
-0.424516656223019,327848218.9142865
0.3276386543746443,492385494.9453268
0.5157565424989222,426332337.20527744
0.3663557067503514,171479435.76159978
1.7162035456631686,353682412.4308
0.8013703971616989,345688046.2811162
0.27929612426818,473057161.1900605
0.6439348163516637,288649324.4950988
-0.080619412830146,505731028.8160376
-0.7072743426817807,253331435.0141936
-0.2522564382379654,672877466.6866121
0.4743013923321455,830129185.9170966
-0.0928056206083525,373793840.3822556
0.7011454504775146,555444391.1260647
0.900816499962754,365677862.2548466
0.0442114390260153,332972777.02331465
0.1582296406610854,597103284.7299592
-0.4094452200598766,473076669.9882746
0.0967529804580507,578248501.2886566
0.0127848323979614,685767569.2651491
-0.4633118663748538,329086706.6807147
-1.1570521228107424,584521129.0645734
0.6008864740923454,499579718.4584551
0.4259005460503002,383507157.7273037
0.0014482319155186,538119625.7444593
-0.7241672260340914,215968274.0837354
-0.2742622616230825,519315704.0389245
0.591961937992748,544629939.2178837
-0.2689478365677415,518780847.4322825
-0.4977730212919563,622496750.5417438
-0.8049052416298879,882410114.4484146
0.215302611682294,546098253.6268722
0.805944464485796,743383997.4035668
-0.2442931672112967,533852371.6201032
-0.0196184322264314,529553762.8215084
-1.315743290087715,441811414.0300962
0.6750559827720398,437614679.174278
-0.6637077319023561,745639318.6345963
-1.1098712117964835,492205731.1130577
-0.1727623095610362,571711604.9443523
0.8014116642597169,499096165.58474576
0.5018343207193351,448574181.8262817
0.4739428019581653,310795027.89415413
-0.317019748982821,302651791.891813
-0.9852617096918176,628598894.5390924
0.1378231114127674,481521555.7310964
0.2645392861969916,575419123.887442
-0.5041504860236302,710633072.1621253
1.0813022245588984,561918375.9082509
0.2215291199704259,385784298.3497528
0.2578382116615524,640378997.7240463
0.7122745541589915,520029185.8159788
1.3897005481790727,159271468.86193967
-0.299616630182512,478964101.38398
0.0682866554080077,662734201.4073101
0.154214449333928,503875284.8237285
-0.6517027823340005,524461056.4689813
-0.0466790700218766,520602595.92790097
-1.0743316153330502,682837715.9550984
-0.0826085348908975,732720800.9502387
-1.633926968203583,399410553.2180125
-0.158937262808211,472143348.5821886
0.024208243891862,527141038.4450095
0.3149280674105273,441774150.07197696
-1.265007590871446,500179055.4299263
0.4088982356810119,476510516.2320064
-0.0967682894803975,318871659.54794425
-0.2473075079614352,483044174.15889
-0.6671182644949406,594275745.8994299
1.016576387473886,448581224.978692
0.095837803149646,302331370.14162314
-0.1165154735485248,705824853.9832445
1.145801555139479,498385921.2550839
-0.9140254915329238,515566467.4248549
-1.4106916491132675,787044613.913021
0.7668225333954832,892439460.3675731
0.2952501326068747,741502853.3283525
-0.5081587710720921,377771211.022729
0.478165421387727,379045295.4737251
-0.6229939767334246,703882915.786983
0.2011378657434148,146027790.31348872
-0.472281789732488,447785829.2653472
0.7130021009839383,806336156.9517773
0.2997457902753614,472274266.84113824
-0.7242155900796671,491858124.4604022
-0.1211857993082123,337717056.2609426
-0.450595686319334,701038517.7147319
-1.2106035373195718,717648852.550011
0.313907794909072,266672933.9230048
0.3908661400019881,456769750.1263698
1.9985069219602456,841717089.9712073
-0.6053645998664662,491899545.86536616
0.2136197971049331,486628079.0089156
-0.6536911464324441,329996317.43616354
-0.2715505573263732,827510368.9016529
-0.5641543565819809,464351365.33592623
-0.211254734652877,532561472.6023059
-0.4167945239505795,818960197.5125442
0.2670636354782987,172820092.2060932
-0.4359478360313052,573890590.516492
-0.1258931125753961,548450344.4895338
-0.2465821684359765,545287633.2092208
-0.8435695489137744,532909389.4091616
0.2254155909426036,493740731.5622144
-0.2228287276224039,601865411.8122119
0.2849009984648172,443680391.7353068
0.1507332766955909,459370310.2310063
0.0098330216872324,539804613.834648
-0.867619698525272,677311843.3185534
-0.4333676763896944,602563761.971874
0.5986143483267393,506419459.95472974
-0.962427787612993,347390392.86994594
-0.6859385568866427,322989199.97092307
-0.2443275838542613,288710194.60528207
-0.0045995191117261,416175114.0845341
-0.0783875705642485,416729813.6705089
0.9538929870034912,183467016.8062956
-0.6667421417889415,431536704.6286723
0.1382307931554196,547253124.5020888
0.912082693756305,473932343.5959708
-0.5378291597857794,372536718.1441952
0.0310968090820509,718732746.6681663
0.2219201370446754,714419075.3243889
-0.7125154479417208,663952962.5794227
-1.24028087414431,474480550.4832613
-1.4376133783376115,560600082.0669006
0.3908445902933719,416953044.1999764
0.6546296048616248,392370840.1003556
0.1948113413616388,462523348.3741519
0.5303509377282822,470856050.0249441
-0.5208397923076215,491374264.8719705
1.0294363218721816,676358332.1052413
-0.2951090465858509,698836727.4480318
-0.1699546389587623,453053544.624678
1.395152214351641,187063140.1997756
-0.7420023308063047,544632448.3554616
0.2113569469077076,232783628.60527664
0.5247015400019273,709963739.8393369
0.7057819014646682,481104784.40895176
0.3389103640374542,544716748.3377327
-0.4869816161930688,546868143.3498598
0.3416595550791458,386241325.01474094
0.1292920571262787,553049013.817657
-0.492230858538051,550435784.886155
-0.2810602192776464,562456702.584419
0.2890370297217575,363408294.9596468
1.9177352560888083,948401164.8263963
0.0965042175135789,493994901.1557065
-0.7041750967353767,436321490.7125405
-0.1868002762830977,368925858.4666352
0.0021399513026109,400731768.72601575
-0.8336402590553085,701384608.3984213
0.461900169681203,691711102.8748343
0.9086019847299448,277552483.55477655
0.0385627529927892,339998506.9986464
0.8430943922184181,494412677.5441258
-0.5565051231212069,724388056.4951448
-0.0533866069026363,553398022.7705272
-0.4915770587495571,355391350.76860243
-0.2312504814059532,682454417.2981169
0.0317927281502498,572253878.2899411
0.7089730687949705,905943355.916524
-0.2986840560181736,430471484.3144986
1.5352503943206377,248883279.8246832
0.5300430125498695,352572658.94132227
-0.5765769913474896,653445361.297381
0.8008629753026373,477346003.1166565
0.1261723835434933,440377420.0729698
0.1664676585798944,528632471.8184821
1.2382533728258185,679882113.9944959
-1.0777898237042698,925752475.1309376
0.2208077555026851,510523983.9021463
1.627622112810497,599632557.1166568
-0.2555145923797661,302413160.87532234
0.9968068871366788,375235717.7804249
-0.0959668637318307,89599778.7714285
-0.6098091910172764,180301829.36915225
-0.2887690885522895,526916128.3348289
0.5689573839533468,510731302.9412247
0.4876284549826885,495334116.55558175
-0.1123454169879553,360224998.1913585
-0.0862186145709846,576397458.3279134
0.8000655132874998,533817191.46306247
-0.1947729870502693,595410235.7392733
0.8295311290548665,309031884.42414814
0.4082045976495988,285408160.92130333
0.1448228213433744,606696280.4535565
-0.0062742183566806,52261138.85074948
-0.0595623928476616,492457645.7508171
-1.0008107084558555,600752204.8804432
0.289839013434112,246438467.69572496
-0.1964466444735682,541111901.0667194
0.0708959536752201,381433585.0233289
-0.0629092021453678,311378059.3150865
0.942957780416243,384048451.3878512
-0.3569264139982824,597994424.5374998
0.6694189396514283,448534655.9473514
-0.9252684870648936,568882909.405931
0.1566233778885032,422418715.5236864
0.0864107355051935,490986678.0299527
-0.524139810239465,479115288.588724
0.274443961484658,224320948.7279211
-0.1236025672145743,698588429.5093209
0.747941755793949,579677609.8687778
-0.3279793487983264,723882560.845121
0.1874358049352732,370818194.7496567
0.085343238355889,306409121.4440591
-1.093786594739764,369815605.7818988
0.0646655105030042,197612912.76491255
0.1181664042020691,358975124.97511643
-0.6219377848467004,462593032.3849388
0.0236942862740212,503755927.5231517
0.2731318081709381,604887387.5219857
-0.2133477620658262,528285354.01235616
-0.7301046845231898,179001713.16262925
0.6290896935172949,461159571.37228507
0.3624128501399371,653046883.867782
0.3469636474509677,555937592.9228116
-0.2027630813226211,464333507.22515655
0.486055463074339,268704749.274182
0.6820903643106602,799204210.4533405
0.0478221145730548,384640743.5708856
-0.3142121040257534,516705025.3739098
-0.4680538265433921,347763724.8804068
-0.9845538141911808,458120442.8000105
0.7497104822917717,230805988.5174729
0.1519290648109014,314483575.98197246
-0.2870062688110227,413733212.697322
-1.082614393827793,547925226.6995444
0.6153414609598815,353790506.71249574
-0.5092753031120955,598284377.2680861
0.3894343358153988,601213627.2858758
-0.1221369752929291,345942729.8854948
-0.5896153701234108,643010529.4898888
0.9434698811394128,574822943.6591306
0.3430305844555598,490865654.9086455
-0.4945931846022347,482748820.9495056
-0.0595935505602003,488083835.80397767
0.3320708414735344,525040614.274233
-0.0042225832521679,556981201.4330953
-0.2796211736021349,386575089.54475707
-0.2594007143402823,624066000.4884266
0.8834062135618088,219414620.6443643
1.2741130989790572,339032605.43764377
-0.5615752099284431,629076162.3588368
-0.0382220007054833,529653401.634654
0.3915941680129595,356297741.1024987
0.1667183651023641,601376422.1144725
0.9518542524830422,490688716.9626258
-0.0184145255854944,354303564.72348964
-0.0618531675197433,710390454.3042011
0.5684636359735888,684583994.68543
-0.7193400861272067,450472516.3803046
0.6243698676840453,806588652.7095681
0.2378433284441723,390689987.68311614
0.3893858500969808,556641709.3605759
0.1594699273893292,427700334.1836447
0.6806379292054463,681312326.8057156
0.6996163364764958,498822720.8331059
0.8224434687675037,581252925.0604995
-0.3079031171640041,620333065.6284388
-0.6011290882325175,498866131.5336496
-0.2355863398778616,481304569.1071011
0.3349937312188283,502387573.1879571
-0.1830157388319407,422487376.52892846
0.8965845792435019,257217208.07122144
0.1049456858951375,285233117.067477
0.1987281682645225,455282804.16232616
1.8950895831482495,405083371.40605474
-1.9143762878272,921123908.5850276
0.3148763434234039,712544695.5150998
0.866016642159875,238312935.3084148
-0.3996699542367063,345785610.5399391
-0.2463632395669392,60776015.792987496
0.8996055340177089,569579919.1026655
0.2568025206622987,580165548.0670059
-0.0243831533755904,476237993.31375486
-1.4412794007260767,464632547.6657688
-0.2959496919339078,488686732.71975183
0.5974261823693486,418007872.7386704
0.0043192746354171,667008904.3286337
-0.7920028038785167,640346514.2789559
0.2344841371703468,432974486.1933597
-0.3073793610985691,472459864.1521118
-0.7445812423192175,224568108.15907252
-1.4042416348977251,582810472.645382
-0.1700198353833083,551919933.4282788
-0.6692407280011974,798670211.7676474
-0.5472344526905726,51348331.106092446
-0.8280816932388898,682991555.5582546
0.2964985087574981,564805212.1760522
-0.5398322404093108,747699862.083691
1.6152168060928618,797455407.2554637
0.2832747781289025,675231038.5025345
-0.1711683266215549,848087028.5877969
0.3842064622952868,535288162.9970463
0.3704514246582504,483664325.1019931
0.5738744562871883,356385941.5773612
-0.0629713213838306,513937760.58307
-0.1075875331589453,709611879.4261215
0.0412282924719408,405896211.0176808
-0.4358115665845006,429180562.54955024
1.670171968640601,466221701.34302366
-0.7564695426396465,544367515.6758912
0.1593440733279798,612664576.2459732
0.2055402612779415,541602360.3826711
0.0369307046327148,230564742.0612347
-0.2152788989003279,379300432.9795151
0.8031177476676112,632237598.9381756
0.2389018589876468,507334182.49633056
-0.4419623188689925,643830313.2452282
-0.4541970114734338,636908604.6704559
0.7156717669906187,635884188.2557085
0.2224776377875101,714152789.4965858
1.0608133264717583,618780916.7724636
-1.2708950474480392,273741301.7608095
1.058781820009195,519105166.4294227
0.9093896633969344,463267262.2838122
-0.8584009022001513,454118148.36226094
-0.3198902336706298,578945606.8262032
0.6313269521918021,203687678.28145337
0.7063871758003388,521867184.3848975
0.29213135603576,540438203.7002941
-0.2457812686870819,544529231.1609908
-0.2451177117655782,494752658.2461464
0.117474409934994,352163702.9045886
-0.4206223478929247,320610437.70381063
-0.3054167376169346,179149253.95793214
-0.1807474670846807,487102438.7118602
0.7182051136300301,374522828.1702663
-1.256684997445002,783838770.7888964
0.6431036834024481,414243048.9047225
-0.6692625136607413,478804708.7632691
-0.3514910271466557,692748827.3460377
-0.4894809921283174,441852018.7555444
-0.0311598664676695,573679784.3385731
0.4989494807074515,469208157.4490657
-0.2352739795471912,386793516.0297338
0.6210894298139564,532522178.4715952
-0.2250192513996142,305841683.2856449
-0.9912963403984568,579528575.5836699
0.6680151182743602,667186229.0620867
-0.3020382344523719,438894411.03923774
0.4294334977736491,436354404.5203208
-0.1036952315265389,500513981.7931876
-0.4043542391498664,347130548.4596297
0.4978462220301379,515508040.3787871
-0.3481644496513975,500770840.6380492
-0.1194844892750571,500603642.5500844
-0.1282429367211068,681099802.156547
-0.0294264039378113,636653255.2073059
0.275937257894035,678470974.3363858
-0.778062169511931,695985350.746772
-0.5493263417765901,339464740.0458167
1.1676322305686566,561079391.3657111
-0.785170747959416,625806701.5021952
0.6565467944807113,557209546.5086442
0.4951346564745184,712085672.323055
-0.3382868695230313,490059276.8066975
1.4087315751985718,610700051.4823029
-0.9672880788602288,518523300.7802308
-0.0205689260371987,602631782.5764906
0.5831209604810842,516634333.7051136
-0.49619796905856,341907483.33852226
-0.4850299169359437,568193075.1906229
-0.8940827349792541,587561143.2460531
-0.0990222065666379,515597106.329542
0.0280786661714476,397465394.6093542
-0.013106840557998,315099521.7647287
1.1626847080083258,503390517.154774
0.1296920451013444,414785923.2330844
-0.2296414999195573,860487874.2224659
0.4828755657982591,375700256.3838908
-0.1652604377656066,446859998.0776227
-0.9697586732648552,384163040.5850039
-0.8362677962848901,470949484.5197624
-0.9274135931700348,559864435.2381032
-0.203431438111025,473915442.6746476
-0.116755684478027,690024674.75654
0.3838848905744477,637930674.440534
0.2807141250058524,318577027.4516878
0.9115738795017744,586477845.579383
0.4850146109246227,311447823.6576531
-0.3258564074914717,505142144.0036533
-0.541855796802503,358546548.7190418
-1.6165244388572155,138952486.40541914
-0.1456590305372332,810941773.3945493
-0.7968826176680388,616960360.7779129
0.2869777719855721,677867551.0563647
-0.8708213510108257,663488892.0220429
-1.8058585362443544,447306248.95665336
-0.745181538067287,567800077.8645229
0.524799650309709,314539507.37835413
-0.6869972834926354,548377051.3533491
-0.0164231778874814,287245629.50797886
-0.1346028995052837,483297497.7785318
0.8307140953926586,631863383.1785342
0.2782415752437319,656061558.733004
-1.038525206433715,821654042.2119416
0.3772644956236877,252925555.333452
-0.3508084300319584,552759341.6050227
0.1484379740654147,480610908.7395107
-0.2499932304081031,890731902.4571844
-0.4837819028614068,335330557.1693
-0.2690029960363559,468177374.2630611
0.6713471583176451,67328358.53536218
0.3593684735185895,377725982.6057648
0.2937214036999572,475116134.9376348
0.174859080771244,700271547.6127772
-1.0235639830732723,565496126.9155993
-0.0150683625498013,406687092.3259173
0.2429577164308516,753812879.3851372
-0.5696773594254131,590255427.7601286
0.8030110187017497,419861217.2649196
-0.7950444670527199,510597989.8820435
-0.4763252070534345,554343151.4469013
-0.4171791000957611,388479194.892701
0.4855834054444225,496559342.1051542
1.0598352303273424,685589163.3971212
-0.2427521198832873,431852472.9584792
0.1709102544657645,655615038.2790002
0.8579273583426574,252952420.3765936
-0.4659089302351047,424758394.6499373
-0.6670144282410755,415788560.9850752
-0.5607236479532087,363187171.8767328
0.4927623446335784,502228264.5924645
-0.366182863773165,482389359.8430367
-0.4454273897241789,557308993.6672492
-0.3182702029878654,307948454.9716051
-0.1595000607899508,730917982.9307654
-0.980579487669108,538620975.3633856
0.5493837417344951,642997439.525095
0.2408082152939159,61957248.6045057
0.1658409597603474,469795911.6943172
-0.1687468570423655,303950705.9119941
0.9211283261617697,377231837.1597703
0.5752144213934514,562784091.9189085
0.8687131493339655,303718545.2180835
0.3152541704482796,522057826.8819954
0.453342198351147,575534408.6226518
0.5318137525367577,313326693.08777046
-0.7410568026078427,327585691.70138687
-0.9523291459673316,456990912.3218848
0.5020058914833609,695914891.5573121
-0.0275155184997514,471266399.84852153
0.3540018563117619,394912639.7153835
-0.0871078117033688,562971975.7286009
1.8487408918312769,336835499.3124154
0.2023176403692645,488524606.0245823
-0.395668325831809,497571963.2747886
0.8332574090586794,592055796.2640558
-0.4419615233345574,350467802.3261967
-0.5430215813831752,786098178.5825905
-0.2280096794923363,228906356.2060237
-0.2163034384124089,364753401.991889
-0.1079112501211667,669762743.8380286
-0.3133778520014837,520142118.4641826
0.253145615746179,603672131.5627682
0.0299896008151899,330836026.92930883
-0.1562315366881801,381554345.1646668
-0.2689903892620391,544497470.2748561
-1.5548270346692188,468946868.58551633
-1.2054944521098985,538678708.6821429
-0.8366437534548054,194070337.42047063
-0.3044546913135881,426986360.8632458
0.6432852555864201,595733022.2975525
0.6233756417107782,670275895.3533807
0.6825786552888206,250850360.0962862
0.5312381631919018,505602290.7273793
0.5510231563097447,555068489.7811712
0.9138161518087884,701963235.9248717
-0.5159540660980774,789614084.1180053
-0.7602666423502835,205443736.1577492
0.739979269502044,471418887.1157689
1.0930950857074162,82895880.26661643
0.0514285577154239,425444711.684154
0.4724115566096766,534907538.66945326
0.110032014462476,542012129.3854839
0.7326372965114323,691733720.54744
-0.787635882772343,433091037.3377347
-0.1402132305842853,495296817.1896601
-0.0600246668790483,120707767.89226228
-0.155699411775717,233820891.2577921
0.7215120425808961,430185086.2389451
-0.1512718859956992,586388758.7801071
1.1724397136805935,651896932.0644517
0.8063917944076515,611427523.8588095
0.423504661698475,522594450.0761512
0.4815811698254937,583440189.4886616
-0.5006564239499943,481788168.3371831
-0.0472039720388768,527773074.31248975
-0.680319496249912,363874060.48489946
0.686161436285159,449040894.5443592
1.1605879642029453,559293405.3263792
0.8985488154939507,269048108.6606028
0.1236583531680121,694110519.0643598
-1.7943536571042211,907186622.5504688
-0.4503065724209846,638576273.3644034
-0.161454577441349,240443909.9592425
0.9912440259669266,543697184.8155451
-0.2796989026527177,321187935.52200645
-0.5443000029322693,375611432.040956
-0.1621735041844609,669382441.084522
0.1278279685492666,508871423.1091265
0.7730589727185424,553732081.8118696
0.1213313161990445,562999303.6205522
-0.2618595019836762,465261205.58054817
-0.963562938140658,58330710.03548873
-0.3584739585330456,750819090.3669052
0.0842719840237455,553050354.350036
-0.591742081745579,490908679.3026061
0.8105029931503375,324737891.5244722
0.1057013480483929,590203287.8048012
-0.2794422273882492,450657902.7065998
-0.3146823987069346,582867115.1073459
-0.0141722523787119,476255718.01122105
-0.6804430102912222,624050177.1774919
-0.7964118398604381,497573534.67826295
0.0912752259370675,278160627.3897032
0.5947998643600192,542312543.573145
-1.1229240436059704,234648202.1222347
1.2756697913508217,256663660.84718195
0.2269621310009522,94361160.02311043
-0.2486664775032823,178776394.46762323
-0.1209486503892366,286055088.4330159
0.2398425455917337,454919274.5004081
-0.4107072511127047,507590490.6701428
0.9246572257488352,575272742.1960841
0.2519248667215693,515752168.5916595
-0.6064025710316446,701875253.2462237
-0.2414122159623903,572722627.2275246
-0.8000191912996355,447462802.3177506
0.2713726010117741,171487234.3982536
-0.5668412263757707,387156965.0789857
-0.2219735310010133,280234320.36100227
-0.5711266266897921,680801819.0517979
1.1273073660274548,415428527.5263031
0.1118002749792749,229750721.2793355
-1.438291553384079,548845999.4663728
-0.6616259759750726,686067124.75716
-0.6287684342897562,532060407.0148928
-0.3270177672056706,231566218.7509771
0.7293187336735691,682493001.0748775
-0.2634198579364571,485930547.1772526
0.5418075273715796,380660006.37478673
-0.3085718565359007,506193761.5454184
0.0124358591236738,444567726.3035344
-0.9181686265182644,535290689.91726285
-1.9500695369095071,217138992.66964263
0.2273043295057381,560622318.6073269
-0.4115697687719732,562354643.9312531
0.3788834896464581,420244249.744659
0.6625949705785916,649007307.645202
-0.367113354689446,241130083.69941917
0.0168822246308553,616433115.4714539
0.3293334721628694,557942830.2551818
-0.2071994496247239,587110680.9310882
0.0211183868176713,447630367.2831265
-1.3877685929063923,649073304.0504147
-0.0232003463550349,480365922.51823217
0.3013798405051195,206210510.4216312
-0.4480397059799335,553386019.8201214
0.6370616270035843,359607353.80149955
0.7726768414537545,665847561.753719
-0.0403452434223152,258510779.5611189
1.206300628859717,452858716.1036522
0.4687827918330208,510222407.7278253
0.4146991256083792,528628141.3601191
-1.1636699207185126,518184704.94191134
-0.4831067761044173,450627697.4092576
-0.5886576980210231,518371171.98478097
0.7734182710214589,366589954.5798421
0.951440442460223,782593732.7456958
0.91284917305321,236598306.04793796
-1.187916554948163,534035346.9014141
-0.6934773519028089,402588961.4096408
-0.4929252691768379,304876891.28718054
-0.7707682420147793,493025848.51844513
-0.7885696269813817,565180618.7134862
0.5387352311580047,543148223.396788
0.2770988787448964,400249635.164221
0.6337281441590743,313167065.1211804
0.3348213961324223,592567450.9655459
-0.0361764887824866,363528792.4779776
0.452995766375162,404634915.0389252
-0.4673003437248568,373466348.7696343
-0.4629752694648313,405508004.2437657
-0.8930956562285759,569908630.9215546
-0.2271656214715674,558488867.7093296
0.586026866821026,587250049.4869677
1.0132145591937036,398028144.0211641
-0.0615423858171104,648213248.0826589
-0.1871660073612434,863768739.0857722
-0.0999088781975353,481245739.1990632
0.4644388885487823,436949381.5220068
-1.1940274323371949,511522632.5096132
0.2888784811268851,400441362.0586744
0.009765477717546,468872423.4260874
0.057958540217665,504924432.2150867
-0.6980708046601019,510772439.8268448
0.2363491201622647,175515383.56022784
0.5895020856994247,650870510.305987
-0.3499062141993074,666016665.906424
-0.2724174701985208,781679942.6804867
-0.5569077924135245,504694418.83731216
-1.2569695528865945,470811798.8877157
0.7984624695710414,972282151.2614332
1.0238264402084465,269433561.20086664
0.4566883848237864,58600511.05045782
-0.2794522937194603,676791554.5577004
0.9271977604516916,335543845.1058642
1.201560734522426,633526367.1021086
0.1339921566240106,879945379.2792884
0.2801781423235362,553512117.7543697
-0.706414496474831,632368475.1453061
-0.334526188514593,692057462.7939246
0.4439770662677962,494391478.8485102
0.6053913876050221,790421272.4805518
-0.3085315089806146,471006061.3003383
1.2786762992370022,529708743.58146095
0.6542885042061711,225103850.27452043
-0.0812726503759698,317373851.6009588
0.1974582835278382,512578545.9849222
-1.1045646115986916,722939848.058558
0.7496758538003423,786412750.6902964
-1.2819031688097926,564959623.8237677
0.3967826192427983,758326357.1182041
0.1188791730388407,564568279.4260273
0.122428920644038,631966709.3386459
-0.6170868457850753,395611145.7772093
-0.819920740514687,534221595.6776921
0.6378844577765118,821750821.2543652
-0.380365861697852,526559568.53333473
0.1919150119577784,420434643.46236014
0.7411959182236688,430946381.5423045
1.1719304761032858,662098218.038938
0.3200164462844723,137151682.6926309
-0.1914842713782963,449902149.91495067
1.105260989472291,530358220.8556801
0.4615054890507982,695379605.6539924
0.7387938883331449,675126780.1380783
0.4817681201633721,493786786.3926556
-0.4156484383914659,609175808.2071985
0.0310554641335658,513576185.53212994
0.2410756823575685,599315338.7971544
0.3117228714970865,595997551.2797604
-0.6607925026569735,369560695.58761424
0.0961774445321799,464182296.9128432
-1.003963633517356,505928573.0788178
0.8693417472215107,792544982.0858842
0.3744399613974195,461858240.7384807
0.3192022101244371,830482063.3172811
0.0523772985040682,439778052.781012
0.4855122590456837,329002289.67915887
-0.2241520190538209,355790753.1326716
-0.145366567066813,440072218.9773499
0.3256707475092842,356310712.973091
0.3401789628523375,387271524.9169776
0.2396024864920762,324197957.0122755
0.0914784380829267,414107947.15519446
0.1788063570938709,378341545.7820212
0.2098152061950878,362894797.31476337
-0.1812269998611005,464575013.8764648
0.0514623354083996,591133835.3596344
0.1294828421268579,778991124.0906322
0.3925824964100081,396432802.04602027
-0.4463377763218528,80505754.41240206
-0.9888095894477852,624573489.4890959
-0.0903141275047807,427168961.12901217
-0.7322769282772925,628538578.3023635
0.5358105649852533,503730988.75376767
1.179761213332412,282371475.6180685
-0.927178064781034,277030296.870912
-0.9766600748602694,295391808.28674805
0.5643085211808702,290829246.91937715
0.5366507509715015,393839345.4306353
0.1324868999110413,416780067.2351732
0.5483491787170509,540918643.614275
0.7364068406294397,558085429.1427835
0.3364272898660969,498816828.7494401
-0.9943416092194296,511305328.6728284
-0.4252445981208919,637866528.0295447
0.7900759689428989,810947268.1626812
0.0484925559378311,489807017.2865616
-0.4342711272730867,292483591.52450734
0.4912241920453056,373815631.1835218
-0.6223006721540203,651146630.1957037
1.5395176999155504,485271534.3786085
0.2342021125296977,666695179.9343716
-0.6133058547933085,699526467.5391852
0.0500817505741605,743614938.3801475
0.6041154513644582,662266873.2412872
0.3600682432597366,378106797.0759893
0.2143624795675691,694909649.3944789
0.7026144404065707,402147567.41492766
-0.0016135787942758,168629750.9134452
0.4752917722651911,630403770.8679003
1.1849246724366356,100897532.71665648
0.4733112188656319,789831964.4509125
0.085212916347668,521553370.6665385
0.1923068935126027,691713280.3458283
0.1171630526075123,365928446.5948041
0.4727878176544557,703828349.0096432
0.2988823197576027,418740230.8623126
-0.8768516934874833,515508088.9265261
-0.1281735352067865,521339161.770153
0.5622888261496786,102682313.351498
-1.5003823575453437,889733301.3568847
0.4939553194920158,656147592.7211119
0.0336996364701593,370314827.6946538
-0.1992859579173418,713814328.3905132
0.6221185336773765,606970647.6731572
-0.6067922093360467,555612843.3662839
-0.0980097864433582,386065094.4539649
-0.4917302125167984,745524800.5276792
-0.0818402500027419,521675956.5707814
-1.230762435564365,584739917.8190947
-0.2983345592638882,179958934.39553782
-0.6569853521857767,257979180.0220244
-0.5111224687102006,374726190.7600508
0.5958139918538485,432145382.2948724
1.0574393899556975,679380158.5490915
-0.3717405963773592,528845472.06116897
-0.3090207075149225,544341325.8886459
-0.6268167249012122,501203868.8006496
1.8204643498106348,568128049.5943463
-0.044678085770099,541796127.0520959
1.3620176258890255,487349577.0855245
-0.8614570061277096,632855565.9291414
-0.3325303546479371,473368306.3695864
0.9387357599695412,504022704.73585033
0.3583569692421341,487741371.6003203
-0.5439923117853929,515934023.5876485
1.1743412913230675,403854031.1811586
0.1343717248802107,732002387.1578836
-0.897646597283428,496732690.1003437
-0.766257469766396,606481848.2097932
-0.6449860556321275,586231707.5464951
-1.4372069101374043,72449036.14727281
0.8406794358879363,613763769.1457971
0.2363001376362025,413555436.8507994
0.0737276610780569,755402672.2451172
0.237575440739793,401648763.9426332
0.7147464040927569,549877691.9519659
0.1400188189889313,366735099.1612545
-0.4999794861748223,402446153.8210794
-0.3180845752160016,470490042.17116046
-0.7807120390948901,656015460.548667
-0.0527103586117356,359050775.0870775
0.7376409212893373,545682806.7302793
0.6793419709676569,998357249.9232968
-0.3466002830437612,569136414.1968455
1.0472023730563085,383506063.0194827
0.8922511205573637,456608857.31402856
0.2947067318149465,407353900.9357816
0.512754839473729,360649974.6096085
-0.065936936907337,442700546.0612201
0.334751817836405,513998314.8265503
-0.1010914112426487,483390709.24065226
-1.7654763386711037,597474730.08044
-0.4293961701746441,465020812.9059967
-0.14837804963106,600659999.5306646
0.5588239610773017,552365315.7073184
0.4232146767093627,572544314.3488746
0.8345821798648918,90608351.37085702
-0.0660463657241641,698734862.213045
0.6082235454925188,585897117.6917093
0.2275590128087168,603757586.6755527
-0.0059641451024487,654194518.9573333
-0.0454004354149263,548108965.7177536
-0.3455036498659451,667008629.1042484
-1.9523582579200816,248793306.768154
0.1899115433221279,449186653.5059961
1.9815094352844875,153388474.4509018
-0.219403670082686,350525930.9675878
1.2324678681342545,446955520.8048506
0.9095479830697526,532604790.6127614
1.078556481937095,263320248.6883157
-0.4847980927504798,624890812.3894709
0.2177228368566455,502360777.1381941
-0.2268451914549204,432802053.6569573
-0.7175056031542497,267627968.50440136
0.6460075343686332,902633347.8928638
-0.3856492682514323,400862164.9952389
0.2807868901646846,377531532.52583
0.1500825567893994,649580229.4469935
0.0889988674549063,504624143.702112
1.3541581900990014,353128607.9339512
-0.3371606884979647,398948267.3897244
0.1746501419964569,603228021.7719008
0.5454436703150127,489903488.5586664
0.5113677930691384,547090356.4320362
-0.3370457624217216,625975261.3583974
-0.4917239590387738,496560889.3290135
0.0776708982038458,441034421.66425925
0.5315342471575722,438709906.28077096
-0.1687308738051396,624368715.8742054
0.9807040705051624,343903162.1225271
-0.3200549465488031,559821982.6034033
-0.1269650990711765,575506530.034758
0.6252357507991679,574284434.0576358
0.9467390974430808,592682140.6540589
1.0788397734104012,459506953.574649
1.336954520879566,609809221.387143
-0.2983637535764469,445378103.23881495
0.3500826244524004,414269983.8934741
-0.1306872935835976,580948758.6466863
0.6788354958350421,505631862.5632164
-1.908314375861036,308294643.4862416
0.7262894970119824,427771061.55482
0.4198029912772177,602411095.8814431
0.0424127594162646,658081306.5818669
0.8379369237850056,509369928.23346615
-0.2661952285026274,411008278.1653145
-0.3126637952988763,513612147.6482747
0.5137720142655252,816590980.7531341
-0.0590182303683399,509813564.0483332
0.2649643636046662,287922153.914565
0.694142002744585,500223159.9975182
0.0909378270955561,451128091.1279257
0.2356974599821364,363845529.53113633
-0.5525590371976662,460760372.6345431
0.0370521941881366,492177286.08697176
0.159590202533411,441731489.4498118
1.0551515133025338,210953538.60332116
-0.8542218086235912,453639721.2005671
0.063230875093014,561316589.2356482
0.3704831946521438,500122704.0527721
0.0756636633183093,740194161.9357299
-0.8855355239152661,671508237.7123674
0.0223689117117056,463440660.3633652
-0.3544017021103925,323348792.392457
-0.6335492912177018,233050475.739049
-0.2991344734245565,667226240.1669478
-0.2411964029698276,387724698.6298368
-0.3012780078296926,597270445.387242
-0.3820982620372125,400026601.6318002
0.2630288267200185,389477396.20111954
-0.8004278892543738,512095329.4915126
0.0739268559262915,644786604.7470899
1.082978947782813,100824295.9056524
0.7346900950641267,567228162.52345
0.4465006136053184,578371609.6879413
0.537905147095146,370789330.7462772
-0.6305890052976468,622614321.397354
1.3057740913056828,772134819.5547196
0.2552569372477878,557032686.1104093
-1.351218759720168,452639963.4268079
0.970518572210715,211739617.76224044
0.162637399013197,578826366.0775263
-1.419912676355775,145114659.87721786
-0.7763776659196004,233848414.34318328
-0.8539468447071925,805343835.9663899
-0.6583249494358545,522788890.11067146
0.4769067399810814,376787194.0025772
-0.3638440486989283,436382711.8217498
-0.1094057194068446,526075073.7160613
-0.1912533312399833,788798266.4764904
0.0471683413076859,633239586.1035815
0.4146770055618776,460709984.1987576
0.3932117913325532,669867655.1445602
-0.3920259009082174,435971409.12667614
-1.071209647503008,498847913.4586201
-1.078125987374264,431100005.9485334
0.0073278286725935,619202110.3086396
-0.1551415258971019,232701588.2485951
-0.5055825463929429,60596971.82210686
-0.5235753425510293,572477955.2853824
1.0647909102326865,551229973.4731951
-0.4459510196744767,351524355.9569519
-0.8649043023072179,363686054.7019421
-0.3513109063928181,519924136.4362468
-0.2152287712779228,235173976.0648783
0.4952697738118706,329005528.7481924
1.2644218004407737,498079993.1044159
-0.7356783686869317,532395256.0176168
-0.0972046113919709,341518790.8055658
-0.3409628009444843,735575189.06036
-0.4029684042673186,436526152.9997244
0.8041207698369058,408473794.19333774
0.0219832468325416,571203595.7968985
0.8604511614201462,739199864.4686388
0.219779665400257,664391930.3861388
0.1663652323548565,363916752.0697449
0.1883320831789557,528658465.0765973
0.2792935177346274,387230827.4106135
0.0516011475705501,364729145.0963626
-0.5199530560826939,636719076.0405276
-0.814921960926843,7558528.155410597
0.8249721087043117,525666341.5956047
-0.4447352502292985,502766484.2586034
0.3750680016196445,528363500.508403
0.6750217301489683,371331137.6049248
-0.015089607671208,484118348.49924105
-0.122640273878872,520215165.5466652
-1.1318995983689986,747497207.4612384
-0.3497423049481548,422986654.1696792
-1.3242120661092696,677989279.4268624
-0.7981394134470783,479297945.5988901
0.2222925176753787,540025404.5321356
-0.679901944345229,666705469.1332452
0.043622226301726,341217699.9036604
0.4774946418877486,312851316.830178
-1.4310379041046677,613708132.8479486
0.965558049130595,448519549.6199874
0.5261343436646031,392558391.3596228
-0.4816554922381993,475514295.6582606
-0.1392086054625618,565549182.2425648
0.0303352642359886,595895713.54455
-0.6631777283139235,311688154.76671
-0.7984293922833487,653852577.1882089
-0.1364437872207757,714785987.917788
0.2808856944934029,444871055.29378986
-0.0393772739799245,336074395.70153874
-0.2790166359522453,501428901.62548834
-1.4973566324786938,506723902.3788887
-0.1028460005323212,508171213.7320564
0.0161798720284113,618144590.9378784
-0.3365008718625611,577546220.9767163
0.1762968707273247,299681585.75201875
-0.5417915004141524,490653810.1286557
-0.0156322184956514,415211413.9305266
-0.7817888375960373,729881695.2093182
-0.2662916111966171,567481399.404359
-0.1164197302419382,242751419.86941645
-0.4170749728779455,537917830.7089705
-0.0874575214465389,434050522.6244514
-0.3945906802249317,623102554.995665
-0.2187423588256581,191181921.2994513
-0.3916510293984717,647318834.2499801
-0.6530773878619472,485340080.9398305
0.6786086859413972,603834013.0493819
0.1862089846437488,546556610.179044
-0.0459782902535119,245719075.6130676
0.3005440307005148,468628293.3808734
0.8572392035635945,313926281.1956147
-0.8413724834389028,613999918.1788262
-0.0378668838087475,422337239.6081653
-0.1397031448568326,587484562.6861559
0.4106186130828484,463520117.3422546
0.1406431795835069,806167495.8302296
-0.4100299684849304,676486588.9729804
-0.1500269568899678,497001154.8114543
-0.0579397795974002,594532504.3539163
0.1894221752579158,358993192.84900486
-0.4949162268624738,585984405.634984
0.6980525965710815,385288588.6213906
0.7857414329981317,385703202.5888242
0.7754956008794258,667409327.0196142
-0.1217868539374956,623034720.4489022
1.058880943693642,370202090.1961068
-0.0158723900029822,348424271.37227225
0.1868519280815233,274944430.31937945
0.0350879987949718,543091162.7129587
0.2112487788535862,515770117.2668806
-0.5547657937099358,511536260.4995891
0.582363950012923,430078024.2420954
-0.1299446979239602,515859769.0508456
-0.1454661095644952,522637410.851804
-0.0663093065122649,327535190.60770625
-0.1097481691245822,473997500.8446014
0.0667171712300572,318559533.134949
-0.6999572749931158,593956328.184426
0.7869152149811401,610334087.6659218
-0.2390881515543279,436860695.8586497
-0.0806816386321054,537271470.1847023
0.6358544061077,576512860.9438198
0.5433271993948676,351177458.6482788
-0.3787355285066381,610192691.9556285
1.2762421340057863,569569011.8376329
0.2708094905715916,588564145.1703829
-0.1098869218037058,236564762.84417653
-1.850495227294548,577569684.8644798
0.1321217547413414,482221913.8682955
0.2576020797265777,373192472.4154738
0.2626371450650119,812449295.4578683
0.1729145948588422,478065828.0936925
-0.6787526106644824,740833350.6608399
-1.2654420636126276,387593518.9321809
-0.8241985284940148,387361890.7290208
-0.5568240100848078,263935132.8629931
0.9496347130092976,340997534.6453717
-0.3453297755483304,521933416.2828272
-0.959859346638645,777138099.2012877
-0.2813221027531441,685482351.0146865
0.4813820185738254,605912608.811886
-0.0505516285727989,326924688.844292
1.288876913031466,880940864.385168
0.2459168184260397,479706973.5967395
0.0779576605929089,498250320.615744
-0.7274793652528823,573381409.1463034
-0.4141974603496994,396087993.808304
-0.3275708170999225,820843938.1539901
-0.2630209454418541,46288227.48665824
-0.0435564295717315,649731461.8706155
0.6300223371968904,353447815.91793567
0.075982258852283,609851380.3429253
-0.980637697968001,406364329.75321686
-0.4376533254175929,695974518.2013829
-0.021979452779971,540437241.1226901
0.3190218211846877,519939061.9546415
-0.1304410680013471,575048252.6206625
1.5893056708638964,875215916.5207253
-0.3439963744244719,437233884.74222034
-0.0392108729909133,493017702.3730513
-0.1390815947699004,629055259.3755242
0.3820036023416524,592354939.0200791
-1.948396238212006,417867072.382539
-0.2311837884270984,313947414.2625859
-0.2416214873710398,724731375.4265056
0.6891280159166682,282906425.30782664
1.412009456654483,341027178.73849046
-1.037370184422682,624563206.9114548
-0.5483010470032785,570503959.4939805
-0.2980108416070267,782564598.642836
0.5230081866375976,331568445.7649374
-0.5763358274004942,395095656.6054565
0.8242183529947952,392131385.2778201
0.6923396988525412,719817624.0057898
-0.2790165861183009,617837652.2618614
-0.725371164463135,615602053.8658097
0.8516700664637974,661319955.0887259
-1.359145221287631,433557255.83151424
-0.2127267795690044,556745273.8174359
0.344169570291616,406412897.2255583
-0.0174490932615583,615390533.5603794
-0.218945523081524,322516808.3081979
-0.2380943113932661,609691026.9884472
-0.6498315962257195,405087796.8376972
-0.4100006685340496,606324862.8598859
-0.0109183238180885,592071464.9200668
1.0003024547708474,291208553.9912968
-0.3803380404539547,413997606.4028888
0.0394547155058476,603557728.235412
-0.855815066465146,885659974.3047063
0.6246495078816221,721313321.1593508
1.0437969955459656,615502840.9013834
1.052476312105005,452094893.018245
-0.4386858917299178,686793959.8392482
0.1068423693885172,253640132.753064
0.0576658874881061,433983615.7680131
-0.3028427488556092,461235742.4901403
0.5294689028863169,616488964.6020886
0.9097049687724073,314426088.46936566
0.0640734353804856,322282753.37428474
-0.8509956878186196,355472777.6687704
0.4003225273344895,619054988.467981
-0.504813146941878,573603741.3169005
-0.2234218374605567,428986383.9166728
-0.0104281034039547,439141152.52546376
0.7647806061377822,659038410.4910753
0.0795950191703448,449270279.3864548
-1.521246155799768,649048063.3341285
0.2399395787995723,340698613.6141244
1.0173061973830235,312407801.9555041
-0.2815300281058548,611446973.9750155
-1.147106879319634,342762702.7811993
0.4208612574974111,312724644.952443
0.7325353413545671,409320640.3900445
-0.2496617339223514,187255533.0155909
-0.0938288476332589,656369143.5432087
-0.403876994372832,326825753.46779674
0.4919749532612206,322191087.55947816
0.4674253290494769,635272262.4059539
1.781810406365437,142902511.78572685
-1.3372532854982473,789336368.4512178
-1.384145284607378,491370833.8008692
-0.5514701605181882,578194711.57843
0.0919735361007385,560064030.2789819
-1.3893852482504985,237010883.0895501
1.977891355224365,287678210.47919595
0.0579817470349428,354743915.385328
0.0398535461530279,505989253.79552287
0.5792208833213831,327305062.7638912
-0.9336389041402556,482180005.7875578
-0.4260827390528118,762128721.4800776
0.1390104402006762,583320459.7065415
0.3977794746363757,183532768.47986063
0.0500884533068735,561241907.1223345
-0.5000300289242444,291650043.76644534
0.161654125830032,625629072.7162659
-0.4520351736728544,582690437.8279732
0.3732658005964026,614452097.3376949
0.1819446791407999,390318059.1149899
1.8670470760390856,228076808.8132632
0.7207669004897745,488738629.424488
0.9887642119085096,365797381.6235336
0.251771144017793,94580704.0469132
0.9118556108544342,421920357.9864762
0.9788722842024264,441066315.6803558
-0.5972142927406725,552074837.9736456
-0.2884839280998275,539542841.9353578
0.5443472724657584,468683138.2026575
0.218622213023096,531352755.4665577
1.1236431452998867,584601559.5168456
1.3179681824022382,587894937.9000133
0.6066013552939955,431780551.6025722
-1.1687365240887813,511721796.61476254
0.0456233285576905,775348558.3193932
0.4375418667894577,700324727.4050465
-0.0418709614168949,516341638.2650144
1.0355662232169107,692119832.0727737
0.0654716163298235,551858191.7675589
-0.0010700864495836,576379255.4944621
-0.6568371904662695,517295393.85137457
-0.678804371913766,261552617.46777695
-0.3718529379951108,640805511.7748946
-0.0667647768715129,434652931.6872279
-0.191950286935719,387465778.9804813
0.3679257710441986,464123198.2723627
-0.4053380300839433,310798254.79680884
-0.066839638355055,496303415.8247654
-0.0404394309079521,657695671.8377143
0.0152052301156356,681931486.711763
0.3683281037701941,455439352.44115525
-0.791599336751653,357675910.29487216
-0.0531504654944316,460453043.5426639
-0.5812595068807916,718193560.7164075
-0.0905456308044364,447284402.0289236
0.7097332770732977,599770816.7645621
-0.5162914373067109,421598371.086308
0.9336649049789902,320891533.8475451
-0.6922710804834691,667058804.859185
-1.0947118262281743,576116215.3494823
1.0288150251896448,616490806.6834893
-1.721440908318269,924805170.1797372
-0.227917733132256,597197306.566585
-0.11420033767004,545438685.1536759
0.2958497663248294,481835206.9941156
-0.4645024873567764,559671742.9366851
-0.0875162741049211,212248488.7441008
0.0318925256196994,537521660.4500632
-0.0046567628738296,213755359.4429037
0.2317840560378418,700067758.0434031
-0.4266895590252733,340695097.57597005
-1.3630276785943027,899794617.8424567
0.717700146431952,421773948.3265428
0.8020552993182366,547280062.9419236
0.4127605428255748,649086307.3738542
-0.8609980383568628,897668710.9946383
-0.7215940441897675,253448018.920248
0.9944149639685844,573996157.5432743
0.7877993635097791,133845339.36690935
0.3754720430553371,349177908.1003061
-0.6985883160114101,439408168.78352034
1.4125045715289093,660685462.2653272
-0.412450469731317,653743771.4916081
0.1303857527852881,685926692.4344074
0.2035576120420603,474188011.4487912
0.2935142785294253,446900499.1217419
0.3099624913841387,413463311.22767377
0.5486210305182917,353904631.59419334
0.5167525220930802,381193354.72379225
0.2849454451557057,441822303.7731134
0.0084252544590725,712603685.0329285
0.352132633904886,424633282.4058108
-0.0387951809117668,382399129.9908742
0.2600432965914614,254953344.53702763
1.143230098145037,543185426.1121708
-0.3459565410234617,563758512.4112309
-1.2156933388498443,330531166.792754
0.2198696682808421,253184959.14193135
-0.2498851915751592,911982092.528352
1.3034952316294726,159586467.9073639
-0.3895409480396492,507701149.3006411
1.004576427381155,502906426.63268185
-0.4345097493223939,291453358.6059502
0.8057959253676078,633527303.1559657
-0.6016718046683437,410927229.67269593
0.3966704906736381,531311423.29341614
-0.4513593645144299,223017866.6866108
0.3944941559691532,448013357.9971104
-0.1458670294244737,378737514.2506299
0.3758831049384301,698437506.2986524
-0.6975033377507538,358037553.9547412
-1.5654210817387404,991236686.3909172
0.3063800501133839,648423721.4448148
-0.405344328750115,371446666.5909641
0.0821631231187551,680205262.7910414
-0.6859086751509764,690905245.6239605
-0.8316751335970209,652109759.0846155
0.262907144739589,328410206.3359918
0.6406474518968515,492251264.0486555
0.6151888155998395,673861504.9411156
-0.3978860937959917,575051062.897576
-0.5323556382490939,696907104.4986842
-0.1405211627795107,616581362.2412053
-0.1536777056398647,615733425.9766146
-0.0617983264246731,306152505.5849288
-0.872155886359834,701799221.814673
0.8784087399757026,399951309.1939636
-0.2905156507112849,252355039.29629105
-0.0307547986440651,489888013.5890108
-1.048969755910636,641212159.2059398
0.2542042892801301,485985246.2550501
0.7731659768697156,534123734.8951261
0.6867192961403619,551506302.5762511
-0.0186783375542826,420526167.849404
0.5299217779284495,576233363.5139204
-0.0527280210538647,868011074.7969842
-1.081962861943349,428843394.8644454
0.0420283323592481,461128097.7942382
0.0989334005353191,567941634.4170749
-0.3142466988285866,558030195.2319896
-0.3751132279055647,511833997.0838428
0.0893395248701584,623660771.058367
0.1903150183365362,235877951.20562005
-0.6536358372340625,532662754.9896256
1.3347109217757336,415815307.5044093
0.2811283481014221,578739049.4282448
-0.1044350341085609,599589566.2427045
0.0993029879321678,435861459.7900313
-0.984757730981797,409312559.4632468
-0.3455787530541165,335193094.2160449
-0.203567270300845,475758963.4172414
-0.1828361919024274,541328142.1007555
-0.7593018551753746,252582220.94880643
0.2061600625259917,498841047.8228024
0.8114310976130694,968415376.260522
-0.3145821239455565,688299317.749476
-0.7439444675099953,617421520.9750869
-0.1154333750535554,434923077.6864296
-0.5936127301329418,539076499.5300962
0.7931986604678619,301333410.31279886
-0.6703120616740462,665491519.5761937
-0.043583478737212,407315777.47434175
-0.4021770580853842,517715089.1475359
0.2299830784662657,873396665.6953447
-0.1035178226827875,717445028.6549456
-0.1783911810595082,466458727.6530498
-0.0416014762161732,432883465.8215147
-0.9720763215718088,562669494.0140485
-0.9728513358208956,696646307.2356243
-0.3199964037131551,476350436.1169588
0.5927989852649845,357405626.2425225
-0.7734175232206275,413866922.9392236
0.0035095371065544,655116559.9254371
0.0836458164681021,557697666.0499525
0.8720467494297084,631850245.6507004
0.8312823639830088,648936537.4275699
-0.5864491634707356,327548181.35478795
1.1232735135807628,434303573.0948707
0.6586066918565464,602543631.1171607
0.4700305898102278,122814454.64522344
-0.0899319104032999,599105027.9415766
0.2219394802787712,423787396.758473
-0.4016505934641763,494808580.1681987
0.4503351677089937,326809704.4636608
-0.0568776003141917,404189423.6958368
0.243384741946672,535206672.1406951
0.0058610758865249,720399469.0350254
0.0621235779326341,301097893.8812
0.2429143756895522,110214094.7988752
-0.2240303591663406,616423170.7066181
-0.9440457725644672,453224344.6642468
-0.3986270289941026,293820140.827582
-1.7868990600804011,589229303.3952165
0.6152841819790943,574038595.8535198
-0.350287593702318,404564763.5238427
0.1317888387101136,422253652.0613949
-0.0253562711794343,419616748.8508365
-0.8866740094024768,650624667.2807815
-0.1167901627034793,795938581.9676954
0.208225024226411,540558713.2778615
-0.2506744805384283,650808797.6442049
-0.1072757686750126,510667969.8062856
-0.5666089000499925,224590620.5957174
-0.4944487234801404,422485192.58299416
0.2716400926189165,500196807.2359764
-0.2551097534588143,324492113.77797925
0.5045840909825661,375652519.59788114
0.5178778476251371,554677356.1820475
0.1604218584654441,477375765.3229216
-0.2699566968565202,513327727.3523936
-0.8683728454480395,788528408.2807143
0.8108221182718172,573079755.470399
-0.5181399522439356,485023334.59904975
-1.014903655389808,345791063.34189296
0.0492448203967059,534806163.8832565
1.2757620477169531,556371636.502605
-0.6443924652325642,491531966.3940159
0.105153290612092,344467870.3271208
0.1458832905241868,265265374.24662405
-0.2040100649070099,831978822.3627911
-0.7411139480281952,624906475.6356807
-0.862077922808077,567523690.1910985
0.0079155202489402,566617650.8592211
-0.3544053110037321,619385323.0416754
0.6591183642071685,576280261.802901
1.1342304237570553,424016785.5724891
0.210360832661841,680986520.687067
1.1196886643542026,402654139.8679411
0.2851990918830229,538839815.3662887
1.11765441975542,588188624.6424495
0.2535431830104036,624675944.7942367
0.159465610065196,536587906.18871415
-0.2066806292849204,676955741.6400115
-0.2137424857933805,872039184.5101538
0.324799390385816,197910119.3239969
0.1029861174983921,549551932.052981
-0.7198185373927528,750026615.4923801
0.0861128625833349,958974229.0862632
0.4438854971629985,601680080.7942894
0.0683016196599554,426133936.4356456
-0.6235727090102956,499694734.86355215
-0.6200896346007285,472111758.2812535
-0.3984731754000699,579740724.896876
0.1903369112817845,584341030.7989075
-0.7027328376714714,578521021.1016934
0.1705554499474114,449440912.8556345
-0.9073948787522804,550213067.1787248
-0.1311688421022584,756129926.9579911
-0.4858262424065154,444959944.4837611
0.8497300664168971,598884808.9628627
0.0555333960158299,524003292.0353975
1.241612860635836,659265933.4055336
-1.059446285728168,792338890.4902354
0.1593809927277454,490744505.7620691
0.1839247317925508,595561024.8111479
1.7057545018962197,835392129.3215169
0.0017844398624156,669764022.2156801
-0.3302326272364649,542909166.0395093
0.9737026619239152,491375168.3263428
0.3714531405900318,517000024.0525768
-0.1025943829870652,514489647.4253674
0.4103628354789272,656644693.8937727
-0.4272475933893355,343459371.4922108
0.0130909433244526,588988757.262533
-0.395002192136102,644905993.5457275
0.8880952415156645,672624881.3610313
-0.8888335823621097,496418361.6107126
-0.1799277426249175,601075536.2668967
1.2564374022739997,302895514.73287225
0.8665781959511287,589320872.7061548
-0.125908808604649,392897225.28142434
-0.1939600236302436,470039400.08694375
0.9171881384492484,614927849.1191475
-0.6861053870323987,493490582.89054805
0.4383341915341456,417492470.8518076
0.5269213053994845,381059934.8278468
0.3132695195722803,430300587.20562017
-0.1623958211950827,600480884.0890524
-0.0149450602477474,767373664.2453165
-0.1482624654021992,643182938.2773113
-0.1498466390252,377962963.5216533
-0.0206432062602409,354762610.8799249
-0.1762013462891287,457408780.6226219
-0.9195134129541288,594741219.9222876
-0.3346907227560809,518742560.2007694
0.1094127058124833,752029953.4101957
-0.1128836566551361,782127315.120575
-1.1054853856912272,545939357.2069992
-0.0162337857793932,682055372.8887928
0.6226404575961451,488021770.0731216
-0.2459678810244673,443657343.13555336
-0.4047210530953972,433191948.2599119
0.5239370873473961,601724709.6207931
-1.1611822191589958,549699789.5777711
-0.4093004907377362,406814887.7537193
-0.0840142261967199,406358884.2069013
0.4109619565855359,787528352.5889381
-0.7912420178271478,376853912.4037552
0.6034753016587832,89419002.03606844
-0.9227113323751092,529604607.4840603
1.227301891933902,472327615.0972381
0.1251637903314881,568004103.1558595
-0.7761964802275039,716363263.3522835
1.1069566657451055,398743097.79672575
0.296853165138663,532804919.1410557
-0.8691972838301821,339888904.5120422
1.486466226950296,47541504.18679419
0.7306970030493789,566126301.521488
-1.071174075608491,648806443.788851
0.9161209596772676,404595473.6763837
-0.4803068197314606,644752445.7618889
0.4685409741337483,582918778.882788
0.0211190504770636,480412852.16614085
-0.3511653257271009,507372516.7318122
0.5152947962315026,520508519.6627648
0.4699187473391755,458247072.8064223
-0.0817017984172222,467988577.61187935
1.7440387965427782,213409978.2484029
0.1548015183762447,447460845.6020397
0.3224884494836822,886527182.9764488
0.1982792646975407,361361412.52250624
-1.0281579163898016,495850159.7631303
0.0243136512204836,645470626.8391161
-0.55480812654712,501599205.7977556
-1.4427415331063331,86148953.30760852
-0.7400234578931358,545391063.9002393
0.2786265217618963,688642163.4135379
0.1143368598688598,243732773.3519041
-0.3923092577186402,448488013.94746107
-1.0791774513036994,156580031.41032308
0.7416112415613549,448945672.3819118
-0.5662062084485713,394521497.5892365
-1.6958188745512994,475646307.48417735
-1.7647904884620045,95986980.4766439
-0.1505327142804978,631485201.3959138
0.2844943614232152,423095479.4315767
-0.4329607799492403,552520704.795949
-0.8635598746988754,458189295.6999648
0.1628271619239442,132361378.71673654
0.0875467116542521,415548238.646492
-0.0559099992608006,508999925.3020981
0.3636856704962397,823671256.4233376
-0.0740579177914526,682800064.1940305
1.81200282355413,781194074.2135603
-1.379707490938625,751136100.5372468
-0.536374555345207,554280031.5883988
-0.2909825717307677,613669283.6250124
-0.7379327662992191,343279956.3490353
0.946102116347831,671672507.9226104
-0.0131817046110861,436418363.8147124
1.6115523538256986,781498345.6914912
0.1764464779401899,552298219.2830251
-0.3466430873828305,605427623.7045326
0.2070566144747295,430764330.0326953
-1.2914233561944917,593681668.597283
-0.7004862297421597,424672541.96351695
0.4292386980415171,474451700.2841225
-0.3280997855441818,423212626.30866086
-0.0321837252611904,771144891.9858302
-0.9381708767158664,749315445.1557493
-0.3024812537565667,492263952.1812252
0.3864891614537266,541650469.406097
-0.7933470467110224,553736731.5608894
-0.5160398835298384,686099008.3679053
0.2556676125594312,545380642.3953644
0.7529517024168648,254042184.0014664
0.8585260707261074,733389760.3174556
-0.5099960635715273,542023167.2408203
-0.5004856480044166,272075578.2559468
-1.7773956811887142,161577728.7043003
0.0531466041173727,737580157.3641013
-1.0733821652949096,748016401.1209313
-1.1967785919090037,405286272.2317728
0.2965910796801087,577088118.1560812
0.2794073989588027,538178364.6806322
-0.1285698111043314,504140884.97971296
0.0299275546111349,431938013.5431162
-0.8749662374281497,632176628.3788617
0.7814769760632875,493762995.494363
0.3386224537846573,164265337.8641469
0.5102236088939497,505149335.7887347
0.1117145277052324,548693739.8720553
-0.0967811975093742,599269335.9427483
0.1574231987930989,571832147.3129154
-0.5282960439798511,362575194.6429499
-0.301221463802006,560014709.5606714
-0.6058704570267114,322394024.34781486
-0.5114022567568213,592075768.0827652
-0.7268753506582338,696416349.099387
0.4527504064152897,195302173.45634288
0.4757290294421745,341491020.666042
0.2270235456416928,491320733.99461895
-0.3490092325356368,561117507.2433205
0.0743401226499029,601538752.8165728
0.1388939446373147,703224437.5896516
-0.0762320870987935,481794288.3157144
-0.4514405624157358,585145439.5025855
0.5174491232207877,773073702.2840753
0.2891493262125096,540679934.1099905
0.0760228708964345,612090899.9924093
0.25329742228829,403403977.156812
0.0177627492034765,618380207.3337579
-0.3679616468755712,454501724.1210262
-0.0618097630765226,756718655.006055
-0.4624254323007749,351582753.2095662
0.283020031428606,385785410.82786185
-1.8151146470286608,218503919.74291465
0.0443919584486509,426241779.7319109
0.6848078275022669,439504065.9407052
0.8114591266454797,474182209.1398886
0.6292239371999606,487676664.1633117
-0.2406164337459349,673434593.9921432
-0.2054566036544044,650186577.3818375
-0.5375691661340801,489272042.1483848
0.3981626420094581,370183876.32682896
-0.2525395855435695,492864860.6527792
-0.0697513174131946,432816569.72120833
-0.6328044320220596,667090959.6779449
0.0825586809604779,130858673.4116694
0.2976384387619035,127293521.794374
-0.1357701820022079,442401162.8034466
-0.089896227387087,335574182.21684015
-0.5789624660787456,592747492.0651848
0.2632562101534582,292705416.3178183
-0.1759120948396652,217657235.83424637
-0.100307494323803,645438497.3620104
-0.3263254530397219,525079713.13838726
0.7059295184696242,469934444.9669205
-0.0051369564682273,302242570.2856087
-0.8394493529159949,434551830.5043545
0.0125783089537215,404606951.7068492
0.3956623325157924,246743622.81402743
-0.3965747906940298,479708771.0415511
-0.3046945039036798,368982507.93450993
-0.6516125463851503,368666959.8332347
0.2242376115383102,208444309.5516309
-0.5248429343095204,794374097.3523214
0.682136523965825,427640464.86930406
1.184688782164295,483206231.0421316
-0.5163319308327354,597911705.5855694
0.3924965982451409,544762749.9679267
0.1103192954928015,443784489.7936201
-0.5620124092715004,611905634.4912019
0.5589334867779507,391510575.2510695
0.3261801777786146,643381224.9908422
-0.2231723862372767,441444672.1231215
0.1817942332734446,530496528.1209027
-0.2336201099776135,481177763.5491866
-1.8764595766265555,264468763.7836609
-0.2496757644220373,544552543.6436046
-0.1984280990840089,713519294.7515134
-0.3112233760815823,501953321.2196629
0.2836426443660516,524774858.2988658
-0.1221860910687367,857269550.2130644
-0.169492023947979,432259203.11136335
0.1040117181295984,570834728.3264183
0.9052791937524436,715999859.8540297
0.5949843945491987,560709060.1999303
0.0479738015404043,289875317.741122
-0.3742660856484914,532477327.2062764
0.484687556230187,512089554.5825983
0.638267513198594,676668904.8222804
-0.6271144212526275,266495667.6260628
-0.3642951742553224,569445472.591886
-0.1852058605841741,402395384.3820418
1.612021726469984,264358015.17218757
0.1647108504103544,618644375.2259076
-0.3658113404280381,650780577.7126862
0.5118170588639842,316069408.7224924
0.9695216955565314,674847193.8095734
-0.5335794132758116,312973308.37812
-0.2145669738824661,449782484.7596968
-0.063835108947376,74402854.35614717
-0.5003133479719053,517728243.23229086
-0.2836101640389452,651186886.7478302
-0.3872508898227492,465990406.51426166
0.1309634674985359,524632823.5246956
-0.9842625172285362,577896728.7123688
-0.333439907559478,307508888.1816207
0.0417306393608011,701482425.6248773
-0.0232585789823836,424336149.37562096
0.7598755912136067,850628650.473727
-0.0873202000965391,334367491.8714499
0.1335450872279415,488727133.83239394
0.8260406248802218,794784359.8652216
-0.2418922071274481,475982359.1933386
-0.160932373158409,325109646.5891022
-0.0849204943166117,449715531.1471487
-0.1139265428144534,157541373.27360108
0.6222542156783941,365236318.9915299
-0.5946527777873322,415336084.465866
-1.0942260032880915,808445915.282443
0.8861934507950517,246881677.96812177
0.739412578778634,470282022.6669099
0.057549735126385,308058188.123639
-0.1442408419167653,427758850.9637364
0.4193314420731955,311568364.3579919
-0.0264645439089442,541977179.018369
0.2387575601876888,375835404.6221639
0.3459381575505349,572386069.3874736
-0.3318898151781906,361943030.7060129
-0.549926146730204,559502654.6788539
-0.805737182867071,328504717.9168864
0.3450649459021043,279722660.84492457
-0.3389857244279058,460879894.5265247
0.4404799922327493,333161589.7523911
0.0816882950770002,629562286.4899065
0.0085793836839693,630409452.030098
0.1015085164681723,608743289.811748
0.1942380205230232,278032557.1758039
0.884758998936727,430558997.6944277
0.5823319917179012,610930682.4301071
0.1022807209199971,582462138.0642502
0.7800176940432753,1034486.816328676
0.1111766166275711,432326993.2343504
0.2986204335920445,673634414.6539674
0.3744430635949883,433669511.9831363
0.1407511687687153,557446925.9933912
-0.6140176129302477,578041696.4325434
0.7645394871435032,589506423.9772936
0.2377310911021539,624364826.9174391
-0.4782943240336189,638039838.9360152
-1.242395610191228,420675111.31473815
0.622857238697644,339640698.18618304
-0.0235019258159386,768314009.4213747
-0.3003503601247315,822974083.310321
0.9163419937066108,545167496.4688274
0.8587790083258202,545179499.7939845
-0.5850364219909682,148122503.24363196
-0.5533744120644302,595350118.0250292
-0.7049701189288949,653676620.1488422
-0.207315848770725,360191899.86187303
-0.4453383660617714,445504989.2509127
-0.3241481113569387,500174808.7855625
-0.3082428241743125,502860850.5464414
0.0544032313840786,590783037.272931
-0.1243386361368634,428791640.42678046
0.2037533967966064,223392149.0693908
0.6164474403097879,355101576.3526451
0.1336354741911396,501507235.9445052
0.5292008216692906,331959778.1377596
-0.2144667110822686,385608425.70022935
-0.6107582329094309,419145403.5416215
0.0625182979387611,61410898.99642346
-0.5820308783283964,622190377.9777194
-0.6158581452213844,660737160.8422579
-0.334969185639379,537860871.767307
0.3787994587893906,525054704.0874598
-1.316265617411155,491677662.66576034
-0.2979535707278333,456991005.8929145
0.2165353316032803,518414701.01049125
-0.0864878259088504,753526487.1183836
1.862272621731353,837372812.3889431
-0.1488458726100382,513400042.85792655
-0.8352384861196542,671746687.7787536
-0.3505242646242945,598342169.6858733
-0.5454801506054062,463866341.5661158
-0.7210660718366417,904433192.7693392
1.8040053293649,402723813.79066473
-0.7294250909318466,700340645.4404821
0.7268906965019926,390193501.8944892
0.2203273064755495,678276988.4623057
-0.092244989448056,352023764.42693657
-1.084956702709753,54239157.48926785
0.6954629283539937,703820008.223375
-0.1729564139025892,555461368.4669147
0.2694615638916572,114354625.97702377
-0.5297845483674415,656382416.0204687
0.0394083237156138,405681441.8081021
0.9222656604505306,808195336.2817717
-0.0500259444418294,272993356.6349993
0.5208882094945754,450419460.2556852
-0.373855400400309,412554092.046882
-0.5435577105879853,520056697.8667203
-0.0837692665305771,277492466.057362
0.2673543678539865,496237213.0154512
-1.5743103533891132,100064836.4315364
-0.386960385010107,491560598.3856581
-0.1485552689541116,308378204.54413944
0.3264019804729986,707433010.5282974
-0.0865796045739549,334475569.317684
1.4724872266967894,386337035.9226367
-0.0080486506571795,550603714.366619
-0.3973165328078367,414022921.99131227
0.5829005663004887,294795816.5341931
0.5816057617163318,390808347.8772112
-0.5773637194455836,343167030.5879689
-0.8665401128490386,369243349.8580319
-0.3522091332508945,492635593.3259957
0.4116964154499843,597552583.510162
1.2227681422104697,595283929.5267391
0.0296212304116105,579210794.3690144
0.0054662230166255,296214527.3736155
0.2245692018936717,484470523.082351
-0.3380301233309642,521192365.0255696
-1.080077061865212,517760965.7664367
-0.1158032053704055,536213557.7355916
-1.0381448089778391,273587893.1500726
0.3674824917691032,355368335.44471747
0.3319314848427068,545328431.556857
0.1938494231689873,500701891.9919085
1.6839493480403176,465253471.8441817
0.7900774418269481,225795590.635952
0.6834096237501903,594945436.2285002
-0.1258259143824698,404434321.4779087
-0.8359260848492963,568581962.4573067
-0.3498465097023319,602612483.4014701
-0.0729788381282325,772532604.8930957
-1.2503244059532186,323850571.1748524
0.1419846794140641,462479711.5796248
-0.5058231325361913,263859907.36709696
-0.3861560671306753,408221710.827591
-0.2816945826784987,1712751.2336316695
0.6258261096980926,431924151.4070272
-0.0756337685555746,473878029.8112557
0.1896179845182105,508445197.64473534
0.6289803436180205,467736501.430244
0.8144527234250835,601906662.3735863
0.1548057136449599,702300015.6701801
-0.5602895855098048,436122237.9357711
0.935609465594612,587314560.0578147
-0.2060104129729389,560896723.1555766
0.2755668415438049,579359326.8239533
-0.0112762290790222,644995799.5285615
0.4366831603115784,421599806.03846425
0.7819113215497133,395041246.1781503
0.8477468009355267,428571238.9147044
-0.3132691171127881,548049838.6614861
0.8920732458756854,711628349.521051
0.3613557318236003,215969125.2980173
-0.3054355800499053,135110402.8221149
-0.9202674118235712,788854682.173369
0.5673031510292351,329772007.98059887
-0.1331192163126058,676373721.1423683
-0.3081820163041482,526448819.3915876
-0.3700329716732682,571485396.6098014
-0.3935991194543087,516299398.5851377
-0.386240994533658,526634974.8961575
-0.9996887470757232,283916020.1217947
-0.548581927719795,380107847.9290559
-1.209783002899774,652688404.3445148
-0.0920159045231637,478474698.4845224
0.6596291858303357,360084034.6932221
0.5433133239654022,375015343.0882404
-1.1266430902194076,548951635.4628454
-0.0890446536026372,555062290.889145
0.0246760620697926,653108394.065794
0.3209137559274838,400752995.7369885
0.0222163034650414,490169840.40081817
-0.3212610986757372,529685898.7617761
0.7282175978440633,783496126.3905003
-0.7428108495238315,509930944.72486526
0.4858409593186384,535997133.22067255
0.7130049356267598,311254814.25973445
0.6440109351690553,493244791.4445952
0.1231693425784307,726718825.3826354
-0.0603144145399197,376374466.8327732
0.3581120905827164,682850986.3862118
-0.8544907743628101,495690194.6672105
-0.426177947805188,670141928.4688973
-0.6201432278251763,614919159.2821615
0.062830071625765,481445356.412208
-1.3587573941197364,376495589.99975455
-1.8604056017849453,56547689.57914511
0.0445448658507332,586481061.3717421
0.4585992918870691,208836111.0192236
0.1130010380248351,382902005.8594693
0.2933720654733732,678550035.4114579
1.9456139714558929,618146744.5025172
-0.1888387988289316,233481342.11037776
-1.0641732112777509,531971199.3929674
0.6807332582589597,525747467.28661954
-1.3080519088847546,415961721.338072
-0.9186878373547204,500310619.07479656
-1.3126788830107363,325884624.77761453
-0.6692070630098128,450197014.942853
-0.1375729704960052,420468559.3199444
-0.1321736075886372,674506759.3376954
0.0207223632207589,500732967.6972831
-0.1219422909698409,603743494.9051884
-0.1742526424341819,502264677.6921991
-0.7446215155380917,213947909.248971
-0.3601456816757961,443644582.3052976
-0.8803248267259067,560597300.9843773
0.4259556096150551,572959643.3922787
0.2906287986890292,58704031.65351949
0.2340367201874193,324563436.9618884
0.0011044895215855,628065058.5072732
0.1256138320982154,424476723.9690583
0.8532618311901655,551474798.9504662
-1.3145144107405382,443939278.0192291
0.7262019987038946,244969397.751085
1.0775843785718566,873815241.5968758
-0.2508229495613685,722592837.8569354
-0.0927202075058797,379944309.6249023
-0.2583751266667624,458295874.3308754
-0.6804641935902506,398491699.7809959
-0.0693914500685017,375597086.608085
0.2610579994165627,440235870.1147909
-0.9545492250771602,499611589.1915982
-0.4523746400687803,626863506.8800564
-0.4909708788780066,553284856.0888574
-0.1398945508723055,637514399.7659223
-0.0006023921262278,442379043.4857462
0.3009609476077151,463559940.8563123
-0.7996208039070786,356828418.0675347
0.5970315678578297,739852204.2515347
-0.0959053920186173,361875683.4758632
0.5435624257654584,339662341.85106224
-1.00862719274579,352760753.05361336
0.561643758590864,388334974.29290926
0.508995903421826,212038017.34303343
-0.947619969601016,365973108.28069353
-0.0490610515233419,475343614.4802442
-0.2615093373001834,588852670.9644618
0.0358729398974624,787188461.6327313
-1.49673258020212,416269484.42505246
-0.3138818052116618,169534525.02511024
-0.5594387905081953,409329995.2948858
0.264155932221865,572920597.2548765
-0.3265232631121776,560926866.3543724
1.6626686707879237,712296284.2024394
0.3750572545167103,785873669.9532868
0.3395139248522343,729050224.2112174
0.2912433712862918,569958675.73206
0.1632083661891816,538564334.3249208
-0.1316815647223875,476985804.5859171
-0.0814200964062235,454115959.3705036
-0.0269890274253071,277486419.03521854
-0.1813917535360806,402755723.96948206
0.3511735793877831,599316136.2571794
-1.1415797285995728,251107240.7426726
-0.2354401965925696,482910513.0243828
-0.2999036175918086,433930222.6055432
0.6625134977095114,451481323.0033426
0.3041084643313221,256959273.79844204
-0.1359627639692986,579234085.8967935
-0.1158521663070229,762151261.7781873
0.1542809776099138,588109707.9508811
0.3120484416213048,348357549.7223617
0.6629490838437587,636730658.6356506
-0.6461663511724871,390848459.4471834
-0.1458858540369755,460094402.404855
-0.5531861073193506,658971103.7741609
0.5723525519502265,311791551.1963189
-0.5342689943405685,482299682.44392127
0.0043618615232499,656894644.6013721
-1.5807451459704054,634993052.7493362
-0.0413669458796635,434220015.95743823
-0.623906594285794,439234238.4349151
0.4296473446919397,278192491.96137595
-0.5894507153385251,363504059.5926454
-0.6449555542317956,373945805.4748738
-0.0212385250978167,610267128.5659802
0.9652481891826684,373616501.8601812
-0.7955401185171949,367809269.119398
-0.4420607878753613,28850305.84734661
-0.3942266273036623,344823369.2423028
-0.3792492129236691,428432496.7530225
-0.6122974230212324,431327479.7588173
-0.2236464673183798,425151729.0027474
-0.2605779601186191,375539872.18352526
-0.1108766457336074,357102341.7616701
-0.0304496689411431,501542916.53359705
-0.3575481772008598,237834995.4198677
0.4169262458793727,335493779.1573643
-0.6643202348510208,464307181.02925175
-0.3401697653003186,509998461.06591386
0.6930572037174686,329378163.75863713
-0.3535917106130156,292266727.05781263
-1.0037542959999868,369471407.44375736
0.0429528712206733,416211450.15459657
0.0682575946472397,602600717.0708464
-0.194459555053678,511642718.4985738
0.7643392290878241,268684437.1254924
-0.6084026124684716,516041436.3356272
1.167968408775983,522574785.703988
-0.5127917116649131,635456770.4613105
-1.1940807594258418,833047877.2544252
-0.064972732293112,486947633.60210407
-0.4750419431314452,487562096.96535903
-0.1754056447877065,590616483.0969241
-0.7119948847234895,478293133.7964397
0.5552885888877555,581575932.4961466
0.3163420136959968,570815407.235006
-0.4794361634617674,263842420.7729827
0.5950058673063203,501348982.9379426
0.507625727998102,593598550.7098364
0.0525740831654508,346403160.17453605
0.2514254494465744,414200250.29528856
-0.5661513315183604,277527878.914048
-0.6133949132711255,650433830.6484787
1.120301232614289,428368549.6204487
-0.2209996569733207,570618165.280755
1.2099774765419469,346589284.40175503
-0.1953384718602612,229779725.6910131
0.2761422493771355,604763511.4673457
0.8158171916676021,887519895.8481892
1.1414949591661503,415824933.196074
1.0719456531790157,269066632.2162537
0.5182249401312955,514164880.3112296
0.5539391962762117,610037310.8524704
0.8754329900115418,590366687.2254469
0.7316540946001838,560727896.5995318
0.2149843999919973,562846906.3933731
0.1578520325670645,691021112.5327516
-0.8100890444808544,398142158.0199044
-0.6161477264001982,554745532.1748246
1.8232239014846876,95127246.54203206
-1.344242986623487,455236975.9866742
0.3559039087514243,291808144.9378988
0.2810321771503312,279187240.3276425
0.1430169050398642,534882548.9700316
-0.4040761227447493,433261576.68809646
0.2181503591921235,599677975.5439554
1.1315674178466535,722126521.0655572
0.4939047028544455,413847410.0143549
0.1857010641526384,166446108.53990856
-0.5834843425692736,764152138.418836
-0.1712805526566503,573108013.1892498
0.8442528867785931,407965937.80194455
0.4350269009758714,365538135.1907399
0.8711838232594987,457174392.1749882
-0.5062255654342231,538516109.4110736
-0.0560875088036064,290943720.47010344
-0.0172522665252165,451616742.1500857
0.0923472820771205,621197859.1915702
0.68016165880119,414028002.4539519
-0.4254516771915444,611996541.8884475
-0.4434793479267283,282582657.9402352
-1.1515673618810154,355746426.60868007
-0.5238046954713435,453406517.56245214
0.1973300256812857,501447057.1465143
0.2013311659891664,598021088.7627966
0.6072848240672201,588934255.3528582
-0.7707046599819749,532258867.2146431
1.073130458026288,446176686.4452651
1.4813968341413035,330736336.80067027
-0.7101561625176032,465667180.43126136
0.2716333856370604,526498321.9659563
-0.5909324969189841,443308623.25377786
0.2284317769168005,411903114.8854072
0.5072882478523367,408032399.5829997
0.909715996827838,355562642.5981233
-0.2921887108256721,507540765.4725295
-1.2886117883238704,691563577.531301
0.2748537782066617,491556167.8590788
-1.580774202733914,79121935.63994204
0.7273838816150423,431578099.4573145
0.2855815676451749,466841991.25113374
-0.1066902034025513,337531359.12142825
0.7165523828120935,660399508.827009
-0.1058817358955043,570220056.8593448
0.0215089293812359,364865926.24006486
-0.5402412219124253,562340984.0760151
-0.2935314856185657,182820709.52925527
0.2997109375839493,708832445.2978821
0.1416993886606749,555846184.1842014
-0.0234750877217439,681223035.2130877
0.7701924159331588,391239979.1318548
-0.8941396359531741,39406845.06676601
0.2677301326834277,559584717.9526309
-0.0190479668553831,687128463.5385067
-0.8641271977148772,477802415.270229
0.5791392917892931,422874580.22978777
-0.7117647042108284,561079056.5466872
-0.7678528839697488,521069694.8299511
-0.5804458510403923,553379179.7186222
0.2235846780113181,668964118.0021038
-0.1965759187646054,708325621.5066307
0.0793492195836422,629683877.1777604
-1.116577658198998,552465678.526334
-0.1110010295666454,492036686.6911465
-1.63005222798971,605549438.300835
-0.6698283675082609,358853005.2177483
-0.0231306141575312,717498539.0246987
0.1044390524840405,436096983.2986868
0.0843800007550624,753316758.2853472
0.0695889158214945,511823475.005168
-0.3425784329134811,521194053.30060166
0.2704294300465066,426937840.09942
1.0881762068740004,510777406.590196
0.4224616062455065,592808483.7937709
-0.4292797416662931,409937399.9348064
-1.3690050534675398,396746648.7547245
-0.4781868003877003,416419466.6457115
0.0218015086783177,525565732.8274583
0.0766243506263665,600036412.9693146
-0.5123254544843919,476719965.45676106
-0.7258771234819968,664322948.789852
-0.2223664282935726,202702451.9428512
-0.7763286595580066,451825724.7488052
-0.1846518994910161,515583288.1448068
0.1544604048375628,606187408.5452911
0.4353198460972245,522413656.0721537
-0.1016665797411364,626482833.8272872
0.2317974320183918,595728062.4240938
-0.221906297287693,610632416.6906576
0.5386424769292856,526552328.9800275
-0.1192475232034245,538730987.8947115
-0.4119398766316439,511559408.0810567
-0.3549005700337604,687614916.7796067
-0.4589681285284738,708107103.8755066
-0.9738303158696268,376834596.07424974
0.8470160414982891,148895088.2860923
-0.0139375981778529,671520077.1024243
-0.4680012175370294,617212579.9887604
0.693021692975858,488387664.7565092
-1.109961554290135,455403568.3190597
-0.3944746356105127,444634126.0355936
0.128615606053733,262156164.7698345
0.2743160787468287,621443443.9300852
0.0454267556057627,395867692.2969301
-0.2375895164853023,889201603.5592172
0.3005388516709596,513246692.283589
0.3197327912959894,556960840.266547
0.4022487555494214,326760995.31884617
0.9737510962203664,430042752.2469967
-1.0039375112128228,637705716.5391316
0.5643675913653449,568031259.4753609
-0.2612063411480907,993987078.2388902
-0.7524972514841777,383345249.2667947
0.5585060608230437,508762270.2720413
1.3720313989523074,582224607.5411179
0.0123363167980485,354458404.4215489
0.3617531307973182,237068482.4318683
-0.9815736686157384,660845057.3820133
-0.759343430353308,207209291.651299
0.6206457141188708,320102888.79463154
1.1395091622110725,930368602.7612568
0.4888446037732585,692569514.9484107
0.6728419333114861,647179692.2888299
-0.7199705258862548,296181086.91381234
-0.3348618146188321,704885256.0561227
0.2487589162936512,389609302.6140082
-0.2781482893434808,472899024.3730599
0.1232764281745883,725728053.8620774
0.421993310310391,628915610.1376675
0.378715792715244,445787059.2694413
0.0202100506068521,698983857.6926701
-0.1736129126905572,481636248.86207473
-0.692125243377905,407962911.2065743
0.7989995490891181,651528873.5139723
0.353289426970407,113133126.41458271
0.7529794989266103,510938190.2612692
-0.9614588525674366,93946531.9578328
-0.1454989120417082,360447820.98978966
0.7199346072075791,595713579.4276718
-0.6447003583286262,563821941.6460379
-0.9655607988585432,351367035.7524473
-0.4939439838191209,607228563.880039
0.2934417698104794,399359753.6108364
0.3880231965081053,496485524.1196413
1.242739851472443,604643879.6792977
-0.3919195631569274,567955123.9019368
-0.0118491606726269,155645361.40896797
-0.5263111237464508,563630515.0348786
1.1282534177805132,314834598.5073382
1.6160635812127309,435328550.7671582
0.628745195757523,904649179.2333395
-0.0561339176621538,182994140.0526651
0.5565777934260181,498639057.7581703
0.7010865509054113,446012033.1356406
-0.5865493287443335,584418505.1067429
0.4395401624288091,168167749.45909074
-0.7988915329716824,488888912.882903
0.1524814455878264,387950282.7625129
-0.3622580549333513,405545117.2129894
0.4077725727586919,400559874.88266975
-0.2546134143271369,670455941.8903463
-1.2519004421399054,254887599.7419313
-0.0035912884283713,422794231.4061056
-0.4802385902136984,403621805.1782625
-0.3524433479912516,464514791.3832223
-0.9971994699970822,279788235.4042893
0.1246897663497301,501283902.16986287
-0.1683506051909963,509139006.4700809
0.2464580772577836,256903741.73327327
0.7027049734732854,367649861.2782417
-0.3717181480476433,606292941.3340207
0.5671695295450996,264161180.5728832
0.3575094723858023,930788838.1966224
0.3695749741882063,362083189.6953244
0.5198927068715827,599745568.5164468
0.5587272309858254,718973412.3786653
1.0070083024819902,491724023.11555785
-0.2032332580046915,445781502.67823946
0.0693731524114338,364655440.8921359
0.8851327092729305,608640959.2504219
0.2631882707820837,685324760.2824497
-0.1067533205055386,355397853.4907818
-1.288001580991697,531925244.1677056
-0.042377414214073,690969070.3244762
0.5743751956816426,574831702.347894
-0.8017761001886516,505904359.76756096
1.2949733621823911,513000083.3056607
0.1871158514465336,589230769.9546759
-0.9690957840241718,644989542.4106023
-0.0077204931449689,500182299.9517854
-0.578057858747891,323887488.58367753
-0.0917596980666248,233311911.9888922
0.1734966496964732,661049507.0588179
-0.023867207222682,526395479.53885525
0.0296350038863034,492266269.25741786
-0.1757182366428977,884654379.3721106
0.7142636663453215,487991331.2893646
-0.022877710785409,422244646.1892092
1.0955216989687289,345351677.89318067
0.1184853782524591,528729931.3864099
-0.1329609282914751,598617566.1584063
0.4222732744690963,632883462.6987581
0.1813879441856749,499992006.0002856
-0.6096917718502188,465973644.0171582
-0.0255961121468342,625592130.6860454
-0.3423799327720778,549143181.0062025
0.7555895224882647,789481011.0741326
0.0709576247579375,393712558.2759984
0.3057031166592811,570040940.669609
-0.4733393534933576,422855414.2256239
0.4556071142674195,269945280.85742503
-0.2357938155395293,613241508.437774
0.1019615298386216,435859579.638079
-1.482368851819168,239854394.53415844
1.6559457042452992,605823837.8774698
0.6604792351778551,499735691.11618775
-0.807778543850145,367220057.8304399
-0.3435520064083067,473480179.6542398
-1.2782107100027669,979998131.3538857
0.8500491244841569,542294729.2796732
-0.208895711383939,750409925.8162133
0.6641156324514862,501155492.0904724
0.2568859232844596,866089528.0469995
-0.8548052153358552,657871094.7329527
-1.882692061078282,542616435.427235
0.8850699219875363,673651669.3138416
0.8782344664058906,683451965.5301893
0.8019388613810347,269748800.5232488
-0.6385896472106004,659026927.2921495
-0.0025227317079855,556349205.388701
1.3977267464046064,714749089.2718337
0.7051739910650624,217131583.5367088
-0.2283003570899811,480469290.24526775
-0.9028786479370244,590770258.6288564
0.3879281168157318,469739700.1831797
-0.0926165351033513,325947244.5384272
-0.2632056104854093,617623449.2443426
0.1341218594619229,507939417.1245804
0.7911343509247551,557971134.0143869
-0.4168395309740834,443095492.1261959
-0.0214285702215295,435976919.97865695
0.1977020539028227,458252323.9256607
-0.1223823552606708,539369463.8932801
0.7458389146902946,557420279.06559
-0.4223061501410398,413035788.9418243
-0.7746752480447275,383021643.960297
0.0093935059098583,298081851.85545653
-0.2054169808222414,291766196.6173451
-0.1074202477011087,669008958.3126504
-0.4173279507311482,306380496.7421834
0.7662161643157575,635341306.175125
1.5937862434344496,739007873.3985485
-0.1667102220663051,584252212.059746
0.172991605977105,577012375.950287
-0.2529330711365673,439280333.279922
-0.650682034023421,690972888.4193594
0.6541854601724848,693703119.3390809
0.7616424977718987,206694517.8244057
0.2848114892467952,381609371.3815628
-0.8130563056821019,427474698.7617161
-0.9618255436166414,655227533.5885446
-0.1231617689169614,348818511.421881
-0.5872363953179827,550941326.2244191
0.3772288452211814,625356365.7673477
-0.6062660867993016,504481966.9219856
0.6600682604851272,348458800.920365
0.3080378880803995,788549732.6231067
0.0792777808642338,794030726.9119309
0.3495935812402611,481956099.7945282
-1.8024037721393007,398929158.76115865
-0.0059046969072797,463537588.90019935
-0.2503324082707526,457377945.7865516
1.4046250554328827,589382230.3186675
0.3317200352941445,684597218.0209161
-0.9216922752871068,385130552.1435973
0.1415610041650397,714919656.1659476
-0.3450951904299256,466293315.5486187
-0.4278449637666927,379902632.6111295
0.168417165536705,176585189.06319535
0.0474830963796933,404076043.6811315
0.8592224741428288,522271454.8512978
1.0500046358927406,409857744.9594306
-0.9645690595503978,823713876.3993511
0.9367970370499576,709381291.3929362
0.0217180559135127,422579811.82357776
0.6430494934433423,540314216.481004
-0.2132705212904456,515629905.33522207
-0.4743898714370931,499654888.0720715
-0.2326382029603764,257825188.0178344
-0.573963839101023,638774048.3448809
-0.2853158696962052,491002401.6808728
0.0307156556471286,452047958.16287655
-0.0124007592249148,440656530.0350048
0.7036107101882703,690888864.3726898
0.5887411222788193,310041256.5801593
-0.4125843475665599,543805251.1624486
-0.4871978275023309,619371595.1501201
-0.2005912277424365,500677458.2147101
0.8279655933816931,760064910.2828082
0.972411678316128,478304211.01759017
-0.0806943061896724,419207368.88180846
-0.0212071419297221,793623399.3430241
-0.5256204342835151,700666507.302443
-1.3469314094880709,603669012.1943948
-0.8741470732124673,720972458.6888969
-0.7485141436669189,725304832.4807836
0.4177410160969956,542032752.3158089
1.997285626860352,38746737.90956668
-0.8729355129177068,331251374.678297
0.2989113113199482,637530826.4451896
0.1079868422651618,658708290.5577722
0.5155241805698998,406523358.5815234
0.2923206989148945,684470457.470635
0.4108485855610337,723965004.41934
-0.6654372634513077,616685008.0503801
-1.1890504805366475,468468856.65792215
0.9768147908658652,278955420.86685145
-0.2320110770438601,307575827.88477886
-1.2923456212277624,449590136.7084818
0.9636492831075508,362718452.9352169
-0.211730565964675,375953429.59032166
-0.1545184239007904,127011223.26143596
0.0467618470068303,482030227.1554342
-0.9467670804505268,402848309.8379903
0.2157709603075025,659499309.8760377
0.67425139236942,341863105.36526084
0.7146516500416127,328558169.48886275
0.1776809951424084,808142290.1761508
0.6701854160037507,699320334.5125536
-0.0910134716671887,330719024.5251696
-0.230097097499972,315212439.0797298
0.211535977439088,642688325.1303371
0.3996291089145889,637917640.3278197
0.376329159334126,506359142.4105838
-0.0807514076778555,308839237.8349925
0.0386964337573885,680332595.807053
-0.6554883220519917,344284557.3954913
-0.6988867723588457,305862061.7562541
0.6551547404780446,297995667.2314173
-0.6186499376982043,494211387.4320092
-0.2820163318065034,298990442.52834445
-0.3195221180936212,528583568.1940458
0.3035184528461804,562116217.7918704
-0.6797857881272711,426161726.964873
0.4704440855637353,518736561.9297166
-0.8514110558740761,553430561.3011067
-1.022638401185178,423996591.9564772
-1.0551623500689882,436858597.363739
0.1960857164508557,542342322.0553976
-0.092950574386394,808482719.9548718
-0.6573088114538456,521884315.229923
0.0024177568582721,636794575.994781
-0.1518751606501614,371814798.7244121
0.6987760472156483,423011813.8876242
0.3172410167404004,571234245.1395793
1.3943790066298356,945393010.9255252
-1.3880453143379754,565263767.3003784
-1.5514829954489446,290503021.3173597
0.6314898033066076,530574610.8322365
0.965892435032594,538454948.9041299
-1.1731839690536192,452841612.5543399
-0.2519493380367189,689532484.4510863
-0.1583732373373731,380600522.94302106
0.4546689012216183,634463236.6464822
1.3647278235264153,449805366.496944
0.3625670493945375,343796635.1789783
-0.4668321362954867,606478572.6677668
0.331047190524224,401580113.80112046
0.9054391380640476,491460045.5370574
0.2994483317932302,418764076.5010124
-0.421994521451155,425602508.4088634
0.6443148348353636,334114976.6493071
-0.6247391926411299,482760277.3359911
0.1880755291458639,525027241.3886961
-0.5750157591025876,618767505.5103155
-0.1178343573117567,611875108.4382473
-0.0020357130225567,581923870.85884
0.0904168537987787,428375232.213373
-0.6176245585645926,439636988.9829912
0.810899220946753,438459575.94118994
0.8999530283520035,603908426.485157
-0.3599214461507525,573003789.9976729
0.3369313699451656,707396551.0782068
1.312890339922116,687382278.0013605
-0.1458944627845847,616325217.8556573
-0.0108439354561372,335978376.12233794
0.1775742678523938,743670409.9041361
0.3063825284096861,415365813.4042199
0.9402708392049988,434358881.2094927
0.0454239337521268,447041380.6276334
-0.0981258645238054,682692239.9355611
0.8124001346588241,606478914.370575
-0.38544660918184,469743116.71273625
-1.6131166178597938,112620971.40958583
-0.1537826067484876,406351022.9343769
-0.2912474033254598,699175832.7509207
1.2257233462223658,634658871.4547479
0.8041966985798423,469045707.09386766
-0.2341349626869895,392211045.7381743
0.3879233897446918,478678034.1351003
0.47593698726534,266629221.8254324
-0.0527474734497873,410664760.3454645
0.1239042876275083,592149496.8105726
-0.1660255812021297,433622164.5042639
1.2404849722837308,884277588.7509582
0.3605982122098575,798795112.3718644
-0.3141517091919522,347951113.65511984
-0.2520319843610081,121779188.0593522
-0.1138745824608246,481356488.7486479
-0.3764470552021574,519656591.7904513
0.3380831529913259,595887839.6900828
-0.0051157775044845,506953518.03112096
0.3085276074639354,239270549.3522412
0.0047157109982258,268636117.1326896
-0.3824459566222169,427405220.2384037
0.1721087649307129,637223301.9906632
0.6962547004156165,533614340.1350093
-0.0038267467211069,350451253.96690536
-0.3761506702323201,825875434.2720472
0.4744960402072758,483499419.0333802
-0.4458755016303324,50295468.99211049
-0.5908723505046589,585175991.0175769
0.4426339616300598,161369090.6919068
0.5952872727548577,133828605.5770946
-0.2122594611177349,425189149.6033975
1.7102861050930174,946126430.7391042
0.6796981789674097,579689697.9475663
-0.7420194919506248,590120260.4855562
0.0072044196417445,775874313.3256174
-0.3986665688054497,201519772.4494312
0.4015102696526613,538738074.4674622
0.9924255196780568,625190088.769873
0.0054393762221495,552665390.7893631
-1.348911510856481,531677571.7483808
-1.1997488861124823,433867895.0081552
1.0895835946648598,410930660.9790975
0.3702787102806186,288254065.74303234
-0.425002728470778,324801251.3964749
-0.9296709897391956,577166690.265923
0.8859620374908094,425027417.1526647
0.8190847461029889,274011086.48303753
0.346494902943216,530341071.0039092
-0.3827618280633247,501882535.3826662
-0.2081577385809216,388990857.26346487
-0.5103439417515112,483549492.9330913
-0.1576715960864811,512115935.6301915
-0.1288971275102516,528853694.1285277
-0.7799382628448885,564520890.5227867
0.5710761035376823,714897122.9747782
-0.9788814368927788,543997402.3924379
-0.2115053604320906,334080517.0970913
0.3992120489644566,823528223.1319437
0.2263942409781014,467288448.0663573
-0.7871828636005842,399885222.4026964
0.9812564576560222,306675295.337684
-0.0839601481113699,711029746.3470871
-1.1537089833723175,773149070.4262801
0.1824735728083532,365770127.9815866
1.740588687510623,781557824.9333949
0.042665110771601,655581723.9190747
-0.4187769089548729,718474862.4938254
-0.2696148140221467,514975820.5279325
1.0712925054457485,956100917.6203212
-0.4618008157065121,370255940.541096
0.9419910679908868,156255048.58144495
-0.2366462634891135,581390691.8598812
-0.0030563216601605,404092538.1102324
-0.9224791341988996,473079728.997196
0.4159920482693268,343976926.04201543
-0.9353386168819398,563235100.3434768
0.3519197235897338,384733178.1127849
-0.1644712562798063,603942581.5941606
1.3604473351620725,395897720.034416
1.1238930571788328,617826460.7581527
-0.9349569841229096,611495840.830125
0.1525837585292776,511667035.81115705
0.9281502284842642,401393735.2707999
0.3880510379874625,346118397.9851536
-0.6696194971715861,228043549.9388564
-0.1311630427192409,322072622.69544303
1.557895512483223,628876934.254376
-0.3263706222828975,521905397.0816989
0.1039348779814947,604331517.318183
0.2826210190908346,399199248.6555016
-0.1430654615710273,640667700.4067928
0.5016406278196985,305751679.35408545
-0.4158669618492854,598196391.0656104
-0.7850558530937158,258942184.8707713
-0.1271957142138887,471016075.23699176
-0.3721756334609041,334621893.1822532
0.2658026648433392,457175984.9971212
0.7158677632195942,256726075.3784608
-0.210050646323634,423847529.5199138
-0.8410771193589031,504268838.2923272
-0.9277860056805208,613630709.6433427
-0.1189340225486006,355346205.450047
0.4919179873143053,578408803.2762399
0.2207047682227965,323577645.9127434
0.0960868548923858,238805441.33056152
-0.1572099666228074,701566919.497197
-0.304800442265944,704536873.0711651
1.3572605762530348,808058575.2132109
1.305491214451307,597262602.8330146
-0.6949434377359305,687317233.883239
0.0656842942259899,264409522.64511555
1.5362882812502952,782159281.4596987
1.0641956332055562,760787096.9897954
0.2950199136469218,378249978.6684712
0.0349003060274202,435157858.5825282
-0.7389767192357097,744535611.213498
0.1567936765095281,726453127.7405838
0.5767369648569373,579776506.7666523
0.1638620443435076,398532496.6433032
0.2859512802601142,563512439.5320154
-0.523489953994946,662673115.3980796
0.633453496413188,455985060.5708711
-0.2189333184569386,653715188.5979271
0.1274071382917257,464403784.4452149
0.0688413057467802,492425483.60847
1.0705752777256063,481188854.76332027
0.075687062094321,582925896.0285562
0.1427437664741175,507573604.7598607
-0.2466423527888464,562318556.4647391
0.252855470892885,273441963.007153
-0.0219617839860338,334696512.7643588
0.6689971797080078,770222448.4446397
-0.1073452844254837,352212338.14967906
0.8488982876527253,533239448.31102026
-0.6638347545781497,604768028.5006926
0.3182072610090586,455916287.38797903
0.8819221513256801,841579917.6505537
-1.0987312397165614,469478380.7337202
-1.539195473910448,469845147.8302325
0.5220517989697193,470314520.275696
-0.930199869919485,714264181.9241829
-0.8271331007856351,419737867.3618566
-0.603272951580683,225513680.1292527
-0.2071877123275954,575493910.0444107
-0.7452537909198435,574828767.786849
-0.640096724157037,581216062.2090191
0.6697777270974274,694230762.5454872
-0.2654254690998151,427300668.360096
0.8344799812435678,491279502.8003414
0.1060346574910331,402412669.2344421
-0.2463098500646862,295084306.7266853
-0.0404167662091662,558299808.3947537
-0.1873751530130836,459040148.216542
0.1496759136724113,248227774.81911004
0.5344299801581003,643371542.1557775
0.8680171929964183,552469133.0212669
0.4574900960580027,421121612.7030694
-0.121590496737323,392677119.7506905
-0.7903802183263334,374832313.4390343
-0.8300841499494096,502937702.6779443
0.0654295203141918,306981654.3078065
0.4480355332062112,696371562.3235538
-0.3000381405778886,178894284.17758793
-0.4865295278008375,592529196.8835204
0.5380789443112984,648225014.5251037
-0.4143635244187032,616733395.2778338
0.3366935050473764,505839063.8862899
-0.7500615786651038,388304290.3849185
-0.4611037083636103,623110890.123867
-0.6407492297624701,567710146.7010256
-1.1003524331644097,300704595.65385574
-0.4128246685837787,417403243.0970351
-0.0051276268146975,532821584.7614378
-0.3287147499842677,678370736.0327997
0.3812862617491921,661834189.6422248
-1.1873181716689514,880488915.0097572
-0.3014422105913264,640644384.3356954
-0.2424771683957719,220616398.32880387
-1.623106412815037,406205975.6885437
-0.0653494150866251,256346780.3479496
0.5353761741549574,113032489.47236414
-0.7409338800422144,430112735.0291739
-0.0421963688712348,359598196.6163077
0.3196669513134039,593607519.39343
-1.4335715490345824,634905027.8870895
-0.5021620167418247,435462926.2733114
1.5277875580868685,656325730.4471467
-0.6241229903532887,432045936.2842996
-1.5275374628314018,433081848.6479892
0.0594674601697842,287146606.25180787
-0.0483297150151765,711887151.9709687
-0.3778681440876217,395665592.0877984
0.270318276190526,562593681.7172252
-0.3012704378873306,435025738.0945044
-0.124501495999207,593299610.3620964
-0.2329948512532348,581383779.7467532
-0.6332662801984645,203430059.2685673
-0.8609298486681253,369277448.607241
-1.4195901529555215,666059605.9850411
1.6996945981651697,274561906.27333987
0.8233201950910871,373463786.2017898
-0.327338635886429,491834202.056495
-0.1196015883300469,208339275.0203195
-0.5257422089075601,198721881.572536
-0.0587749614393499,389101091.3136797
-0.3949627972370678,676706529.7171593
-0.9163085293427464,838482677.4483137
-0.0911739878080247,575744083.7166251
-0.1067130396173284,288304858.04830635
-1.5733393250258292,968148124.101416
0.164455262286755,429213523.9102772
0.1420972286309349,412047555.0396118
-0.2517507095608653,454145770.4799976
-0.1315762379844309,329733606.6150356
1.401405651970332,528562693.713613
-0.6239688957058774,208901976.26171505
-0.8677485706181649,528232594.4599426
-0.5191729476282753,359838703.3552863
-0.6463378594229507,730894643.3815056
0.0602590675434477,757363654.7608027
0.3880843560020087,420193106.6531874
0.799599199239706,247052685.2913536
-0.0683819629386329,523635817.5081192
-0.1518572008363872,569690769.6104223
0.358202276485797,675021245.0113865
0.905142166788999,856656901.9870212
0.13638889282539,676260796.4714711
-0.1719661179816304,492116702.5512234
-0.8127728529483532,841679572.644825
0.2387258872506872,483212020.2991452
0.6033866943485758,508610923.6861077
1.5702312010017647,415141055.1205581
-0.3573430658254307,392305581.9754148
-0.2713899682851033,531156503.763602
-1.0322432152801055,633066195.2292082
0.7704866372763322,615026703.0955434
0.811129295355598,401597487.5879988
0.0639807448134605,447986929.26377
0.403866371437042,741893122.3879062
0.009600074790417,548890300.2460817
1.085068426280485,582553931.6907346
-0.2546540481028509,827851926.3632015
-0.6490007673178375,552498708.6599354
-0.0634626158057918,567484119.2582786
1.1307721980778662,472429610.898558
-0.1072158095978482,561932951.5985651
0.2928113276522117,578726858.976848
-0.4106383335598568,609848086.3605362
-0.6257002678782034,280746210.05280644
0.9477405633372736,147272354.61908862
-0.497739665704457,288647571.9114866
0.7500431260250491,415001289.8577135
-0.0368433182881096,455879447.3544944
0.5049475123295268,613098822.4126503
-0.8831315233990363,444449417.0797911
-0.1608600823409901,284318058.3168433
0.8408856749271564,497911207.4967712
0.929028897272679,333742207.746084
0.3020466783212976,568359312.485533
0.2124663500213672,507480688.1167112
0.1972405608567683,512122241.7071724
-0.8310082343665804,632617704.6958542
-1.3941738867658435,494320848.3756309
0.5239946811000542,498323298.9981445
-0.714183387509654,601736669.7775583
0.4015574185790394,558122766.8455696
0.1218211756200733,406332387.21078753
-0.0133636276292619,407670203.44654286
0.5359841052259109,339056307.8287522
0.0963396000723403,408649435.8792146
0.6275024700584174,584581530.3770233
0.1951769516367416,475759731.04593736
-1.1342733177903024,728129657.2721444
-1.3955131832082777,775476970.4204273
-0.9332654335767504,434235427.8359451
0.1147980054712188,421530370.3492159
1.0376258753555805,369350709.153338
-0.294624431042462,498433264.0605429
0.4977213357274649,510101157.65525377
-0.3761693650316345,565334300.5628636
1.3773577013091094,377544309.5797329
-0.4436559196103514,400096431.4307062
-0.1241262718817334,550047056.3620965
0.5481656351358308,471474575.3257519
0.4634181488261891,526652411.1848581
-0.1215890252046678,367436804.4727634
0.2773313720046687,356849971.613196
1.1007637403668251,343907372.18504995
-0.80749280682437,722324432.3876184
0.4613777969710662,447353506.43995327
-0.3641343019209255,334348924.3928631
0.123842792319333,393978838.48385215
-0.5070088982943572,298816280.4195249
0.7179326275115565,605632972.1590314
-0.7180410262296268,296002998.2597846
0.7111577474727802,588962805.2750378
0.0182804189499373,539302890.1220231
0.399874152000068,434904424.1042746
0.6533500835606657,470306291.9020693
0.3702954968905261,379337111.0321469
0.4046978349805097,709664489.6750171
-0.2030166986266411,288128992.0539938
0.4987558579553661,376703383.90334177
-0.2880092555647533,416634759.5762454
0.4729031714789682,670840080.7311683
0.0809901533132594,506347958.2198408
-0.0455203146074784,726541301.8979526
0.1089876621778409,206324941.73816916
-0.818233167532054,517125782.1097768
0.6155935659289438,326197902.861357
0.2439516777627743,215648833.15062484
0.5135667354412118,518269704.17757225
0.6915285302040767,516041751.90193015
-0.4591048203351022,187577142.17381465
-0.9610983138514596,557887521.433124
-0.3550351615140888,391370981.6710697
-0.2745420087479424,709201474.5193264
0.1433107788420198,674240074.0098596
-1.6705681778922965,204356226.97861612
-1.3512573408348667,577075951.7323297
-0.8087778903112903,485257023.5313335
-0.9555770444518332,427746244.8061904
0.6271156175031298,304689013.8750642
0.8463288768410946,253976872.66960263
-0.6184555887642782,360816572.19774073
-0.519066520053724,528471116.431308
-0.1993454583075576,740752632.4073333
0.2222084426584104,330299767.0391423
-0.5276442403254337,590069879.8311062
0.1976467895085309,413932824.0359271
0.6608339374092611,389586554.7340233
-0.0154508709630979,367546348.1566113
1.6867552937367645,803574239.4803742
0.5366458493441166,567259885.5066677
-1.094420116240576,752425121.3489183
-0.03049417369293,359149327.6339253
-0.4525096430576453,780170341.2755967
-0.6185724662356199,411770183.321684
0.1749791140428829,537851438.1265244
0.442657590684007,561204478.753628
0.6015856105738847,525570684.4965976
0.0772721360065437,571295738.2014887
-0.1971202726044463,405306784.4848229
-0.1565215836218131,494095831.4662142
0.8781805382063739,438629759.0637692
0.0448350451536391,337609056.8512075
0.2795272594165208,596150059.8052766
0.0908838019611268,578787245.8056369
-0.0150757892604915,357386972.15160674
-0.2746874542496466,703011532.6112856
-0.1006513737400215,449011769.2643581
0.3245283586781345,562514262.0186363
0.984648221228281,477155776.48053634
1.632951636273884,911247047.3208172
-0.1653275470997983,572239011.9207633
0.6136493769936103,715349424.6699938
-0.2185683409093227,281913390.3697106
0.3143149466662722,594215040.8847162
-0.2155009342693895,571625666.447601
0.0008735362197858,173655737.96294022
-0.1607993250604386,344210127.6841513
0.948881372075892,474866396.48221695
0.1851714884876188,578598730.9223319
1.0316881647670162,286857332.32260925
1.3784501907748423,136775956.20244914
-0.3917545137055895,283363032.7708935
0.0335626129335601,451678975.818143
0.1311633353751894,346759716.5391541
-0.2089777117107225,464482931.28081554
1.003097762086545,463633536.13449234
0.4539882053932588,687851685.454796
-0.8273178136303224,663400035.3131002
-1.1792339485504872,593966907.4662617
-0.544538570050777,768421688.3520236
0.9892171760788072,558095005.5146698
0.2225035307785322,582260429.3569895
1.226096113196763,529055248.44159234
-0.427526936678621,186001785.3891697
0.4584947522921613,509282307.9492368
0.999670948971604,427654268.1207461
0.9930129625123484,195609277.50647035
0.3366726229696694,418895555.2318941
1.3720434298235116,712638935.4169463
0.4468470722617222,649144814.0299498
-0.8129067487797437,334547191.71058273
-0.3178790985179751,474162055.3188124
1.09022771042984,461038429.435834
-0.8854669969892537,418979499.3847936
0.6665174927659426,677318179.6941181
-0.3920310754197058,418536136.4114327
-0.7869831068286534,558042523.4710643
0.8622806906344022,454940180.1285368
0.6197578640886294,807077149.3097267
0.4238488219945053,559986678.9039619
0.6304559420600746,584948316.1871206
-1.752343662982716,483649265.8747776
-0.8228627736112597,670722869.7601898
0.7937593413997774,333628843.9000084
-1.196192162410142,330104769.52567923
-0.6895619026494156,670833303.0975894
-0.8481488398639451,456393684.85574514
-0.3469543126547272,392387255.4500856
0.0976770262472936,491542408.7281801
0.6772090918467479,377679759.3456032
0.4790867901406224,389589880.5274096
0.0280274668157393,409786193.6894141
0.1108355646722414,543321388.7096924
-1.2109791529042615,358439691.0684763
0.0165735857339762,538846930.3959041
-0.579845713749084,537228339.0993241
0.6593442038918527,660100057.7206358
-0.9095999455964604,398383859.3333814
0.3381070804776375,293405490.51164806
0.864381995911609,367908187.236609
-0.075465222411958,464357190.6595388
0.6516342224863167,513818811.2050424
0.1743456335089732,319723092.0430936
-0.0940118169555884,373045239.0070477
-0.5955538768866635,409480635.61201626
1.0061649971313191,455374089.3847764
-0.4584502174051741,261471645.77394524
1.2065083452593508,170784747.84055704
-0.4662790785323452,223838068.7650659
0.1147166985693303,579565421.7966206
1.3579244734130782,26396143.763723902
-0.1523556702479744,541123393.7232383
1.136979380780748,250385683.5333992
0.2993899173695297,533911878.1356964
-0.8381772355297046,171448100.25271183
-0.1728568292503453,454672517.77092725
0.561151224808641,507189146.8505024
-0.1873319216803143,202905978.9732921
-0.979943643008548,202339365.3443393
0.216080728374515,477685619.2545311
0.2275693922192024,684631167.4778045
-0.5870781970022747,477848340.2378571
0.4260446333588219,535827431.22526425
-0.0201337343839567,781044384.8603343
-0.3645279774430563,320320394.15692586
-0.8192576738035858,520576553.7289879
-0.2836127352567907,429992958.5098
0.1189811178299734,570174675.9331434
1.5374749634120248,796765904.9894453
0.0407115795313081,312473030.6183778
0.231440740517577,589601840.5237724
-0.8929032697760936,237582550.8241094
0.1930839733921738,802682841.2420282
-0.4621466030919159,494029915.2513328
-0.6767402808191662,695759994.7098674
0.9790691686490502,290644516.6477853
0.8361717650770174,670791019.8626677
-0.1045667444622861,402561356.6269661
-1.2551648857707858,534254870.4758595
0.3780112563910298,379099057.1578596
-0.2481697286572888,396176966.4257591
0.1450542296865857,778537215.7954365
0.2444007170661434,536458369.69877946
-0.0290347817617391,498127983.9152945
0.4696428303730511,496848532.96148777
0.0881424377475939,350305532.7322345
0.5873769252971409,444771538.58313686
0.3105418920555426,403244306.5180501
0.4913776718489671,390483116.5060627
-1.231877753728719,162582279.82194835
0.7297554196861133,391900579.8379925
-0.0237098168983651,359815887.2889021
0.3590169522741007,606060518.5633185
-0.0152269058021184,682709279.453722
0.8115590567034555,527880852.143473
0.6018719195637219,410456206.90459406
0.967906261388004,641568311.7121825
0.0602205661904488,681911149.3802187
0.6586929302000522,304612455.94397503
-0.6739418507442895,568042588.866476
-0.463738598454441,631948390.2496156
-0.2501989372793679,569800325.3399907
0.1337266717978003,442509405.3495365
0.3354746949474257,656052473.9171828
1.0050799412894056,191896408.2658916
1.094980945833444,64419047.334513225
1.6686130050712138,439035525.41163176
-0.1060879051850577,485342713.1665607
0.4911885161019979,401677006.6120986
1.171190147066407,447250123.4783036
0.1116772857372414,501516324.1172559
0.8695268371633493,681558189.6648136
0.4031129279314968,572927486.5886039
-0.3535374346032979,576095440.0301256
1.3064642379109157,77348531.27862465
-0.1375645803401792,484917917.766976
-0.5215609672616046,635737942.9612738
-0.3847006873231062,583416849.1890901
0.0069100870067502,421136404.7368066
-0.2197326862230854,361635496.9028293
0.903049302879806,382586638.7562011
0.570612275622231,485682666.7483206
-1.005861794778397,119309419.34610112
1.1301222160580398,476521746.7713381
-0.6137694685329236,759536569.257471
0.6935775559133015,369137251.8454143
0.6747621570899682,354089905.9296883
-0.1842852474074878,560049912.858572
0.3909993047643148,293894096.3088573
1.3624003463788688,491078592.9816554
-0.3823809903254956,681169159.151976
-0.2853193465333069,232388547.0478447
-0.4728309917676243,713558178.2832912
-1.63379126595038,219979511.04036453
0.4217370185873789,438739376.2575222
0.1267167018519162,379294354.4201401
-0.535916633499443,519795876.39554566
0.1256491488380167,398914825.5924114
0.9437140122371688,592755582.6876857
0.5607531348133649,476358582.70922494
1.0184647383439187,95593046.87317792
1.269607012995681,327591887.1773515
0.0789653935471593,815045038.1470207
0.878373817927439,398067042.2760031
-0.173636743014709,412962167.7884208
-0.7450777607988665,598907052.6917393
0.3497339309784141,661199309.9693305
-0.7118445035067097,490729623.1121041
-0.0427692588725989,359852821.9387899
-0.3508192070963901,669326527.2977351
-0.4616647688997506,313164358.37796605
-0.5868570456599294,681868281.453963
1.8441529245742887,688216731.1552577
0.6450513162251157,417978300.0825477
1.044426913623791,845742800.7327257
1.0907553836617847,495030666.3794429
0.0808598663528538,451487186.2732847
-1.614428239998026,7145847.000856813
1.2680543435040694,569926630.4439642
0.2482654956221227,645835345.9473083
-0.0938099760377581,576352322.2031491
-0.0707330720832038,428837142.7053322
1.277738491088306,771115487.805039
-0.185737890259543,708663161.0044075
-0.2563199989600426,431376445.0147993
-0.0826399110912547,352589446.7464341
0.8571254550762639,717860085.4970948
-0.1051133916012157,539609350.2754986
-0.3860634953359674,670940252.2043029
-0.318245489990427,828545677.2954048
-0.2323391901395719,793824397.5390319
-0.9361011810326424,340765837.8051367
0.7780725091513718,662837692.3383553
0.2693965846692849,603919955.2826625
-0.6069254679927961,521355569.1643216
0.0846546257451096,428473067.4648422
-0.0435168897504192,521528269.5083496
0.1454197047522346,583991614.1543077
0.1383713882927931,365140196.65774894
-0.1328577071257624,494266602.9842587
0.0298040515557717,618153442.5002679
0.2037425429550243,569596781.4132903
1.1793962486350158,423053264.99925584
-0.3365897040313337,758700681.3021691
-1.0174159392243114,389210938.5248906
-1.0165963687908564,88927066.13766271
0.6360942633569777,540887199.2619691
-0.7629990318402172,331753240.4408271
-0.3269906415995476,784119809.7085733
0.4213262222041745,412068448.4777674
-0.7169561084051995,436536529.8265437
1.3326925464946264,619411879.8584856
0.1839831793571684,512568788.8584757
-0.735232374952043,567703968.12879
0.6668086157052178,342724280.5926196
0.8613231804941576,658801766.2410125
0.3457017052368079,407806892.9536505
0.2563193597409807,507633451.8532114
1.710083144992753,387802857.30193406
-0.5115023837597545,457182648.15109503
1.598591106050384,522347070.4836824
-0.1209068250580332,598699044.4153601
0.5902488049800397,558171710.0235953
-0.1827017886156556,419702631.76084495
0.0900905638604475,353266274.49098754
0.6711572140597627,375292847.6732035
-0.411029615128183,440518298.8470469
0.2417584032466915,606849700.7408025
-0.7542839849504984,623259955.8924278
-0.6630031025535645,210791554.79883367
0.2207549314704465,850468650.6044271
0.9109152640830556,235989689.5066587
-1.5820263743820455,419968215.5260724
0.0275486080844696,705104067.8114595
-0.1409713712723784,355246650.3991722
-0.7994117735426687,738454276.3386103
0.1875930244988374,504291309.3160409
1.249595973738706,513909531.3913448
-0.6776113883840963,322155982.8927148
-0.6793915831680198,777717735.7417903
0.2194786367199355,508444024.1862614
-0.1729953890827483,553504647.6887394
0.201708852847278,566806481.2790648
0.6843742807355863,384382521.3266948
0.7835631300355499,621242488.2014335
-0.5214091113449332,313278881.08310235
-0.3787588540279438,597912439.8752377
0.3074449311171066,568512661.2072283
-0.0087213013172879,803874771.3147115
-0.4854351929577318,456611768.6464282
-0.62625668498238,219049821.05339205
-0.6473787815337504,864938361.1738074
0.3534071754995604,409586439.0704767
0.5270502837021676,714865666.5221251
-0.4473554695739285,240811938.25252643
0.2237809074694766,722457690.9583931
-0.0807054050685,410751339.38972855
0.1163092466896815,328405562.2320864
0.678993206282347,712998100.6298094
-0.495646539242947,553431338.5119249
-0.0026961399165903,507811459.26474017
0.5167256871677718,472547407.02426
-0.0817847766275909,357003973.63403225
-0.7459680908274567,110761494.32245062
0.0064252500369727,485246945.8203952
0.9210285002269648,654095402.5045365
0.3441462804102183,615274338.4416887
-0.2465976574354991,294648037.8476165
0.4493258715485909,777516866.1868579
0.407691959855479,203784862.89564368
-0.0437258224957417,518975745.4661512
0.413140759153111,441535465.4399719
-0.1210228042456706,238696902.28482968
-0.3581189718674588,199723216.82475445
0.4365768527484953,500425286.0889827
0.5294711533477343,720500028.3166391
-0.6791435396440372,259258752.81469765
-1.0799054258374847,520213278.2635802
1.479721673035844,38853272.45833037
-0.4931684917200585,296724380.27165204
0.5969667885134862,588723490.2271062
-0.115350640680014,510656526.51503104
0.0795257388158909,239365877.3783065
-0.5113504721704448,736276401.0735935
0.0528819777397954,634779885.6853435
0.7725529273867321,538039529.1122113
-0.4965662776184536,994214654.3226776
0.7825485763934925,290685438.9410319
0.6547049822339824,421103437.717788
-0.2380099675884892,339946775.73413855
-0.6413423601791594,548693048.790551
0.6047849164104759,269882775.27539
0.0085686122664816,431625098.4932224
-0.4497147662722183,680879342.1004953
0.4798635845735492,634098928.3399605
-0.7971648497260333,612241395.8542472
0.0592635625486999,535780250.27757424
0.3755081215670883,351163084.61485326
0.1394418107005882,461343861.9831968
-0.931708929670524,471508436.6011748
0.06923215845176,500869276.3601022
1.125637270736395,822782542.9503962
-0.4557209983927356,256493117.1581776
-0.8958421446080296,396311326.32140833
-1.3432912240819392,685529396.1494662
-0.0432827856423252,768622753.7079134
0.2286505277121073,424792393.4792873
0.4894237010351375,714167510.9594669
0.6387714204612428,357824187.417692
-0.1700981423494094,251392479.8580052
-0.6406144089369725,368729566.6166105
-0.6273688612788066,725036238.1488582
-0.7735874006861289,213660738.02715573
0.0536500925639888,420583585.2307409
0.0810674288627906,417122610.2915084
-0.1319140562281937,355912504.9896732
-0.1419169889235877,539726374.5543635
-0.5656777807718685,670108616.4952649
0.2149229006724143,741013209.8230826
-0.1130177409954754,349071257.42605394
-0.08526612153153,480830586.779602
0.2102863897431574,303879117.0018214
0.3701217454150341,629775013.2192659
-0.7937526434843512,587199425.1748807
0.2747331473144103,316788397.8393812
0.1040157183602866,379473452.3549903
1.3430996203565684,474467326.7181804
0.8437039946042494,388980001.8817832
-0.1091698350129,520175665.664018
0.0064321501724688,514532874.9640819
-0.60190936943194,609262305.6879177
0.8697517700788912,470234692.5936151
-0.6682028430432003,600864883.3340927
0.1291401611943718,558776665.4688843
0.1611942125636704,572035653.5595889
0.9646398791673012,535322910.263056
-0.1446205399107201,463195052.7502226
-0.227816848030472,493046362.3944989
0.3025413719938545,690264780.6766248
0.2136491204582689,520128898.2751175
-0.239377720935911,322750984.9499313
-0.2059686541398769,623238046.1542784
0.1506551076632458,503329347.7768456
-0.0802828214113386,727489313.5134164
-1.0514645394827795,573886475.6472484
1.2276330751908513,405976547.7104994
0.2254984600361973,461757741.7472014
-0.3214078528824338,281230720.2471904
0.0406783307014421,263244563.81251764
-0.4312278712159106,306409210.67582893
-0.6563785711690004,471147577.5430648
-0.8704790348975558,406959656.5923304
-1.282134374721977,617869543.1862943
1.0269685647284643,544344115.8029604
1.1924985267882613,752311826.5882488
-0.2623591180779326,533777195.77334166
0.5574552331166841,492699359.14209497
-0.6868371844797734,630436925.2881639
-0.7180899130598908,884120422.9933258
1.3239478703743912,361938823.7845754
-0.3761014501913724,344726859.44570786
0.2251770478598452,603319022.6796825
-0.1718011524905162,452314059.1820135
-1.549750561251004,36468995.47407574
-0.3981252436077991,360734828.3666272
0.5698359458404207,401849984.5668951
0.3166821583618645,512421996.9462004
-0.2633905643658915,594351188.5044944
0.2847709941243893,303625686.4780307
0.7912909243964639,488339049.87081575
0.2132787452376978,531336418.2492034
0.7096592533663831,427796055.87440217
-0.0150304830881029,656353196.2813674
0.0235856515244572,818231255.2047524
-0.574906580264295,271240413.5169116
-0.0088027789644018,473153312.6774786
0.0396342559925084,634051730.8633918
-0.3530777958866936,453879823.19690657
-0.2857469480302463,680899113.4950199
0.40079937479767,450331392.708392
0.1565290942370423,591834576.0799739
0.3842266014728578,593066769.1362066
0.6579898152738745,290981160.0732547
-0.3539987984685965,720167263.8585202
0.2907108874173295,359631836.8206566
-0.2936261649572723,511923551.1031903
-0.961180100820848,362305853.3547484
-0.2739910310693401,508733401.523512
1.0336427015107643,528245255.921631
-0.0363415654719186,590489389.4012278
0.3298698404498365,778150178.1319996
-0.1122073976807667,301079048.5342046
-0.4262144524483017,560489121.0464631
-1.3465974441505884,825138402.542791
0.5232291862013954,492418742.1225261
-0.5764690185421522,447483079.0936768
-0.1432787034141036,509577298.78611606
-0.5311168797843882,584060323.7439033
-0.3405485253814617,495378476.2759368
0.5333201561027916,560087498.1761582
-0.1684475596356896,592925709.2291983
-0.2822285855558898,645490784.1417643
-0.5470121230797553,405017011.2225884
-0.8929909047453262,48388003.218136415
-0.8907627046036625,413978630.84104383
-0.51510685478624,541138558.3873303
-0.0121071326478452,385746284.8453552
-0.5643007882118735,550380178.659485
0.0413443202635206,467299350.3972676
-0.3299886953053167,546351565.3415102
0.6449192752637015,500503135.1171856
1.324474282477076,622237994.0944487
-1.274654554973988,632651166.3515449
-0.3086621112648712,478588697.2432352
0.2093301755262722,327752492.5740836
-1.7948353188202923,461052309.8665792
-0.1647204551318384,519941355.576203
-0.1015458639337389,317462987.51795614
0.9025518444756574,438111015.7622343
0.7224432173366294,546889879.7662039
-1.2426946139000663,317578086.4255558
0.0416058339219922,386272226.7903017
-0.9807860199079396,799955340.9127125
-0.9143281295852308,721563061.8462143
0.5453067015592621,527585888.7643099
0.5136550376323216,492192725.1345695
-0.5771867269158466,466063764.6814953
-0.2012723655385009,561454462.492305
0.2566669155045402,424352240.9003561
0.3804184762931424,418143713.8572037
-0.0610202944754254,475651076.3917178
-0.0644492811865923,327688179.402998
-1.0265159199169305,491991427.0810788
-1.4956194920083306,349776139.0027148
-1.619643318004599,740176175.8132317
-0.6924783893644204,212620049.543131
0.6066742531834531,528161088.0910173
-0.0281020308629948,740827765.9926224
-1.4550120395531805,320911035.7044578
0.5781368173380845,483382108.225558
-0.1971083002939078,524189317.2221428
0.5997876887604293,442848206.1254073
0.1113533606186968,512877415.418532
0.214890995031899,378324861.5191775
-0.3436853845181941,544308314.8356203
0.1084430304181834,570945741.7907288
-0.2239420386124029,474199026.6274712
-0.9554142517747154,389571935.514572
0.2404104520816093,634039284.5419719
-0.1890927517930277,683789429.8307669
-0.4112547726646736,464512057.1300844
-0.8477889813932551,581283090.2210684
-0.3815944209575172,358234194.3421407
1.010779691987948,725078178.8104857
-0.4552776313411475,578391143.9543116
0.5635236861603995,584593888.6476799
0.8338745924693589,723440913.1858847
-0.5172101692275052,415790475.571178
0.4848514194849128,536994757.5188583
-0.0451534712986417,495967913.570425
0.0036465262790501,334276116.5272416
-1.470196072882265,129958395.5087657
0.9016422887153314,669465991.446925
-0.8872404176387564,415527009.2502727
-0.012066062048073,334684996.17286044
0.0683983816681716,448580639.11849856
-0.8994844949492582,504528540.89555866
-0.4016124743240693,454233240.5456593
-0.1250209021548287,309400949.1995128
-0.5730464776269201,506488369.7217748
0.0108743797986982,642089608.6712961
-0.7250456453217328,522410220.81362426
-0.8236740025857636,364339181.95796746
0.2333121949370369,609507162.4272534
0.1559485358264343,607625592.170289
0.6706122787275577,396950799.5154586
-0.2879122935321019,600834782.2849665
-0.053571158641466,768286798.3311272
-0.2244441406795863,669656814.530642
-0.1650383044049026,335931965.25762814
0.1627902728653001,639782701.7035205
0.0274121898799102,533865185.0514234
-0.0415305077540321,281059146.0861188
0.1203405665550936,515039158.6361027
-0.1681641367085485,454035119.38321567
-0.8950064110654323,704241718.9123034
-0.2974434831472952,574883808.9381176
-0.7312373996136268,560784645.0820142
-0.0424615246564421,664435666.3096067
0.315363616584685,878547052.5277902
-0.3735778243701678,632871451.237084
-0.3013601420476689,516770220.2220249
0.0077705745395397,434955362.88773984
0.9452045591487064,701788611.700437
1.0404875253787242,535884551.96369904
0.3172118603548498,448258925.22239375
-0.0044363981968532,368193111.9093708
-0.2032702822600893,663323699.1793642
1.3594246429308607,539538399.6298889
0.7041691831574802,296618601.8048698
0.1214927472838516,542787211.8059734
-0.1407783508546696,232597324.1196703
-1.4607368392145428,480925004.9044367
0.2008804948059181,734769442.7483039
-0.4082483642168866,579242926.869454
-0.7281746749143427,480812965.9651358
-0.1457869753827549,370855593.598711
0.4522608435511757,342985169.85172296
0.8458451590706563,593181042.2084254
-0.6781357738777258,575143726.0548165
0.2434926793381809,502431837.8423525
0.0593256213777343,743861623.7818274
0.0300572708063385,672545276.1337321
0.3483388449940043,414584872.6564229
-0.2540500115298384,536886345.1874725
-0.424482247457965,252204618.8130835
-0.4558511036824376,565728079.905795
-1.647035144186805,546852614.7558397
0.1776507565927391,404966715.9494236
-0.4578272626114135,598674987.0134242
-0.8622872460987915,532900068.40503496
0.1581350920209936,519336075.20886654
0.1589285576873786,576985236.921454
-0.0883367534208824,521806278.1276608
1.7503527130571466,629564358.260015
-0.4128342757131933,513948784.4298634
-0.3560799466330693,352903863.3746216
-0.3270897460887044,393651153.2319997
1.349339771665493,839563253.6898541
1.045741324576717,653096643.9337138
-0.1788249506538446,535528110.950383
-0.2363011748331531,814733843.7094743
-0.6246647824416097,471870595.8797557
0.4511853924325093,645555933.8209295
0.5734064895030441,615430872.1566615
0.1782177829487249,667938027.7202747
0.0610499495622651,605255151.78451
-0.0847737459190461,482840541.498845
0.5634054971347181,835378494.3910488
-0.7361003200061751,510012026.7762731
-0.8729497879603532,285860555.5565342
-0.6645925532971981,797612509.3054707
-0.9210549942516792,654840081.6716434
1.1491206921343748,257696755.42105567
-0.299569032118503,508114871.5040375
-0.9574948919861463,164970721.6709753
-0.1386783741562349,326811435.1443105
-1.4531573575705112,276125260.7021341
0.2720626757014165,479385627.29127216
-0.0162595348796426,737945151.8235699
-0.083682901860778,371345572.77218896
0.7769335127327304,396829609.9106341
0.4111373690450988,380272168.6745592
-0.5068032282533932,616569463.0613488
0.8414789311018716,672032231.7469491
0.5396248680619389,418158555.3670931
-0.3202186039285783,627773176.912082
-0.7895741675025494,793093032.4247979
-0.5072561572139936,271975239.4397928
-0.0123959690023963,348537741.3259613
-0.7670524492295702,537171861.9027058
0.0662131509829552,276652325.36341447
0.3137679019575146,526625044.58985
-0.9127911131356758,688089387.0488786
0.1830663648815526,513552195.5056141
0.1321994322154713,273354017.15344924
0.1900308039472532,463635778.158053
0.010403359563281,305188989.10302746
0.4605602103063406,456122654.85625714
1.04389197336131,312960084.38069254
0.770603821838383,939497566.2672638
0.3390176670244044,580082486.2322643
0.5316205631127366,627906351.7948269
0.119724106100729,266367902.09674487
-0.2838238363543262,636168398.4646684
-0.1833177199838259,733430851.0564852
0.5079348823979144,864501865.2385999
0.1107714373769924,392663439.27333605
0.0482411773380131,646473041.5053778
0.5183850763530814,544340034.2645721
0.7588631005919687,421306742.141178
0.1813819369742227,687514315.0266448
0.0325669927247562,547744785.6260904
-0.0724628301004592,501718653.851184
0.266297143668617,782773356.2557348
-0.6332985136233876,410899224.3986615
-0.2389031287360242,233363734.7479
-0.0496136922086714,294967289.955304
0.1022094783189882,783988224.508002
0.5480620160334613,622181910.5214891
0.0550226170868869,707218003.526509
-0.4054961071060213,568072697.1730323
0.4573566628335861,857228929.8384074
0.5864422889999756,401134826.0408113
-1.3733651160488467,309611531.973615
1.9852865393702048,248317809.26783103
0.8717260746081409,379782693.28087455
-0.2881667820471328,700795072.693471
-0.9033454752528832,520579977.4299668
-0.5853242485744846,198529509.23392868
0.1710072918982159,694128545.2017457
-1.038881063963963,502612466.2163981
-0.4633099671478589,294713148.20382786
0.7851899975643786,660424841.0450293
1.002118437940276,459760477.3195867
0.6885753918270594,761599317.2922547
-0.3526833865821479,339032884.1595481
-0.9024781893070216,627104679.9796293
0.4555398743911582,483082975.76900494
-0.4191010613034506,526537753.6474154
0.0024628489807432,443538629.2570471
-0.1055836442749047,535027662.3502684
0.3102791650819551,348852286.2438263
0.4424417841731327,314018841.22472787
0.4686474543604195,701017541.7813486
-0.8331347038279036,619489053.519587
-0.1676462707969168,509865862.5023301
-0.0469345088224591,481601519.44727534
0.4609530664582675,668996602.398899
1.0757171713655302,527149663.5585479
0.3232306905166497,469918753.97775984
0.1097628406862162,442745000.0651676
0.8799791211827113,451865348.4857183
-0.0654222052781395,683499277.0887526
-0.2624992019737913,615493276.0396055
0.6791240544188114,567405658.512824
0.2266904602592749,655107779.1655302
-0.6798706717708928,492193481.3631826
-0.984678942928626,623338627.661592
-0.7136482252154954,473302538.7104107
-0.6620510803015834,508585487.0594522
-0.0992445120215999,593266827.9136934
-0.3888936622678784,319526906.38320005
1.9429461551072773,962749090.798166
-0.0858942418124053,579160342.1421913
-0.1944216993061014,465441607.56913215
-0.4805045272974772,466808545.30217
-0.5729059762777131,319970103.7768607
-1.038582182760376,462965820.1427234
0.2496176615341755,504771008.9200131
0.5603995150986888,499520507.8750156
0.0865332022401362,439155315.4024847
-1.2532219012545316,311222314.38536626
-0.4855577837969934,776713331.819258
0.5265939961303204,192674102.2396385
0.577951475294671,602928440.6862015
0.7982331595228102,501736426.92148966
0.927056526494283,366617848.8247021
0.4060323916184482,455039659.0593944
-1.1662506909901285,198411482.8821218
0.9087186907046714,335335368.126079
-0.7991945957982194,560373031.2671769
0.1520798749954517,545676182.9636891
0.6029317182931826,192973086.05168185
-0.2894084446482882,725195333.1044239
0.2026601047281926,624148445.9442384
-0.938485744468211,499491143.24088913
0.3749528655846758,591129814.7949575
0.6897240142463136,758729945.5939192
0.8662064659242503,507367142.0258521
-0.3454792189302793,373705509.0023692
-0.0472666773413307,362529479.3541931
0.246121415759158,334505337.0135448
-1.9405928241489487,910434666.6207048
-0.1545334753762006,683711341.9600377
-0.0026865938309218,256759201.87864125
-1.0757845586987562,675192341.4111
-0.1894072252238575,369871581.0374784
0.5242357449577597,536603845.2626812
-0.1480188058729634,580246184.933062
-0.306857182846577,391252863.87703913
-1.075269910029804,561674277.645387
-0.4893198142844384,395628145.23096514
-0.3759605866707406,790735087.8729101
0.0137058801812003,459519167.1828251
-0.0699982002515101,378453852.03197896
-0.0471234287893823,372651182.1070685
-0.0447791001701259,483269434.959645
0.5907381069129298,459604694.2204146
-0.6724828428976224,603410160.5560735
0.4344259135621706,332039727.51305336
0.7124148699484193,376714770.5991268
0.0358539679325219,696174740.8399097
1.0125113335226,385305943.044176
-0.7601834794726431,576835962.8331739
-0.4794336434436581,246862142.84258828
-0.1343870168549312,55171442.11757819
0.3025149570049735,393569291.8294016
0.0733179713077201,644488790.1009388
0.2010194282162515,524478537.3551556
0.5630289792357076,248773432.81590292
0.1935694258830556,571543889.055734
-0.0170140873589581,538163290.490942
-0.5306296377528769,761178847.8979473
0.4633180164345788,243070448.810286
0.558133786977454,457030634.3187978
-0.5003970146570188,864379603.1049654
0.0521770886121992,625701547.8404198
0.5403830780457052,523512485.3361507
-0.2681833890854797,468067844.93487215
-0.5264466815253915,563296760.173929
0.0435499600228639,478443070.2008025
-1.673220737496826,436630253.0139896
-0.6055552340466104,727089842.156559
-0.2801303692335186,204946419.02469385
0.1301282124675058,687929324.0501716
-0.6949071995098501,519940252.4081701
0.4520614436533351,331743341.814806
-0.5503227645555535,61805588.843698
-0.5969727205753452,484392695.35735416
0.2471783751614493,461205038.7502651
0.8045438767116663,460151799.3013285
0.2298412894306511,535151920.208353
0.2937033522804107,181465038.8635975
0.3042052221767635,444123082.2572335
-0.4789019684886218,153654363.24267727
0.657488333051444,357005086.80115986
-0.2289747756442541,625650608.2682532
-0.0056833030396686,456400050.68502057
0.4517997762420466,450357777.5646074
-0.6077648749357855,374103689.0856688
0.475466842234172,367553390.3341804
-0.1921868050083487,632971662.6614486
-0.1086440257676949,750284682.3379316
0.1492290001808357,414123642.28822845
-0.580728757355439,468988159.3671776
0.1250490988813048,503021857.81549
0.1534443234539152,579001461.1810628
0.1487282081332849,518139305.3090789
-0.002772980446877,575339504.8461376
0.0882377732074887,443577704.1339893
-0.0920180284731673,412601062.225238
-0.7010442275757235,648539315.814065
-0.2695614021549271,543029025.5138115
-0.3417612170388153,584159090.3233801
-0.3032594217420413,325854964.1343474
-0.8745557513257156,264997705.2216997
0.7603500582104358,571247595.1223824
-0.0451914806673372,417311805.013405
-0.3068826105399437,422928248.9520192
0.4822644088221647,333059689.1449815
1.7925280120759433,481701514.222939
-0.903487306144123,407387281.6288925
-0.5322361656903438,614221293.1020504
-0.0867688523350667,562459230.1389654
-0.4781919820868745,399198137.7586857
-0.1154208549382165,487990739.2037093
-0.0698309143678029,364871578.1649657
-0.1793761100680564,342019136.82811546
0.1400783528551057,856658132.24834
0.2417218505120699,345487793.7767564
0.0950549625051928,630491118.8469936
-0.079002649947413,355883939.5163984
0.1131957835810431,405936230.0939661
-0.6371879044314249,510722396.6115472
-0.3289960497043925,427042574.3919675
0.8615842744615358,259841186.8991531
-0.3245791116039906,590232051.0573341
-1.578859014182819,396022760.0301425
-0.8619677272036985,430675617.65285015
-0.0165933071742961,703669698.4614499
-0.4758818178707969,350869409.9511512
-0.5666427920147674,804900130.3987325
-0.6647169813748226,118827402.38123529
0.4808671189580156,323718854.72570217
0.4678468135844807,667572807.4816855
0.1541834610534824,578117350.1231894
-0.0936105441911545,601479074.7648394
-0.3441485943796886,80281958.10955583
-0.6662831156202492,428261156.2779336
-0.3094005461552632,582924488.7619891
0.1640050852409721,704900002.7240332
0.7833251715043131,654339176.2006447
-0.595616504376695,360510240.07807696
-0.1045965461072938,542566144.7373694
-0.0707850558866942,746657678.2929045
-0.5229610631210277,448554494.4602024
0.3470887787694965,389411544.44459486
-0.635666621159341,452325300.4005477
-0.0204017077267728,496259165.85351
0.0730098381951133,705111322.2898574
0.2944150924872266,382233931.7475243
-0.5886622262791301,916804265.2291032
-0.8392657117528707,362595842.028228
0.6846758979060086,673253312.9015535
-0.3802635843131498,499401914.7353996
0.2790463069206188,313129349.67610794
-1.2210349072961448,609759595.7307991
0.9937534119391184,522639076.0825813
-0.1087797393522011,350477243.5651868
-0.651664794528734,429815362.4919345
-0.2432791866418551,823996737.3001187
-0.8903778245240547,587508841.5980617
-0.221667437991879,465404475.2491244
-0.2459140567066636,599067461.8142188
0.4178303245165971,580251714.70687
0.4028325907617082,440542503.32877225
-1.9418435416100728,36505479.76043765
0.7929494173151993,161498913.60165188
0.2990582872338103,792716720.7428231
-0.0259289730276645,622301496.7524722
1.4815190332181447,381962452.0815283
-0.1529592885557549,705544949.2282462
-0.5442671238328134,640525585.2171512
0.7928270774766596,590575606.5761888
-0.2506082041688458,613745838.5547502
-0.175249537191492,406196497.549031
-0.4698894249231923,494333646.9497357
0.3428040055276085,761806930.145132
-0.3513724644899986,335132051.89679134
-0.1821927256209615,548206881.3766079
0.1032653212191505,364916858.0169239
0.3266576042401986,643970689.3362677
-0.5450722201685672,818816095.4554641
-0.671276984728447,647104989.6163131
-0.0296567279753107,336368480.1206394
-0.2915745701676829,269964779.8979394
0.2645437691935213,520632871.54278576
-0.2289507561663792,518661976.6010016
0.8499086611321541,531083031.2138805
-0.7969596026099903,446531749.6260741
0.4804203326100105,785413265.9771482
1.0048733830193328,442596345.8921253
-1.2384401297259529,405610823.669049
-1.4438165197720196,598518461.3605516
0.5515624006808502,509221394.7887581
-0.1671108382133504,419240578.8051296
-0.1762490264542872,474016083.5941327
-0.7093755786836794,512715164.3378664
0.6383482430996015,162822282.2420169
-0.3694920973072038,365162322.05145776
0.1669051415446172,945523089.9628534
-0.4047092048597552,580930785.9388072
0.2347178779623767,425654458.329622
-0.274907171287216,344389132.0107713
0.9445185826644508,61621574.4845399
0.1093915498852592,319865404.69095886
-1.430572693919374,608213561.1450934
0.5524080856922474,527248521.9179224
0.5483636064744224,427286627.087002
1.3359177978409211,712569050.4416316
1.208547475058164,491742218.16731256
-0.0873933410953702,695012088.1850224
-0.668422391537434,759328516.9995615
-0.0895140267556922,576416729.403373
-0.0233442934223955,790734555.5350345
0.2409827639251673,302812834.9138645
-0.5324820329624236,608407526.3807259
0.9123538714619772,6208112.996704761
-0.2119325625298533,721616353.584808
-0.3922078454878677,625938617.9522759
-0.3908159790048304,782279586.3336778
0.1859240400396752,702297785.3789202
-1.1472790423132404,368940412.68968016
0.385048765806316,528829651.5734064
0.117452965207887,542003352.6106042
-1.038920962037171,442920442.4229882
0.5036890143742458,402771483.5994868
0.4445821298148564,469350139.0257452
0.6374754216509895,595445657.1204318
-0.6761488136336178,456841415.1381899
-0.6087128605931866,148131720.99565804
-0.380457563546896,546313260.4486133
0.9414784823691228,619620619.9049475
0.1475710558977972,687063732.3534969
1.393642359241849,867465794.3747292
0.1123455823781892,595047458.3502347
-0.1099183552064428,468543977.0835564
0.7614020628499023,716757010.2400341
-0.2868197521251015,567029459.0725663
1.5811894089814076,829862876.8737924
-0.5565121348026872,747252915.5477524
0.2971857609394275,809314971.419276
-0.0617649210334941,398284360.88819706
-0.3110404730730496,558803960.0371996
0.037132838328878,499461521.1436456
0.0256496444808083,493783043.3230421
-0.9255323169164736,554427757.9779633
0.0739641998574456,589076046.5755101
-0.0164069577237269,249833269.66735852
0.3743944619246679,449166000.3004468
0.1144735490312653,560553469.1525905
0.6613737249797057,230185238.07339188
0.466125209725397,527786643.5275868
0.2477327445144069,411892149.77762127
-1.642603813991209,247522105.1686697
1.3522576048575048,571898262.1121451
-0.8628563901134314,213982944.66906232
-0.0454365655791796,580892737.7074231
0.1635231718593991,404607781.3047988
0.2023504953360023,569531617.1363429
0.8227736001471442,820178908.5317658
0.0501894276413131,568212975.6163638
0.2928946419830303,660997764.5641137
0.5718841668736413,523059290.2100399
0.1374456059767175,462959723.8102104
-0.2991789515519273,578333963.795756
-1.129014177506653,457024327.5754519
-0.1771180198632227,433526711.96330696
-0.9250438151506316,644362115.5296514
0.4713145221987243,520302790.4402369
-0.5096293904613205,376714966.1607041
0.5844978524042961,475197688.3222604
0.11481622070604,736800058.2651517
-0.3489381083371023,591997627.7615045
0.0606175606024337,704606255.666373
0.2015128857597581,527626550.0883937
0.1653770926373508,730148162.9637808
-0.3964160515980157,606510642.8878261
0.0719337634114409,835777641.0662775
0.3081469165442681,365927803.2881158
-0.5965430726463801,631083235.340272
0.6085685364654286,406778769.45117855
-0.694669767539657,419695309.56017625
0.1364616256016235,409163946.8558652
-0.0199081143119502,488831812.6347665
0.4086348001569926,224723798.1211024
-0.6436041533850264,501213622.4500456
-0.2301775807895953,486874647.6185834
-0.1505376638041132,739135895.5976049
-0.0861541605928913,499157199.3396897
0.2137366189747581,646087869.2709545
-0.2190533618189971,318798985.793936
-0.0735826579386282,706645487.3113267
-0.2763700007363053,427019954.59386855
-0.8799106801575233,422484063.4858392
-0.5153758408116141,259212914.4313446
0.8392166824858484,523936088.896677
0.3668861434228733,561883866.8311828
0.2019027014916951,385514681.1324231
0.4339640865518182,439963002.9798367
0.3342562592530904,466580352.2461602
-0.7810240547615956,44991737.45905183
-0.4998122917895019,443213412.174544
0.6992651765025489,706174075.6012441
0.7065149538783748,224790726.09452
-1.359854348964725,162790260.75918344
0.7411797421485019,468400933.5412952
0.0335217322548081,433039777.8935962
0.0725660396148879,695050155.1744707
0.1274124324389642,503059029.8469645
-0.1151745481231507,547856044.026587
0.6641370813215941,579241773.1964852
0.9768337823720354,316312639.0954258
-0.5150334630935716,687288637.990365
0.7114467986071782,493494810.33143806
-0.3953929117711287,678768312.78321
0.7401784606453239,421587166.33574855
-0.0042134395469342,262478582.28479823
-0.2604484548158671,615341048.8456228
0.6296437449660854,975251898.1953688
1.325359483421765,543767924.080199
-0.3069868569051446,557915820.5071726
0.653714917253176,427661109.90503657
-0.189634469956704,330177640.7268264
-0.1782001855696967,543796899.9311128
-0.0473140668855032,445519108.2493798
-0.0527413012741207,784671344.609552
-0.1135759496363786,460270440.86600417
-1.0593893783533046,709660941.0377008
0.3948462234669178,273998396.68479913
0.6947759201975136,416633816.351528
0.0586294822252564,522533089.0514149
-0.0296864865033642,431801083.7301154
-0.5046165327631548,382752732.0239507
-0.4128302013883795,568540099.7426419
0.7335799808377439,644365367.8050625
-0.0773915242709116,274836107.1576831
-0.192261351265415,308292996.7202781
0.0445919814615582,600918466.7460718
0.5187935668147264,433852706.5910704
0.1306316371966677,573425998.0709609
-0.2364038411925852,567300817.3134639
0.4197203744324378,530272022.916327
0.4359149441273527,486854888.1085067
0.2738020997656531,376163324.6224154
-0.234719471579295,500923953.1389122
0.2223487469924247,491040241.84591055
-0.0085571628856033,232687050.10176092
-0.2408023388606774,484618358.5817015
-1.5007396156956463,396705398.9414483
0.1236067054186331,640218749.7589608
-0.176560493515985,531286569.7102621
0.6968523643301099,537810352.3666562
0.2559331637976408,556924771.2568257
0.2611955844253701,712248928.0597496
-0.948361313970786,415905787.1673892
0.3680467177139755,495709135.3995677
-0.7502138933777627,236786876.63440472
0.9420938077430244,654738858.2410735
1.1366300725495195,297805357.1778857
0.6924435910106261,602160358.2345394
-0.2884754823060822,937437210.6454916
-0.5984465325189539,393573225.4546214
-0.1836095976878534,580372279.1169885
0.3296773020866388,543950768.6880602
0.5834499586036743,475117475.5812832
0.2499396238267126,413161049.2739691
0.4821710181130833,558100755.408939
0.2868103441432363,486829754.8065522
0.8722459770357023,459050721.4093932
-0.5918918769782531,672642837.9094341
0.6108567655324048,423738536.0954498
0.3399498361126654,518748876.64883
0.5317507602917589,663536507.9464949
-0.302060697454753,542598153.6331085
-0.0650414411698808,542953396.1745791
0.8902966252567672,462526334.12427294
-0.6048180507627559,327523429.4501518
0.1040576592143704,391940280.7336194
-0.3114967965602332,663192264.038075
-0.4290734370265898,604928713.3889585
-0.6793988654841208,241495013.79299635
-0.1197996967627017,395479057.4871712
0.5417543005156824,596496641.9293607
0.8580096913046136,390927410.9154291
0.2148647686157273,285258167.1085212
-1.5924863029163308,567765432.3460754
0.4454448833153793,345337869.00206363
0.2428999699330667,626737059.1662358
0.5036875891221576,86463013.73490292
0.2590983017520726,419330337.336753
0.5888853069639742,81688561.14538424
0.2639547774016809,448939157.3552043
0.0148457721827182,786217889.5350688
-0.2700643923360448,704131783.6374301
-0.6533813189396086,627918063.1604036
-0.2460146012683526,463219968.4310853
1.4659556029819418,627911983.0340065
0.7064861373404593,413122286.6310958
0.358311325245127,538956828.4305291
0.175805175611687,415950980.9443885
0.1010907371527112,272026401.7924669
1.274944559175918,633256513.947998
-0.0657006464113519,659780675.8337886
0.1538161196193792,738057234.9889646
1.0319613128939975,556236043.8022859
-0.0951434967111934,544056878.4732258
-0.8793506745229087,113511911.03534022
0.1350095945040292,435731930.5103387
0.261451186905819,546607139.0599061
-1.0755329279882315,446322372.8979151
0.6730593287280231,466375857.6210504
0.4130245318354031,489133960.4771861
-1.1184330948026042,596907819.228443
0.1486406448369878,164215057.70898375
0.3345438818662664,371285239.09896034
0.0826182248624212,468554183.5789325
-0.8324510026409643,570648185.4192547
-0.6119470613633251,472885196.9925563
-0.1699087523800826,320229478.9014252
-0.2397210707039378,499263946.6944718
0.1069514553310361,628778724.6401161
0.6368082427574075,348551433.3935349
-0.5148008193778936,453004670.86323386
0.1029495047418023,515200572.6891674
-0.1824756509329589,586238365.1261864
-0.8400620292027217,753041314.3808799
0.052601989816902,551902022.479463
0.1519811137314512,498623835.73905134
-0.3908635116678184,929466793.7728188
-0.6407584333297249,219103249.19192263
-0.0091780733776033,722896582.2804213
0.3033997629486757,661545126.0001085
-1.2148941415402223,716742906.3839763
0.4447545987106343,644779818.8814914
-0.5394788005055354,598885522.4003848
0.00776778237342,624214266.2782276
0.1441432793647904,464200764.279361
0.4611177141213007,498717902.7321072
1.1634234669796175,295481485.3532339
-1.0145967267603369,637806195.3458552
0.5692599804263351,663138803.8089426
-0.0646308095538865,604740768.5281126
-0.7201257362691399,535311160.9309977
1.1919969251122575,680076640.9693257
0.3209603696804613,504991000.1976231
-0.0148558364831432,522216125.24790335
-0.1665054682897,472383903.610329
-0.1950848114061999,307014005.0109513
0.1420566940410546,304954992.1092019
0.1022965303461421,379300360.85941535
0.1112169398700763,594155575.2655394
-0.4534832278891394,180897476.50210756
-0.2575662968178143,461921327.1611155
1.0441178196996026,735911108.0550039
-0.0920300788210751,476267397.8356786
0.932411534487656,673496297.1133063
0.1597338622367066,629762366.7630628
-0.9221123862729704,329631016.9021762
0.3432153956478229,385265926.1785283
-0.1434337319426258,222867287.46262196
-0.8472594619020428,384254367.0047613
-0.0255758169096554,360109666.860166
-0.2697525890655133,410464349.20595074
-0.7666180094592457,542260728.4103945
-0.9451142166069104,412855709.94210863
-0.30525698799102,429083930.7427088
1.4585384461268769,329367017.8790392
0.4004187448873655,410749615.2790253
-0.2987970284925159,422045288.9221136
0.3577933471002083,384174297.9104472
0.024185545700234,536330745.6920663
-0.1375112801048107,412577096.57882863
-0.484746231449804,419166161.1401607
0.3164957436012097,532188788.7757785
0.17133802824288,514695936.2780677
-0.0890793996640484,590921016.4994861
-0.2330144136745986,444001483.95516247
-0.1981536016908238,577796343.1026107
-0.2724802236756801,398950621.3670974
-1.1738625993009522,175210182.82484105
-1.3884831418501284,645478992.0365667
0.1417318804428746,614033443.0232136
-0.1565795751894025,702694978.1382902
0.6329712748243823,479329327.33693695
-0.1080952020841544,551909568.0827322
-0.7726212229492814,495313732.9776216
-1.339024544900436,733874115.6983875
-0.3330775809699525,706308956.9865263
-0.3034887320603912,710431875.1405678
0.977286793429896,440641944.9182313
-0.9007252858809832,623280284.0828623
1.2138512270283424,427605915.9301688
-0.5784412936659188,371496896.82026505
0.4037134987472666,279153755.32158124
-0.2062192405111148,602039324.2409277
-0.3740169876941278,331360271.0300083
-0.1690780718424082,619561582.1525347
-0.3194437766873558,404480416.47415024
-0.7538422779122835,438975702.55005866
-0.1121129872705842,623733971.7226526
-0.6954912181587508,619790736.620594
0.1429411919060818,569407928.2992061
-0.6451318598818213,407012152.5205948
-0.2654715887103688,421611117.5388076
0.0993940557071102,248599231.90538055
0.0218075524888047,554447103.611271
-1.9576895209829908,507062466.08386
-0.9211461187911796,446876864.4199904
0.3029519053964404,539159184.6177562
0.3108329406837528,480318930.78030974
0.4556208154056355,540100638.1789786
-0.7964792983937818,108866388.56508663
0.0461940795965963,207804300.82456765
0.4184367312791552,129474900.151482
1.2025984070822031,425026372.7318789
-0.6790138776936867,284583268.93698376
-0.6535326620661217,389420621.7381072
0.7473543894797358,549936051.506852
-0.5939475076047044,468087952.96164274
0.1707673689942798,347970319.6991925
-0.0560931468086073,417021933.61860687
-0.4409830235763246,907109471.8321128
-0.1671432156409231,285295444.04609
1.2479275451231209,442403133.8802544
0.6058179387867526,477414931.0418586
0.0310991899015847,366147853.4312187
-0.5911098690287595,213263561.6646223
-0.3495536246159325,550859179.7263929
-0.6224852034899933,608366455.7947626
-0.4346209120203645,394208235.1258089
1.6574557835224852,664352027.0550394
-0.0566252866514045,626657971.7993758
0.4374660703426449,384014516.80520993
0.4303657864565373,366806646.2925905
0.3879040825447683,734100957.6832113
0.527345973895263,8675821.341359919
-0.5194258877273983,705176472.7454759
-0.8133124781523153,545343952.3280109
-0.1694292435772828,394653020.13475806
-0.2654549872621097,706052487.9398966
1.1247163784173226,207182806.36869824
-0.3218170163565431,280567313.61972624
1.1929061200359397,591357116.5192747
-0.1995208297192225,751784928.9928542
1.0296817778009746,199957864.8495022
0.1896455128601795,494827342.8770645
-0.2852254016564887,480759598.0016168
-0.579812794598552,467893565.12507993
0.1824954934331057,484991229.3253856
-0.1015887773399414,326814741.26302546
-0.5424921141375103,439383432.4998775
0.0800373486439047,436454621.0163915
0.1920327877706205,433586129.2472682
-0.0750579426340352,521333739.4876909
1.3582832129800462,587506524.0607497
-0.4084668500641122,270809788.52536994
0.3092720108026599,453472101.774533
0.4295546652799333,372498897.0601667
0.7346490388114599,594864014.4506855
0.6829392336402106,531337591.8426067
-0.3436019647794054,308620770.733236
-0.3160577757146304,724270125.15686
0.1412679090847658,451621989.4023941
-1.3595976887052257,412986394.25187385
-0.1285343496289145,598263738.1682231
-0.2558738729765354,510468003.6069919
-0.2532009496018234,596879894.5857109
0.7367244966692221,311317480.25955504
0.9387371019609017,906140690.636452
-0.0252137014825231,429071257.1179554
-0.1540778761095104,314343421.3983993
0.2606152330784776,475408199.77726775
-0.3646565336858653,540820710.9908302
-0.1414203113820399,366293368.65699166
0.9748992550924456,543772314.7417768
-0.2000283946153516,43723977.34754898
-0.1918547292244152,617844488.9658378
0.3288079015939179,391985240.6518777
-0.5477980849142079,270827458.22642493
0.1647951861394747,275776148.24411666
-0.5316257022234745,731975412.2728491
-0.5238612928579539,133131017.85544622
0.3642498221786077,318181235.45600486
0.1740169929253831,462997663.09299934
-1.208199414980464,361545704.6979367
-0.6113048752696354,263794569.35204497
-0.4114094616971082,506841273.5920352
-1.1236166971921622,335232384.6830152
-0.2366235113517287,376009690.9343675
-0.0179485312277986,432284464.8337516
-0.2186626048756166,403963875.7016183
0.8056724925269745,465907616.0525358
0.1367979330337658,554845360.2082158
-0.7906579058257459,596497272.7130764
-0.035200040936209,633132956.2575504
0.201014455046931,430424880.59096175
0.3308017997174954,517415484.3794277
0.4180158736486062,276726283.26429546
0.8863755616366293,568618054.5318105
0.5016343868442232,506748238.8332073
-0.087777422812158,555172082.8259566
-0.3682068893845506,713660262.8660086
-1.0607764728449611,351762378.7685059
0.0457890878944146,570226341.2862631
-0.1771647576737482,557074741.9099987
-0.1369020172759313,633881336.5252712
0.6066472877482293,564871099.7939739
0.7035527812941167,690809520.994825
-0.377704286210953,621503852.5296371
0.8283839891374232,395958296.41709775
0.9539262272166024,500036208.511116
-0.3539816154605404,614847506.9123644
-0.1202607861317567,788759485.8012533
0.100986376797016,372564760.33250064
-0.1112378320308721,590136060.3002006
-0.4500712290020009,579218030.5470378
-0.5995888786546395,381811179.3465608
0.3982125214524339,402810427.6986992
-0.3003710052681402,500537866.0985187
-0.8948958207340557,496733255.6150448
0.6773622536625716,513118428.4203749
-1.1830483500655722,471855197.53222543
-0.9963230799911056,663488419.5040702
-0.0120426356071142,480392183.9062272
-0.469084030626227,348888160.3263981
0.048885057134038,410906075.5528289
-0.3845348141479462,717511154.3055344
0.5800716049644548,437068690.6165182
-0.3108991967947408,615503414.9042859
0.0430954235040079,381233956.7477759
-0.5642843435556844,456549705.3154002
-0.2039720515410414,608048790.6695251
0.4894229748861093,632852079.6698606
-0.4592064418294654,462800102.8951686
-0.5644979627455238,638988144.8623136
0.4627114956511121,501273035.46976674
0.8281251901985724,708466021.5215204
0.1663693996576297,435435004.8319776
-0.4281684113802657,902267117.4625312
-0.9093662048236664,580999355.8677461
-1.0454143803855045,344062852.20743585
0.4104303515796896,600379275.3889236
-0.5583508083895091,465111344.0085532
-0.4157977075768269,421226864.7564277
-0.9631637250835542,452585849.4512653
-0.1657866401124242,463391456.6169133
0.821412422785165,663406409.5749506
-0.8544547252570185,622082253.4609444
1.0578782499858423,567627185.1809791
-0.1771676725862805,512045242.07136655
-0.6890301995386572,386892870.877121
0.6707198239074053,692863908.9933623
-0.6323989461553422,552090280.301313
0.2166709634931489,466123642.8465196
-0.1522174860415744,377474661.5704756
-0.3377596165709834,388019042.71204907
0.9241189038295586,487976643.1674135
0.9766438337930964,875851932.9823852
-0.1156311033470071,371075164.158033
-0.1428616916363353,462125579.837094
-0.5980876148264734,343759155.58469576
-0.2365252344280239,392140963.0533792
-0.1516212582281305,481566443.9595704
1.131326414421507,600607305.2761037
1.1228295340268275,830109435.438521
-0.6682977852685724,370790775.9691777
-0.7329443969586806,356323120.23588574
-1.0483883113886958,450498202.3619013
-0.3753835868654748,442347638.2541518
0.2733324690230569,230960694.797097
0.2575249171073791,477715861.8256524
0.7927083511171349,647214505.2259598
0.0115915475721504,645381749.1289696
-0.0013478680485232,591050296.4889177
0.2408848377386192,492872696.9489417
-1.1626690764925425,640913216.3235661
-0.2228054818744072,608749861.6456003
0.8231005123828198,458218092.6003941
0.7829759663670999,551993444.8244879
-1.061328021248696,593762261.0460585
1.5071479915473738,170718103.64805755
-0.477658305657374,455416853.9548671
-0.4269997202667566,390539792.98265976
-0.2441005188743297,412516630.214798
-0.9129527377201064,546309654.2628168
-1.0417589677954524,497750042.1608392
-0.4605678261617011,247872529.82167324
1.2800750536997088,704277815.9839654
0.5346012862959979,531262339.94437903
-0.6366920833201073,371476662.7525467
0.3220423421433386,571008314.3620309
0.4203662697396547,325085034.5304626
-1.0813457714595718,456760145.2520035
0.0262790320190579,278988611.2749243
0.6480513036782258,583168270.2780042
-0.0828472243474529,593404470.9092296
-1.2608075640509486,213325669.25899813
0.0096946510764317,501909547.8162581
-0.7049240052151173,696309138.1769943
-0.3953116819521001,565599264.4259183
-0.8097299665335669,749553651.665966
-0.2511761768250988,909163840.4597548
-0.1196171255572727,587275199.4750718
0.4699074852141338,590935197.5876088
-1.4235368446712808,44849734.32658053
-0.6609363799466089,431722677.3587123
-0.6359423682308599,696340813.2199454
0.0533195797163674,457769840.5126503
-0.4866729723652453,412922950.01666754
0.6602720354097932,595445543.7029374
0.3530435645455275,374171355.685515
-0.4865472581420219,583625029.6189338
-0.0072146222237875,480497525.09430486
0.6199706576329477,373663054.0650473
0.8062301437269506,395330608.2413008
1.4360088710272942,567677063.905467
0.0840548005742435,616890884.7515785
-0.3224323846721144,525849269.0627063
-0.4808823920981185,589122195.2687823
0.6822232055160222,437391403.4978706
-1.282837361589818,595564523.5957226
-0.8021764690898052,479968769.3426202
-0.1236193341320129,463153192.916884
-0.5591519665818615,505109073.4203101
0.2204284408426909,436616295.4657792
-0.5364171018986018,632338715.6394559
-0.0350496830387619,659000947.026834
0.032525175138518,389089968.4993284
-0.5419856232589697,487554371.8919445
0.1930605548931869,731469732.7151865
-0.1305469107985122,780921274.7781162
0.3336377719088217,755348325.8337975
0.5152818441232825,483524133.5062046
1.030400090128791,701594309.8730073
-0.8053866035543235,291694531.2207896
0.0010891720338606,465540889.5799167
0.3376352713937093,448122038.3176138
0.4287851137826006,715158765.3050869
0.7795313929999015,131945441.07474114
0.2739979306341388,621039111.1406821
-0.361872227168063,645475833.1332775
1.312390211224221,596935091.2435013
0.0880471737920512,679384655.4143987
-0.5977605754465771,398319646.6599902
-0.0590263707107869,394896749.1968846
-0.5221767292567339,635390545.2818148
-0.0537115507631866,402379438.9295351
-0.3646911078686792,576762088.082568
-0.4963099449882335,732977559.1322931
-0.6113764532289796,609673207.1168189
1.202102289927799,452695008.8889704
-0.7911360571401134,518470123.3946087
-1.2869366405783609,514658678.6213928
-0.0316853857251504,720711279.2693635
-0.6854539568246416,595559643.5189719
0.7545117525714288,804427320.9358138
-1.0941172255494045,66757855.49404144
-0.4951379614601277,806175895.4671834
-0.4870102145471596,489545888.58142376
-1.0275761309437843,531623299.8648775
-1.1255782213106251,400767300.42065567
0.6177852308216781,671798874.9899721
0.9633259956869118,359822180.42528766
0.5436357196142573,366778957.2965099
-0.3997536829912704,305896739.0765036
0.0632687189011509,625112323.3990273
-1.0469996156466053,768770436.8650563
0.4384160650336198,378952142.1366781
-1.2331592008434733,829927360.3014195
-0.3429219939057875,551777560.388503
0.1936172498761701,489907371.7834692
0.0709564701318424,331547720.8864937
0.0025993121787787,464065030.2355115
0.3663852297490013,628733930.0786605
-0.305733016819686,659220735.5452738
-1.0740919683726111,554464329.3629403
-1.07141148846264,619891434.6561636
0.5913785967148206,576152240.3109266
0.2753710950117404,200402540.6447368
1.6829634068116797,371053916.03477097
0.33859636098593,473717240.3975239
0.787338877577262,708872590.8329545
0.4439606985190971,613364331.6413319
0.4550372581967675,297979100.0610652
-0.0509153046071722,563218117.2699744
0.1207243557916204,605371094.2696825
-0.3215772204549057,406567021.21571165
-0.4415155372805452,291449977.301666
-1.803479332588455,598950973.6875813
0.0899006616331195,349998139.307063
0.7098709015899431,457561348.0228849
0.3579158235785384,590534641.0213851
0.3880476694228164,442211605.43292624
0.6665647746683573,520840858.3467593
-0.381999547965078,463515372.8937312
1.0632162414638633,352740026.45506
-1.1086152230742583,478624461.5198195
0.5520127036073251,649764283.6583568
0.3827105949100831,551955605.3200732
0.4894192212985866,501995939.347201
-1.6289485916018298,585936038.367117
0.0678832706940959,407778410.2289383
0.2935011688632201,625477996.5327294
-0.3317849666386578,114038220.16546552
0.0452660385371199,658775639.3338063
-1.3461436860581344,553217602.4646331
-1.2812057090709226,586009477.4971567
0.4586282675641882,309403986.2337817
-0.6287224023600043,304120009.3647788
1.6337508078438572,145887278.80761626
0.7275188649315093,296766766.1352217
0.0038401991301683,638030880.1982796
-0.2378778781947615,419157650.3107853
1.684219724195586,855468902.3822896
0.0365066759311902,590580871.1530192
-0.2698176623176426,695427037.9218111
0.8548851438879517,513517446.1118286
-0.331784133035891,842910408.3559633
-0.2076974724846284,336293702.20940864
0.5511499191979911,424998518.1157089
-0.1597686396692532,612109459.837961
0.3293406237365408,284658265.6695495
-0.4414718556182199,642756010.7832534
0.1291105055755242,484180411.6873768
1.99639835375857,461711947.9693046
-0.9858566051783793,635634617.3482603
-0.7771618073102539,901934969.460814
0.1753361342680756,615117173.5293801
-0.1998580883644226,527877962.5133751
-0.2275681915762211,450541632.0426132
0.2586523899584414,554307060.6370214
0.0717960996190175,474117287.0291686
-0.0873011867423824,353020243.6887752
-0.2396225079755395,515194565.2580695
-0.9341359367532364,46174903.69357164
0.7384645193542201,113762776.41549522
0.3989980873991743,197213011.0620184
-0.4255066972371152,296261860.6916349
-0.3874357637918372,299848199.9841099
-0.360292231651411,480393047.661541
0.6510920307215581,461990622.4957793
0.1647625397570938,598668846.7485434
-1.7066083769595508,428539068.1309056
-0.9779629450932376,653813953.2857141
0.5813723787948982,856141936.3123193
0.8753913980802339,290500970.0792979
-0.8324548350215999,470678280.903644
1.1005838712967813,510085885.4915359
-0.4445302002398857,708472526.7006118
-0.7854735168336802,416466274.9005724
-1.0939558852742588,43487367.52880576
0.1714322698793488,490986888.9643726
1.4227185569651783,848965022.7828449
0.6606711683187422,607732994.1339233
0.5309014646926672,415953684.588406
-0.238504147387664,126536536.1897324
0.8922188637897955,272529865.8628938
0.5171075465821953,881166022.4499819
-0.5651041023926198,33865650.41863608
0.3928436933345312,445485319.1824055
0.2732398425796314,420098386.0874512
0.0325172909531336,483345640.4021703
-0.0125953379252013,422423803.8586312
-0.4099200678713412,458049832.9329235
0.1514089136174337,350205928.0589141
0.2794194750977006,398774237.1287752
0.1812272469045072,443600575.3940181
0.3810050713096293,530575022.7103901
-0.8051473149159017,550920762.299169
-0.1815559526736878,195780179.61344028
0.5614794731289133,313164886.9302917
0.3421498121022021,569509311.4994205
0.3818531355032594,488875563.4322608
-0.6633968032789139,483466233.357495
0.4288477170841881,450624281.8597971
-0.0834761155596546,591261836.9174744
1.01009883754124,595770587.2455268
0.1196593235095975,577552716.4771948
0.8025358625161874,563887336.4437445
-0.2218668939460935,539602667.9629564
-0.8336401616060484,621446952.0804003
-0.4847604385077976,601651998.8845873
0.8027536184387379,615111395.8775682
-0.4560308457135119,836491101.5358082
-0.1785318524672982,738441435.2388364
1.0340062284943796,440031960.26274544
-0.5268103648676621,361831967.0934773
-0.7451298141731167,381667457.2508125
-0.3197396013085095,524462679.6679506
-0.3353845015194973,486791133.8867548
0.6435295504661898,630581582.8078705
-0.9262799886814924,746004094.2492205
-0.3520585242081786,489773638.4101815
-0.3859389522811653,732388339.7105162
0.0725761150091868,401676504.5677202
0.3384508452624709,669048997.7636645
-0.11245221641793,469146986.39368
-0.5079898475976371,477365042.2722573
-0.8780692242873044,593381473.5332186
-0.9714117377235834,553035860.0802393
0.9383124919302348,653921178.733611
-0.5274120595764196,344152788.51798725
0.769756224488197,527122622.8893658
-0.795467543598673,442640086.4509728
0.252852417820372,440821001.1079457
0.3654400939916464,340912213.1382643
1.0451118116144664,448914891.43616927
-0.0213734318857549,355972180.6576424
0.2459198594157218,541117398.0715796
0.9864473833106592,273561799.43066347
0.573652184514897,837269817.5579884
-0.6012625295957342,619714108.254262
1.540953765176884,536947508.2669566
-0.160460498945499,429174486.97067904
0.7762740486557351,265212067.8608737
0.7116110337717605,285526018.25177306
0.4501442303366252,744734801.4795532
-0.3550230981730533,632190066.3395424
0.4712350569474961,640614120.922381
-0.0884877037498463,543848243.2503747
0.1352208167587522,430065846.3063174
-0.5395306928807494,495807019.37706864
0.4265323933693534,547787618.2871461
-0.278849366360484,649514310.6413541
0.6340468856409247,706385315.9424875
0.3823881618648589,432496521.923637
-0.9525520619106874,717784387.613108
0.0615930837938404,645772640.7016261
1.0628159188357968,591889057.1231042
-0.045735059274234,533058216.6457135
-0.2580655437345889,291716080.28264177
0.1187742122352259,453235350.02536845
1.2821610053983663,192018740.8090883
0.4018344755437424,394592938.8930227
0.5101828741459646,570286712.9157674
0.7732624328594454,710710309.0270935
0.1418102418490404,372426703.9681864
-0.2683548422778702,358256373.30041105
0.7757401457511882,585207050.3473138
0.2045529962123511,511859155.59880674
1.153062551818187,445681602.5877449
-0.0202358973880457,247321470.50609723
-0.3984702702702987,407988477.6940889
-1.1237481061933745,543052271.2019043
-0.0729894279788451,410238446.9479643
0.3859201772610079,398558137.2202255
-0.1650350324297654,557371082.6877893
-0.1775616614524038,331920868.7638886
0.0673356547396167,484378863.45266944
0.5805869482820682,438340089.5833437
-0.0579405118064197,610543553.4144169
0.1853258913432553,243591187.5472408
0.892236046775567,457048442.1150161
-0.2785745632183782,469827807.4118272
-0.1293817754127708,408063804.7401954
-0.38341833191468,377085007.2569763
0.8412724238923224,183444996.56856024
-0.5312423919507205,709339310.0817281
0.3107417732159175,707316554.8489276
0.2684095978319896,614705624.3753761
-0.9898011725113,633847863.9633577
-0.0781556064832918,591762583.4571455
-0.4455424212229976,488142671.5800371
-0.0258545696982462,616557903.2721465
0.4087225176466559,709555677.9997181
-0.3103341225867646,328462140.13076085
1.098428959054227,626374468.8372271
0.1467548212380867,605674947.5392265
-1.5691193376590906,206736066.5911639
0.9343248569317189,650739857.8467934
-0.7242810917616108,499293017.0261125
-0.5014228921100917,345416045.9505391
1.2691405368705584,480635677.88040775
0.7257692563086908,789430551.5109411
1.09774859871945,529701591.454439
0.1190501726249587,517650524.0963937
0.2301184198292238,563064440.4535693
-0.0126703796510142,651579381.797026
0.0804213903950448,582905352.1462665
0.8997610714923587,311555988.3380366
0.3908486099712291,511945052.6063631
0.0345437520933281,277096332.1716427
-0.1250757815363348,288349217.2814407
0.3088683373912217,470719284.6947327
-0.0283352346267366,589675089.7721015
-0.3563840367131011,175308979.55061683
0.7671088325802256,530780896.7908832
-0.4332604318994735,530489912.6490574
0.5353373084297197,329585476.70612454
0.5012203439953825,450109669.4683664
0.5846055801772011,365308668.3209731
0.4670512211201668,501960464.2710174
-0.0354504963876018,549108655.272588
-0.0418850938095599,317409263.2396747
0.7262746621293854,508657987.4940556
0.5058038198260608,677651064.2528281
-0.6981879869388857,461202846.3951778
-0.8377567340457241,296822834.16080195
-0.3988415171124872,385776330.71113217
-0.3498877980108053,421974595.1486704
-0.4604175268521612,646272262.3289251
0.4204043064702193,495675284.67957497
-0.2803883357341593,556981342.4664186
0.2907829487686906,256524103.95095968
0.0861880187273586,502338786.491558
-0.0181442957879366,349524595.93417794
0.4650411818573225,519043589.10753393
-0.3749534331570046,442673964.55815184
-0.2275691715008876,600613783.6171284
0.1906072007240962,487333444.7091032
-0.2802520401194731,261486194.15286127
-0.7559190468533602,586325780.4286975
-0.4789125433777429,480104903.4866141
0.1155278628952195,801185980.9611534
0.7439581027253427,483571245.6026716
0.3618103158691025,589014917.7903827
0.1464807262261801,537583641.0827787
-0.7740307361878613,394190442.6615909
0.3776491256361362,151181046.62867787
-0.8515835342321662,581583327.1784145
-0.464029796945172,568632542.0267538
0.2998035784865767,909520755.5874896
0.0968792475712266,544126917.1113701
0.2326584435373984,414765555.7760495
-0.2856115318567662,451659523.7338486
-0.271875094139426,537168632.1256096
-0.8197331016581388,559970097.1179935
-1.2343460492074452,677537570.5954609
-0.3455528730326249,302840251.2496815
-1.1368688308287582,584819536.734418
0.3125254241814906,682821551.9193602
-0.5748139007831604,403598657.9388017
1.1183319236110625,586119786.4981164
-0.90174055202184,211877892.1269542
-0.3311304888248103,702581262.7619497
1.2964003108397495,652672737.0499058
-0.0770894069140474,304266613.53803235
0.1637059422535687,796282627.8139911
-0.0118275425827866,531456040.465752
-0.0690299304913057,469047621.5296344
-0.7178383436287074,513302747.6265591
0.3522203475829791,683910199.3024046
-0.1093121326074591,526276796.8314125
0.2875018389585317,555467941.7642767
-0.4706576804010936,849413835.625114
0.6010521047122902,486049324.53639096
0.9380687926399554,502518694.5376885
-0.2745717771607033,356223136.6094552
-0.0120520977947333,252608367.4712896
0.1499323490980285,313378126.83188355
0.4405656664073568,583479301.8133012
1.2080164090693115,682786455.8244722
-0.3525425093448051,788136281.7669687
-0.2796600211347743,376120505.2014854
-0.1049149498251034,388323230.8240499
0.101344641917636,340218942.4010057
0.5183306224375459,417062534.7690127
-0.441138527977142,355656079.4773468
0.3026596134318431,485890172.4265102
0.9450752642733574,387441776.5806773
-0.2646488271631663,761248714.04042
0.0405079348332045,720945308.3318477
0.1328441293898164,387505839.6154622
0.0620788203496838,736822938.2021061
0.6934594084429321,699883248.7659754
0.0371063188171894,148090814.83619252
0.8542531522767055,380885811.5067506
-0.4843291164535513,536628930.0091464
0.3942445793782738,700773049.018995
-0.2363800781134635,521845973.4663439
0.9031418818403412,294032100.4425193
-0.0189096643594642,501233577.2965172
-1.2361998184714174,757580338.0186477
-1.7049620712962117,497351190.13629806
-0.0038189041899889,567479981.4945924
-0.623110456458152,596425080.9517694
0.4512572392270769,780789720.3365228
-1.0542157941171366,780573387.1928301
-0.1885276926752641,430830612.8676584
-0.1094822785320265,316178629.9982099
-0.3977657524653719,480195920.5938695
0.3209639199561186,274678098.5736071
-0.7080919785017836,464714844.4529808
-0.4957755950941787,262956491.62820196
0.6032242291358779,581027340.6929843
0.6842781667571776,629986220.6257347
0.831803855949782,613841889.8253286
0.6224203991148957,551826029.2710912
0.9909085838763076,473921923.9552045
0.7837425321402081,643010977.1373514
0.7166917072133607,848753243.2145826
0.2729433471520514,662291527.230214
-0.2256286343202593,509639548.9805013
-0.8997486744015091,391431003.099504
0.088333063988981,525942420.6465557
0.8783242503624773,393367127.9672294
0.7874699511628682,572113986.8802203
1.1094885229444962,440556627.9592236
-0.9558326307366378,713595296.0092943
0.8854986822559787,537848683.1788893
0.2014045485138039,526043979.8071122
0.73325517977199,308825266.6912377
0.5113946973617464,426929912.1595786
1.518824678505669,835831659.5318052
-0.9549826257925846,552550179.9436783
-0.6718182956007077,316318080.5629701
-0.124098737859144,488295409.6099361
1.3916887410653558,678814641.4514546
-0.7838039050822676,105143868.74668162
-1.3895328346843714,318454905.030928
-0.0835831360411452,461555025.0564309
0.4299848241343422,497167628.1790312
-0.6758743609228909,551104660.1629397
-0.5762203718656742,516636350.1623519
0.0358220122715083,646708809.1387438
-0.1842543905689402,610123593.2509351
-0.3078331665792231,665310652.4965981
0.4455108418585826,561226767.514466
-0.2538415336691341,623601199.4969627
-0.3522429734505153,346453721.99493754
1.1394677099954835,537963724.5488626
-0.5588081961509758,556777929.4848295
-1.0716866626498194,367220998.1560524
-0.7478073072420748,770972828.282753
-0.4949777684509197,421659230.7211016
-0.8601751381131058,562404718.5822612
0.4003375213139025,590603393.0702202
0.5753982514449394,285772749.29704
-0.11114105313098,653027029.7713633
0.1920831608188374,477097874.2400723
0.3810469574960644,239276185.83205435
-0.2753969904036643,639394126.2327758
-0.3290470170211776,511115223.4696926
0.521070674929471,474609260.45426303
1.629991214786437,219809638.4923314
-0.2793697011997813,412607465.1096835
-0.7594500486366227,437927226.1173943
0.3739259330450641,353974077.20133406
-0.3528985185436489,680662972.3264179
0.0772869889418979,526544945.6609228
-0.2705381540000072,487107199.9706082
1.2357249472190048,817278327.4775696
1.5101825807478773,617132608.6741946
0.4132550634044236,271900177.02255046
0.3417706325023382,440863607.78064543
-0.4697059228258731,436614230.0854635
-0.5136823080859352,493306102.957459
-0.7958353587515822,380354173.4300552
-0.0866164718547063,785316735.5439051
-0.7323297250762194,759407152.8310018
0.070901270917687,719692016.3136275
0.4512491877327358,464580202.5234785
0.5113163762766406,690326682.551538
0.7558833677585733,703735127.5570533
-0.0401689700320684,568848498.3132546
0.1319678889011254,472601111.2778038
0.9666086761960072,385747918.6414664
1.0881481467367635,595624164.9617697
-0.1953896260147491,316503374.5571099
0.4799421154460302,472685595.6283
-0.533221439415558,419977909.0473727
-0.0426354598818604,448223578.5984469
0.1350355694782517,496727839.9702185
-0.6182345724083642,309720007.97834224
0.551117217147783,600828868.4701569
-0.265909338570105,571706140.2826566
0.4841738233135403,148996381.90490603
-0.1959356741383936,548936531.6013823
0.29856637759582,507070558.8767549
0.1490280654558851,585459781.1026622
-0.4946321577797825,545142320.0479511
0.7882881435841353,508975600.0268101
0.373944052896917,947900788.6746966
-0.1266957702404793,748430650.6545833
0.2896862043076264,407322414.6281766
-0.7273360011402348,506748926.0814993
-0.2371074802417078,726620456.2945383
-0.5678540070100965,336888773.3317601
-0.1192846489594399,467995082.7712661
0.8797971785932133,646420924.3795469
-0.2167661692933862,390511971.60351455
-1.0929784677999996,347516472.91317904
-0.0088834365170598,541267950.6140544
-0.2697413729852724,343082661.8401243
-0.0554377306690679,482009122.8282257
-0.1061651934480549,516450976.21749246
0.5607087030808453,470717933.58445805
-0.0360464688723668,540517361.3134415
-0.788704050322295,660247574.2678213
-1.2023282888376134,657579344.9969529
0.7408422386421838,575995650.0456996
-0.3711990356399001,490694286.4586897
0.7304943563997175,402903930.349242
-0.4434222051494744,520330473.3298832
-0.3090338835686393,519505987.0294525
-0.3710496491836232,471596830.7818634
-0.165497765983408,611606715.3012412
-0.7829091755729101,330402480.28136337
-0.41280831154818,234353334.3838956
0.9443922888788812,567174600.2430333
0.6096679710849735,571850566.5867823
0.358930087745418,341872236.16608137
0.0511307660476079,520548087.0357015
1.495670105940538,351220430.7293878
0.6544788678409219,433677990.5081722
-1.5860899579108072,485570198.4762681
0.7349789515555853,407880880.1871188
0.03854531782467,373194502.402473
0.0094584239639263,521656439.68094176
1.0752225164716045,311910887.5008708
0.3003502009553518,630037607.7132359
-0.739740882709016,460448555.0822513
0.4157902808805683,492621153.952988
0.1794966835994607,562705559.1338199
0.414746955649977,412023719.8553805
0.544225405500606,942590142.8240806
0.2397230075908519,471025252.9212032
0.0774784297520751,528243623.0074477
-0.8127108717790925,138576956.48151407
-0.4005586006153769,114045993.48486368
0.4651186776764238,435788403.44510233
-0.0251940296526289,445039045.8789869
0.3303656729471583,603616262.9798696
-0.4731573954266665,487036799.867333
-0.0661449368974605,491190192.8375407
0.0615940903811482,531762317.8250873
0.2056236143995208,298161247.1143465
0.9368140781098948,526345009.6336381
0.6166750109543555,880966697.805364
-0.3753346663883516,408056833.6926017
-0.7946613111447189,295887738.7448901
0.4316474379841102,454419020.4370413
0.704571084941035,586229181.8593109
1.7715969683065182,66261010.6084281
-0.6246988412280992,584591852.7734572
-0.2521112014603283,425154929.76971626
-0.4347350244213397,132750620.35124438
-0.2164508923463777,513029834.2204333
0.1039832697286753,784715036.3883655
0.1642927655528788,696437504.9832159
-0.0652336703919328,448229714.0120316
-0.4020525978508148,496432544.0993
0.3210330576632643,261538803.30739847
-0.0627887907727358,577339967.64107
-1.741035813435076,684482169.3532593
-0.3586357544974055,405244279.8707684
-0.251521870772781,524678981.0932541
0.2339080979853225,411898780.1448187
0.2475178947925342,154818812.65982842
-0.2389510967880798,639417858.4103184
-0.102990610720648,443263650.3848098
1.2330904697946363,638077898.447202
0.5058452818500893,637700366.1546183
-0.3961335451710249,579544049.4763355
0.810868782429566,519815898.315621
-0.9930203109090988,550309438.6744567
0.5434064925183284,60521590.39995716
-0.6267996809927568,746589162.7683399
-1.0318879922131965,523325533.9307827
1.3356127035774563,674960604.1325719
-0.6842889111246712,506938395.9916151
0.227353636825551,336295666.01386607
-0.5774092964902163,652020183.6232301
-1.5028123819410355,804794921.9980451
0.4543647800231011,603427797.2592003
-0.0796270488373548,641475568.2920154
0.0486965308440768,674725136.6318098
-0.1792038764095727,304021820.3207878
-0.1921976467976183,647584327.4787172
0.0776873426686937,568700132.8679413
-0.3959169527245031,583836380.8773501
-0.4620463014321547,631838571.2465805
-0.9416249174602832,597425534.3529023
0.0585372988896368,653716584.17572
0.4155289519787654,511099756.1516099
0.0426896324674585,581523078.0183873
0.2189926339298587,332077654.44806087
-0.2294006971326382,369034347.55419135
0.2026616257691641,460513146.96707225
1.7354358056429229,317258378.13816416
-0.083050093245418,304180078.1097575
-1.2140562133724258,516973337.9433136
0.5255299800786524,690422452.16234
-0.0732823244045442,316553118.83411866
-0.7924710420645521,177071316.42110354
-0.1917622317296912,628265476.9820678
-1.078016841658121,333149469.40626174
-0.3257597418874381,635568341.7448757
-0.2871329075856701,278207592.5964275
-0.4692662418715218,815254370.8984312
1.4119749069462826,615064088.9931662
-0.8357088469225518,438602018.4224913
0.4231461816617611,518762588.2473256
0.636049151566043,559681943.6659476
-0.2563171178932122,24837885.786172505
-0.396864797745039,551004882.07296
-0.0406390066772635,489062413.0496251
-0.2071806570309104,472678984.96379006
0.3950495160901017,509467698.5626576
0.7895054960307121,259215023.94021884
-0.4352177245094671,476287160.4079369
-0.3154502206827746,317797091.28511584
0.1489380135825447,481377848.958272
-0.0448591570654194,564484481.6346171
0.2336242650619709,670771807.9859889
-0.2740141903780231,553827335.7800653
0.6663492498962755,834666023.0475613
-0.9264264885509824,722045631.3854465
-0.2049349522307732,348336609.3006042
0.2597544267734519,588171703.9264076
0.4575750831071764,525204904.4448797
0.0923418098292577,627888112.015594
-1.25099357433612,520979060.2451292
0.8216532628881584,622111864.6949027
-0.5130468344332251,330035664.99595404
-0.0764243477168522,585786871.530085
-0.3585842381965471,904748313.2324896
-0.6591850985824368,709157100.325278
-0.0197818305886441,442558266.76541954
-0.5824813420100481,355810215.0588375
-0.9523228802466952,869870961.8039776
-0.3127387578268965,434166336.4856918
0.7307520404818197,630400848.9227018
-0.3706876771453282,729181280.2169011
0.0787025543078839,510563521.2141858
0.145989250966556,882837263.5026096
-0.2756153211270476,601311655.328328
-1.8208119027323924,61335950.60341074
0.0592727873249351,394905337.13611466
0.4243478757240153,464592191.2374836
-0.3632807646147009,557729746.7371876
-0.003392717119352,451965275.6583977
0.3465009959487344,675869899.6906891
-0.50755577917608,370559192.41933775
0.3714264899144359,473711433.8309912
0.0029477865629976,442467115.99043286
0.6028020925629018,513159751.1601855
-0.6893007956359121,582409710.7776082
0.2248878450739385,536479217.1607397
0.4222142627007954,743901555.6004248
0.4409572942021471,771972949.5684485
0.6348404769749999,369874364.12899566
-0.3110886413316709,495869426.2249088
-0.091301362622868,862982776.4256527
0.049955806050168,612528104.8146471
0.1133400307025918,489294818.2066276
-0.1868354209363447,556346215.2943554
0.3484191186944209,599376207.84331
1.187755761151637,936085373.2063498
-0.2436369643148881,414592710.3582045
0.1548879782482172,406730653.5211438
0.8275034472788423,309325115.42127365
-0.350171438230662,488511174.1782007
-0.1895844752328921,486792507.74935424
0.6086534712814531,535060044.2071488
0.3284280880463366,650284018.2645692
-0.6611787001605793,612319481.6699151
0.0524109331672357,400238498.4032532
0.7216127898525339,580911681.2262422
1.067656956174841,303442788.2950809
0.2953519519098493,593464014.309045
0.2983573923056606,970882330.3023916
-0.4988356677178396,439898365.96304
0.5362795139070787,398316476.48334646
-0.077839175572704,649223058.2356231
-0.2017827262309529,459613567.3881728
-0.2186127710395707,705095648.7073649
0.3744510903503015,595597103.5734855
-0.3157693478874619,434973581.0423324
-0.4357727235863139,576026688.5757678
0.5738416101435468,460436424.9721304
-1.081022273318683,181295002.84785005
-0.6982746978597678,236762352.54065457
1.0674138749556612,598656183.1147183
0.9759362243858564,255546276.40836436
-0.6356976604045143,532595330.8252732
0.5305639861132957,200930680.70890287
0.4771605350665391,398031929.3743895
0.6651697258594379,441464142.5383414
0.9553938620398088,330100342.1925189
0.8702016960530553,696912950.3250855
0.2200599297218834,518571289.3912856
0.0228435148260343,618192322.7828311
0.6070458268147163,652161545.2496686
0.3201241834372181,466604401.7389792
-1.365131183942056,558709540.1818131
-0.6807592527498985,392634368.443856
0.3120366494081181,577809812.2530178
-0.1956764470181646,483157529.70386976
0.5015136345554403,796791100.4117874
-0.1958676115826528,671419314.4387529
-0.6075262555280175,373944705.06262857
-0.9652667331158318,557577873.5742366
-0.008946082447107,644674704.6794261
0.5654990339939546,536935722.3754206
0.3979447994965234,468637215.0069817
0.0894025129728092,504980322.6456025
0.6382700769330298,611321253.733444
0.1858326781035417,642543797.55206
0.2537876393949796,521923264.6405185
-0.6326059270918326,724350633.311638
0.9366856130735508,729061115.6213841
-0.2265608378550886,588321974.7110739
-0.157760134659751,469257460.2326562
-0.1049110801797799,660425958.8921537
-1.462507495380545,674837635.7498415
0.3488761666462363,546481212.9871238
-1.238393802994869,580184109.163761
0.3225726746446697,470731701.834679
0.0555943679205287,678099796.4291686
-0.2032305111009003,233113093.29309225
0.0947200990471964,543437664.9960108
-1.2474888461554332,649656967.150734
0.705628551400111,238538311.0906168
0.3415604036630973,482263453.4940279
-0.7310095504259526,85293530.86301692
-0.247156808216458,570626037.8306814
1.880273235172114,361962161.4799402
0.1505499303961204,279552996.08125824
0.6244251277286574,730553296.6487542
-0.359055291617932,318312495.623076
-0.277375139754207,173843060.13455635
-0.039069043069268,570586681.1610717
0.0725416108090853,656105467.5005225
-0.3852691957325466,563726546.5503298
-0.6357541809548453,334872410.239305
0.3362528245039946,479628455.5093368
0.3429522951885216,489804144.2342662
0.0325732230860271,972610068.3241729
-0.1096792811627648,483056664.2563886
0.0372096013226425,524082980.228475
0.6076588747483521,258949362.43529496
-0.3821042643242512,399132928.054147
0.7432691683165428,502544967.63833904
0.1548974834246781,993391675.8735436
0.3747971111019514,383005117.9306344
-1.4857355582466585,83554697.25652654
0.2166858430142625,606069209.5465138
1.3228821889340223,195659876.1687022
1.422827598055201,537725786.0473887
-0.1185462031322933,499420470.2955139
-0.6049523546895023,287877527.2090511
-0.2928690476004646,395710177.02311057
-0.1877300244318819,540433868.724193
1.0871060279709202,462200389.7978088
0.0665790030855704,442099273.6239252
-0.4125765735276383,483993746.5551448
-0.6477549827793982,430343195.98471576
0.3337915295444795,325068551.43741006
-0.2071728848281926,704695402.9532939
0.9822183618265076,516771381.427083
0.3061717814637482,518544897.36048895
0.4576079431223164,800557305.4970385
-0.2471922814059645,303907569.1631998
-0.6222256687911646,731311767.4634718
-0.0604332546574765,554761106.7571478
-0.1244161707028799,476356132.06588304
0.560876976350259,247569075.74990776
-0.0101772286756193,558972745.880359
0.16979483671637,422954386.5247054
-1.4094076036276229,490703844.7512916
0.8272453455879666,447798453.9746504
0.3137069354923339,551601181.3269222
-0.4997747254329808,333234249.83225363
-0.0261421504558725,400242047.2236058
0.6872123073763711,516612499.9776106
0.096935699755467,644023296.9991087
-0.0225681669381095,408746097.3749625
-0.49406848496752,737382045.5203413
0.168093558138682,667306493.661021
0.5259137978318925,307119176.0835032
-0.7865412781659328,609599867.9855955
-0.4576408380270857,545483889.6102972
0.8859739479010559,327673264.4392777
1.078044282275283,202521337.9067525
0.1940047281986526,681203719.0155897
1.2244561689499958,288559238.0236367
-0.6196148599197723,519579318.1106754
-0.2334059528162033,251041983.41519573
-0.4200138998774925,368345918.3529671
0.27230934972948,431651282.4647937
-0.2457436381145082,550230030.5953076
0.1914614298864546,535995764.1492296
0.6627849328594707,268759843.00186765
0.1144281764801182,424866865.7207513
0.2104655012181095,620457886.3762655
-0.4716786070045418,716476627.5090126
0.2615859279420246,643048941.0348537
-0.6774524788449716,350709780.9834354
0.4268683123016305,473109977.6479757
-1.016957168710957,553063095.080059
0.3345226433027471,668124094.7524958
0.4029173314771215,452219953.62213975
-0.5034860953669457,596657776.7751954
-0.4403318015778015,429303132.4564995
1.1719001530846231,138086370.53594178
0.3623531337599897,589257863.7324588
-0.2034937224673165,605045848.3736712
-0.3489172991802237,457832922.7551461
-0.4552192680607538,517771868.5396255
-0.041719690110077,511346095.1213951
-0.0765089006785507,664719628.9275584
-0.1453057074112584,320659260.15938807
0.1683602784914165,618833167.0568618
-0.1589588493527506,566425913.6936748
0.1593613150857642,396138625.2182719
-0.5828571212325249,105520891.05713543
0.2476175386362901,869762772.4284163
-0.3467410690190936,418713083.73030937
1.3783549709292169,672074409.0982268
-0.2389078541886413,609230332.8827714
0.2176850702785507,404810805.4398976
-0.6199509959225511,122461398.27051026
-0.4753138184857312,423841920.0204087
-0.0809727605945034,409624678.2959693
0.1126838000772213,408213833.8344079
1.1481284458614822,371189151.7831524
-0.446274729151159,633291591.215886
0.070131401212246,433414218.680594
0.2043682457946483,674248083.215516
0.3187537078302508,293286182.34447
-0.4432031463320227,586320475.3277949
-0.4613142225194007,293170210.6519488
0.3721893357309696,360773250.7865387
-0.9562396037617132,108878152.21246047
-0.2355818809246273,432745059.091465
0.3622528264013482,504259928.81403744
0.2755231016279643,441437620.4110125
-0.3919483871367031,672843762.0528284
-0.4270854169084699,634215864.4586312
-0.35866742551788,598872895.3348931
0.1692840636702366,565211296.4359106
-0.0036049499671833,580151500.0675658
0.6974336674512011,381678197.10366535
0.2310174610906851,743344250.200614
0.4144078300293715,349573266.2549194
0.3737953410740319,432324895.6375207
0.3961519900256865,233274587.9814191
0.3920322421971539,711592241.9760665
0.5110120757552986,492330070.73980105
-0.2524337918720389,319008513.8293233
0.7200676146794055,652289545.1986699
0.2269276396064782,87682380.5488322
0.2477701554543827,710693410.9087015
-0.8291108224056561,436728538.7393159
0.0134766377490302,666307654.5319566
-0.2977771987781037,687767938.9288441
-0.1075291679760208,598565453.1439722
0.7452646929085258,329722361.82128185
-0.3626072620601013,689127492.3193402
-0.2609887580650045,821118890.8810707
1.9125089869548515,480916556.9852373
0.986514577868124,437129828.3634199
-0.1804097664635703,829016303.9011744
-0.0454786761336357,352556932.02994394
-0.1178249482053839,417574147.0493442
-0.7502409135968618,620110095.7163614
0.3993077657348203,428489577.97166747
0.0664679307266813,496822749.0463514
-0.2862753084015881,532190113.9323703
-0.1031011506943447,754798311.5927029
-1.0517750222187583,204745085.82496825
0.1623067101657045,627309620.2293491
-0.8847950683439654,442854068.09409976
-1.0695529628082023,761346797.7777677
0.5828093395567874,459709358.5492584
-0.0823352492574639,472161539.6189459
0.1411120211662254,454361075.44768274
-0.3742961172941282,581237984.1146572
-0.6755490564712971,426810181.7880134
-0.9202145984291574,461620250.8185095
-0.0675210995304732,388100126.9989498
-1.5016098601292056,340971076.7626097
1.3255123802390991,377309119.00128174
-1.4333917503205935,601863264.3358386
-0.2392989220730195,464004364.6563658
1.2579745720740667,685708599.8769822
-0.5549246262579876,504723009.1513331
-0.0837303742125653,798487545.1871331
1.2360484820853166,279732881.9586712
-0.2477704269242891,495129262.4883599
0.6177068358423508,324519879.4606492
0.2348267665481881,381375437.7162308
-0.4066217493238255,657764884.1531093
0.2916292471744945,670940713.0233841
0.1807033503561257,464188795.8188078
-0.0373837542699647,622027817.1917413
-0.1245479397094514,456819704.8408948
0.7934729880226337,491712267.8880805
0.6520177802431734,364603677.7023815
0.1697749985243567,407500132.4287041
0.0637054296747876,378812098.0352791
-0.8791936355341156,708104024.2809365
-0.3939328518495107,766742319.7460485
-0.2921952235244625,403389487.93977416
-0.2327754515239064,309490728.78167
-0.5405577656949495,477205286.7729584
-0.2412063782865481,582128270.571583
-0.1859387177815011,436547317.1872567
0.0678709932959772,453287503.46904576
-1.5983103211270275,702003981.6935074
0.908867578046066,421475468.6447797
-0.7407229833910729,689040260.0301609
0.8862576464656271,445911043.4165076
0.3899828374308479,541552212.2713428
-0.564831923121541,415213975.9415196
-1.2727057547942395,703241366.5352538
-1.6639094565964636,952238409.9899226
0.1377555001903183,626374423.9793969
-0.4478612105030296,448672597.2318691
0.4199520485205054,599461270.500188
-0.106285659641431,785450329.1478719
-0.2155554275351881,487238342.7159314
0.7480389670778219,446036433.6139032
-0.0122124622396608,557241221.9486401
0.7440595722493254,473416780.59707433
-0.5424293905806593,453244629.619422
-0.7150035308032302,570412990.0930458
0.6194663010759754,828546414.1888679
-1.0444036424612793,857537313.7629107
-1.087692457579552,563824320.5284455
-0.0215665560827523,513998160.1089855
0.0527456917457035,490959178.4790339
0.4691631601072702,503760471.4820904
-0.5150815571995561,558536088.515278
-0.5035710505883636,353557331.6900245
0.18581823121588,752668895.8561281
0.3350153929795522,612816120.428268
-0.6523956903274986,349864446.5934852
0.1311653918631232,462683739.6576992
-0.5923017700468656,325077901.17411387
0.4816960517236621,408584059.6698253
0.8982864378573789,898996628.795058
0.0173047499270174,474869943.6316943
0.4069353325142766,332228512.9668815
-0.6375662188601332,143028152.841768
0.0878295660746524,394088665.5358577
0.721296564948686,368791659.8458982
0.8476566181648275,300747986.06495684
1.1670792400997927,792045205.3299861
-0.0163506538723738,606253272.3030221
-0.1305841940725549,428842791.2561827
0.3433115221853697,612691605.0954919
-0.0010681167756234,945404191.6894544
0.0404728725300453,479174160.8101919
-0.2678877652086937,501608820.63513774
-0.6995110707546941,433548319.3451479
-0.5258190723539323,557570354.1665473
-0.7799533082003185,603831373.7723719
-0.2892877679465331,539175217.5689825
0.8760861201521037,576146290.4060193
0.0496758573987977,573493313.7958026
0.7182857236893648,489821752.8330234
-0.8094586447602895,506004316.1475168
0.1138840069559852,477945595.6280574
0.8577314410350814,796010225.1581688
-0.2114685731200299,685354733.0738564
0.0039367381936479,165600820.92574596
0.6088512948108111,383752126.1960689
0.4360236177401028,579190409.9133033
-0.2700403824896014,737697593.1799272
1.331983784664541,283880013.8083028
-1.3179365938308667,570185976.9076291
-0.0353108009919277,414595787.9593055
0.4142536844102348,612419004.6641355
-0.3385890679885756,503887030.9174123
-0.5236651989522638,714979736.4056283
-0.4114144308228867,488380579.4388848
0.4164008968056679,452009392.2167402
-0.8601963458476879,615702654.48376
0.7115790903083474,562672825.6339804
0.8020917377733321,384895332.5205517
0.4076988761090059,551161191.9796351
-0.2866488723889802,544861330.7935436
-0.7927460565374012,311994796.7436117
-1.3970339595258474,507358711.42006254
0.0718389942373364,630135549.3238533
0.2955190368225605,288591756.27455485
0.601980874609328,613100843.4626756
-0.6839627907602533,337354576.21413976
1.7970850614159213,578408394.0936825
0.906803103572074,654178038.0651829
-1.6190729519464764,701804778.8952303
-0.6167277082297549,298629841.52113974
-0.1085275539366262,395442070.6962708
-0.0640903072026366,476125652.2878973
-0.4758373167301754,363428675.5018116
1.3327466995671162,244530088.2691048
0.9093589832217348,479653987.0602562
0.0006690755619877,472867116.4736282
-1.5641007063422316,996568532.8379225
0.4865397913908169,538215176.1792941
-0.3672292595284167,331399944.3908306
0.8493833675118708,536646670.30492944
-0.0195054870564427,754850339.52579
1.342986925318101,828431641.7498136
0.0790645685120273,735671571.0612949
0.0044283804433877,316406797.91577166
1.2109103931619905,281258960.01563066
0.1856429877801334,496693045.9126499
-0.141054974822193,431976959.8359486
-0.0694767040270728,497658044.3368515
0.063225307912836,524100281.9580186
0.1824388376682079,618791547.7182503
-0.23717992989493,559052295.1668316
0.260929891835468,372065169.4144182
-0.3327646170923728,699071619.5677748
-0.2230541401092428,565604693.4187784
0.1006583051630591,413310120.2023274
-0.1511304855170374,769760775.8205471
-0.1096706072367673,631953059.3160509
0.071328305142841,495606424.9870372
-0.6709682766002054,490665061.2896386
-0.16260887756494,762320575.599583
0.7830498447684342,352765572.5425373
1.1573560759107409,617973802.7108873
1.2710643489315336,361632089.17684346
-0.6065797019890073,715421830.0870538
1.4078488329441934,454319696.73802
0.0377357528861147,588852550.0341142
-0.7493864499782774,26417955.78262858
-0.0888212457604836,190323291.979324
0.1958748800543722,398543000.081979
0.0572174386743329,318481644.55778575
-0.5256493136775834,454514815.554016
0.6944382970307097,218590300.44207323
-0.2311349985797036,719533325.0201669
-0.6353104651402379,260301285.92059892
-0.797895109988481,634631370.6536409
0.4265863755586672,378314319.7859421
-0.2343598555783561,375966511.8760452
-0.2775244680945433,574813228.030589
0.1083469647645622,536099321.02060807
-0.4055505968512403,441945095.146247
0.5643626172886562,581876634.29478
-0.40915435033034,721425939.2580179
-0.072521633979429,677156614.0494999
0.0273210212426536,457285783.59700304
-1.1299899819068475,676535764.5244899
-1.2041471352473023,189711410.01938328
-0.9921249056071244,388826656.9913029
-0.4617339507603014,614114713.4104846
1.7637178958013036,610562494.4726504
0.486829450541023,709046146.7504016
-0.4034457228075768,518132473.96800977
-0.639522838458583,543833582.4695908
-0.1317188673856895,521778970.69102377
0.3201463467476773,660939617.2465229
0.8274424417466884,470651805.1536504
0.4716957745734289,252129687.18066275
0.3421148391023985,408218668.3432188
0.5967162382179744,358804232.2640684
-1.2962871668931322,559583558.8820075
0.5584409022782446,590775087.3558255
-0.6154266335063425,593091645.2127134
0.4205158380132092,437946335.5988383
0.1206149673877586,663961365.8254548
0.0710685328557218,261385237.0496229
0.2445146853593845,378360508.22865504
-0.0006056997719041,660285472.4391284
0.0899490920903578,405326519.78882897
-0.7183261664900662,468545452.1176376
-0.8857734269984865,751366046.9991689
-0.0036707219004466,736384502.2204074
0.03960224242896,572438216.1427908
0.2977230498678616,685617199.3388528
0.0485788945844714,279612233.0981655
0.9092721653091012,507870552.3458586
-0.1907022746653147,544864559.4615859
-0.0971993601699587,450769539.69972897
-0.5674430353510066,649221044.0011274
-0.8001197064402756,623821346.7080146
-0.3462614021150124,706579299.8629239
-0.3785423441900159,475183338.0499011
0.6750849795138225,281903896.2348707
0.1064581425579316,146155121.4015284
-0.0648056276255301,471968899.969267
1.0031253609190387,631120409.2719789
-0.6949979194564881,293275545.77196765
-0.3556592164638772,569530383.6914574
-0.2895367251005316,416905247.1892531
0.7668511544431255,532893013.6278531
0.2246588885556041,503876023.8906703
0.4688959226160662,427405604.458144
0.980431399657717,815169384.3196844
0.5222971149409285,604978251.3390646
-0.6618399584492456,439031412.4116923
-0.3087434825882051,543047250.4583452
0.560670378763402,325741460.24940974
-0.9084341050933928,338145348.9684329
0.4740142231604438,734095407.9294226
-0.3755209993751588,522304753.7364279
-0.1095883724961185,479448815.46764046
0.950830275955704,404012056.4797096
0.6682993494915302,641658340.3827814
0.358651278885953,571767202.3630068
0.0915525066465098,497507902.9134955
0.2736619802009942,566441653.8746612
0.246035277372326,390336739.1058328
-1.5319882730810614,224741603.17886087
-0.1830053104184621,590707768.4582866
0.1522017009047892,356396306.1972608
-0.6709736407078086,499804333.9873505
0.3344851848986028,546930386.5090668
-0.7226040972377934,854919782.2875495
-0.5153248874346911,548500680.0011668
-1.1227035549788598,678935760.4707783
0.1017752381012775,706012711.3856769
0.1415210872047807,561180949.8455633
-0.5103164715408419,708430441.8861116
-0.7843040413161143,259124120.70241636
-0.2230212783209552,510647782.6957547
-0.4785904213280645,507619491.1156508
-0.9981682080765696,571309738.7905015
-0.1133573529731826,528747254.67262095
-0.5386594907820726,428941400.8872657
1.3570421243850217,403181880.3077015
1.4334473961729397,506817680.8615596
-0.3147183056364649,557733489.0902889
-1.1941889881865164,617850050.6153655
0.3629977345978147,610311777.8312238
0.5418329130947284,102330414.9108572
0.2082729875569108,266386750.3667225
-0.185970457462563,595679846.1418204
0.2439327222968344,495031071.4023301
0.0991464280354864,501459474.725072
0.9375486691482936,231420212.94418007
0.712167597487399,190633366.4450361
-1.6315010752998678,844608514.5590441
-0.6267816777843014,681340446.2963587
-0.1972834640147099,760287040.7072796
0.0936448677879087,440507430.6047914
0.9065340640584352,462498405.5152707
0.7356572573817074,497504127.1648012
0.0520658917137253,465942174.11269146
0.5562084970616952,385301640.9432018
0.4059261753212068,397663373.5733901
1.5736367058151308,643141040.6525638
0.2537011091867016,366170945.6025381
0.6057645794754909,497875385.8611825
-0.2683272089038397,622926574.0794932
1.2784241998953958,493800077.1103356
0.0240112361308377,687699142.3777981
-0.9709529594633806,605973352.4189907
0.4689225373041187,533462892.6238341
0.3333132690047351,590509353.6489387
0.3861135936012718,676767312.8532723
-0.3473824741414343,146962891.37864304
0.1227519100717126,524235587.3317464
0.4330341696599071,570404300.7518649
-0.0701183548559947,448815335.1076242
-1.1898884203461186,803840664.630601
-0.0796759346126091,223655703.5387032
-0.3283465358730744,460071678.6719192
0.1184194914996583,298895852.31478894
-1.6779065686200283,820386224.6886917
0.2725847213689795,401061719.6032584
1.6360329280376416,391003095.70146966
-0.6047768028913785,637832710.7342781
-1.5758418413674324,776785975.3097441
0.4689225965071209,421143608.6131864
-0.679546030873577,463504962.8193146
-0.8249515360205095,330179811.4236263
0.01841622200745,791830925.6229222
-0.5382359552553008,329015363.16712606
-0.2343443571638073,547748400.6528919
0.2682326135441009,696982337.5548594
0.5585049339461904,534644826.253306
-0.0556996631491762,284104710.62735784
0.8119280759620897,683209275.4861323
-0.9108126354126916,451869013.5582737
-0.2797292560126192,544738916.4461577
-0.1888871029235906,489861534.8957293
-0.3533951850498908,369433135.0524365
-0.2966328803790436,399090160.2836405
0.1684079777448377,417729558.73939073
0.9393483033332122,684043545.2345376
0.0322717993694027,652323781.5917989
-0.8243348900265886,332076690.8740028
0.1141139915362818,609338306.6746397
-0.6697512482442738,506321338.4006149
-1.04581054069995,288583475.3266218
0.4934441851684386,614428280.071958
-0.0698667779138323,821229064.999048
0.5392578589514001,662630580.0028715
0.6299025683645965,374778350.482807
-0.3218408126481084,592028056.9729222
0.286282189058186,329813488.6459335
-0.7019259831895823,354351757.7865134
-1.1466742177974858,407949747.2910085
-0.1099235995321461,500605667.6261196
-0.2110618856359125,411927208.59068775
0.0600660417559632,696768825.3481618
-0.0383239812136757,262473169.23617455
1.07522021517588,263592788.1855645
-0.6242868292816862,520627853.8164574
-0.7527787255785761,603667061.7831955
0.3075456953979171,483535396.8074552
-0.5686117490943349,376727827.6722376
0.90756479187818,504112367.7898035
-0.6322776829953622,313396418.9317386
0.5469976231481688,579840842.0659614
1.366114579844221,470584932.1112034
0.3237948000814441,810876463.9753854
0.4431889546746353,658631468.7838103
1.33126352188139,300230846.8337774
-0.2546154496646869,766344182.0392381
0.2382815990723936,500645537.522446
-0.2689713930437732,445255022.2947314
-0.8724687879780022,209434612.8261974
0.4144980021527366,591218921.1504611
0.4315149850029993,517645989.01380384
-0.8159707491275949,736125483.950312
0.3121199883647159,662515401.3206719
0.63970423008826,598674831.9844359
0.3299322918810611,482514131.529168
-1.100068632536411,102374968.14431976
0.3570681551162295,436265676.7343933
0.533729873461573,597258184.4510473
-1.445312067386994,400457772.7497447
-0.3844634496576003,416125951.7240619
-0.2077977326364258,564279941.3355527
1.437091014185687,375426325.6717792
-0.237557073151494,198335921.14181003
0.5935508181845612,513789450.2715562
0.0158520431641902,496213351.5966336
0.1048899507684763,407654239.04760194
-0.1820452148009015,303425604.56023
0.0335723992685957,490088106.7917035
0.4860435829511354,595556148.1697975
0.3197936358282195,538020735.154264
-0.2509520015935645,571382770.5449629
0.0661163278035885,700397939.0110811
1.0463106133567015,489594424.4230895
-0.3642388220411385,937284888.814137
-0.6075058178097661,380265341.26477337
-0.4453982531907389,521481563.02267474
-0.4554683847964204,557568290.9426883
0.0687175622783515,460670215.303804
1.6113187848106565,398870579.0206852
0.3119660719874559,635358381.2986004
-0.1184623019517695,377614766.1561747
0.2382367143036532,496949287.0940444
-0.5410396313570881,380287148.7642192
-1.7331234957908528,409272016.56832033
1.8195362768444256,860015024.0741496
1.863865475229101,654867344.936822
-0.3649361165904785,433650189.771026
-0.6190912392825832,533739666.3341944
-0.9802152727651048,492560245.85190856
0.4508939560392246,530093943.5676557
0.1423815712234412,527573983.6973071
0.3026325393603226,534247474.5162608
-0.3025743536617855,280673233.8622112
-0.8486726942852816,362616548.6542788
1.4793908173372816,579133531.6445453
0.4716699343334705,494322034.9773838
1.5666083189097324,58740145.34915589
0.4250219742173244,542817738.61053
-0.2676166714545782,543813145.9827709
1.3523892266488138,400672109.0249016
0.1628735940847198,510155800.7257161
-1.3826566251931418,823340946.1371565
0.5851698355965291,548483536.2244918
-0.4114235199317741,504805554.211487
-0.5878224689949185,719506757.5228598
0.2528806531781374,508803001.8746159
0.3870707778112058,634261182.8659406
1.3092035902667074,418921061.128817
0.3154234093077694,479304356.6393757
-0.3122130950126505,620134130.7051142
-1.3800352910707523,491225534.1518377
-1.0507291866267632,342770046.6044213
-0.7780475437456499,476051659.4634728
1.2086097482631832,367996295.93258446
1.2672771754239651,292789196.9978251
0.6958885666015857,539761751.8044109
-0.8500261733026373,245122800.00679132
1.8477760090812692,399402186.27247
-1.3128705375202196,628164659.6007087
0.4130857143535194,489430229.0801888
-0.9062845199471036,388716385.6179487
0.1929603067880429,411763101.5049463
1.3877770980234985,564200535.7442958
-0.5018771751027948,672334246.1030577
-0.0547143186048119,453568824.9104303
0.6660833843723755,469249367.5524919
-1.363390661008207,557872786.8207039
-0.8926642457946454,467285353.2995586
0.688341276027344,18393904.28992052
0.5619439260677037,214329863.26475772
0.0882682609908949,557743878.3088777
1.5255278009945474,572090717.4299989
-0.5897557813857269,478805808.94251424
0.3017789543138772,671795994.1613477
0.6045867759144712,916241986.6564622
0.0299318720973814,498778352.6481626
0.6362276473283136,677383592.1321563
-0.6086904071051377,368886994.1218745
-0.638536892089023,375260386.444272
-0.3036537371192364,447154645.4330864
-0.079342113081067,602697787.3424532
0.092217337343791,419971666.07362616
0.0909489741016034,435642375.07272667
0.1258203860548399,460762184.2494885
-0.64268697838218,475297770.34364855
-0.4026570919318323,349702371.16209835
-0.3875846731476234,510124492.33152896
0.2130808697919569,670961958.2989541
-0.97449981414099,520615092.56037617
0.6068176184197703,571984811.9314758
1.4917828173762473,385828755.6304855
-1.6211918030096495,402604529.5755315
-0.4084012783761501,760154422.1778789
1.9978734385254693,337228957.7146335
0.8395863496758569,380472260.46572673
-0.0029829324777288,401206113.7121067
0.5658533855733543,646787337.3595202
0.705906375974078,597757212.8895808
0.1554009549304922,571057519.2919418
-0.3932340553898048,271479711.63827884
0.1123986428208247,643097692.8371236
0.1230763059544394,121955594.88498648
1.254777840121343,931964753.6796336
-0.1128401233649423,446739774.42038137
-0.1864803831263671,357297812.876856
-0.0892238002641583,530598469.9273796
-1.4120271862008424,131605644.59204628
-0.4027439342553364,600189894.6170069
0.1637718718759376,458236084.3028479
-0.3369411151186162,652269714.0579921
-0.2339580811246597,433087083.7889311
-0.0076465791548935,551171250.9025155
1.4845901952266505,569776428.5915189
0.8158701770183564,536516982.2644244
1.2955630534468865,485279666.8573494
0.8210211989673176,485785147.5161993
0.9380476059577576,509816312.3146704
-0.0258995519808835,777949570.0788788
0.2108515223686651,835674929.197483
0.8748846895562158,552896533.38799
-0.1803599258098419,447097644.7864765
0.2264952450822166,873570355.3988162
0.8846446439243157,643224862.0741801
0.2476684017707031,670915816.5201236
-0.2471580235771406,292316310.0227305
-0.2870171817462341,510542461.7455096
-0.4723331838777995,681016690.2085263
-1.0283460439873204,321278763.9730301
0.5362280606000348,533095102.2557934
-0.2766235456042025,457033883.9955554
1.2776036125085215,198695039.1877164
-0.0547195402507595,626861154.53563
0.297844347924041,551991459.8982193
0.1301771254529227,355779548.46414983
-0.6854767539161863,469459624.0048804
-0.2955857967248973,288930011.50693864
-0.9655757931841068,456318563.8443216
-0.3306456034675493,548800291.5020605
0.0154284273076321,454446035.4941698
-0.0739343844509936,827362011.6314198
0.4347496985442489,380489922.554772
0.1063167799355662,313874865.5081022
-0.058738171510013,382445487.39089984
0.2590299761305147,479533854.9730552
-0.6671479081602241,594676697.9171103
-0.1018655576031328,528471270.6027188
0.3768026558268454,628530091.7998852
0.0835143324508445,251191522.91762096
-0.37881251641748,515799345.43713766
1.027323880427749,473370110.6557371
1.7965119025002396,592382592.6592785
0.3889042781999945,639591298.0406395
0.3656026496495583,429692083.1739129
0.2760756360519127,386304473.0740045
-1.1194804513874617,492382260.7462779
0.0827775788744572,672718267.0258008
-0.5791274497919285,591714776.5787098
-0.5942412775712927,758665509.0661957
0.7071393516029402,392108471.4927814
-0.5180746797681304,753573935.8882968
0.7028530215212918,613904516.7067505
-0.5617161890205457,429869994.0339725
0.1157696499091166,581928158.0888888
0.2739191165844108,328366313.14917153
1.0168680854871546,575559345.658148
0.5124107309672536,318668689.3587511
-0.60324025003481,503793827.0573733
0.655488168980027,544613361.917914
0.5398444336853042,618971568.3411152
-0.5626917934655716,425428191.7848076
-0.8212687358647249,233820973.7031629
-0.7432361959923259,553336283.324852
-0.9423333959674638,566647103.2839202
0.9296277428115528,878192040.438819
-0.2419203921452048,113980850.11387794
1.1652671159499273,469075929.41777295
-0.0241840885515122,296712055.0354988
0.6893249013623024,509302408.4660236
0.7517515865946338,230667053.4227273
-0.6831188932319794,631207689.8606865
-0.3238247227815508,442671599.1659117
0.3228412717699701,522063972.5398843
-0.9749940787574634,932355443.65794
-0.6392553071364223,210439547.76981455
-0.1358138354612149,383481544.2234953
0.4591811442887718,787838553.4368336
0.308894619368865,487675648.3672283
-0.4082094047192734,532571232.119202
-0.5757913117722868,545896036.9785275
-0.6557213280971167,698557354.3263994
0.7422049029417261,667986641.0518091
-0.8860108211683293,461899733.5495958
0.6746005761320082,412751234.0338304
-0.214109921418256,465340668.16461
-0.774762830853817,723217593.0063066
0.0577146679246238,497905990.6645447
0.5593674270553082,637605980.3187464
-0.3694372354898013,509428708.39625806
0.6900338674496114,445814231.42636496
-0.3868707257919645,898688717.89232
0.604512514546858,695952266.1767606
-0.2246734476266985,595671370.7716701
-0.1450406146124395,242285736.6329917
0.1641486383773903,685440716.5194805
0.0605647306053213,157312530.84383598
-0.754164282572152,390244862.98891056
-0.0190358540533212,597799622.6169455
0.0275938725658233,514879761.9034426
0.3174114751609663,616874695.8846247
0.3438119683064284,570172965.9860346
0.1102147566215198,484460175.6769204
-1.73510733953915,433473646.4125196
-0.6496061369988791,506502994.7688
-0.2184571581041144,508114973.3517704
-0.2653421227771794,267871557.08123535
0.7537771647956713,769547918.581422
0.7646850553256265,266919835.5239792
0.175617443886002,533989012.92824095
0.3863905388183478,679978259.423575
0.991284740880065,375633179.71743554
-0.5407375693800875,362973039.3231052
0.5514690027600977,521825185.915807
-0.2174698303594161,525623697.0480439
-0.0334161709790896,261872461.2426259
0.3123471753894915,152501383.40257153
0.9399413147953242,471192914.1933106
0.2034223118729329,565812790.2394956
-0.3571304539791262,452467454.7098499
-1.2778648510470096,553328340.6344573
0.1355670258428545,585403124.3029151
0.1340165363373979,376808597.75428873
0.8055903725510186,315519311.3676434
-0.6261940099253404,596629414.3544637
0.1376989948944483,467293884.3284418
-0.4068994276371647,429115796.30670446
-0.4117004892725264,452354265.9677635
0.3745542258475531,420793119.13585806
-0.0076222725659445,338402319.455286
0.5368642721821514,323962363.2496826
-0.7969093075740131,546110898.7192737
0.5534062164972782,387855604.2516087
-0.622671946861182,563955928.2540861
-0.6195143829028826,537033863.7017971
0.686402201894274,471002054.5838642
-0.6345122810508598,442733511.8888677
-0.0698410812357532,459496172.56009495
0.3785821453190214,506717237.6760629
0.1096033923013929,523304970.41994095
1.7291282762114846,312928930.0106611
0.0638167534367182,522359427.9387606
0.0984364155319537,410919428.7111936
-1.1595526779725676,623071650.2717596
0.3299979550791239,601504043.1046656
0.8350097762710269,315078464.64134383
-0.15841917007616,561611036.8675752
0.3727123363450233,547314804.8790349
-0.8548603013842818,383699158.92644286
1.0318638502834043,522643513.42536974
0.7684614540527872,504052523.1704487
-1.630514941043332,548915386.1495471
0.0956690378716286,557537774.2672161
-0.0313719561483019,374621507.92318463
-0.0256181147162465,736545299.7363346
1.1619087660721834,540556173.524119
1.057252773629151,218835819.03495508
-0.4563328250214025,526512602.47076094
0.8343181551867405,502576727.2381231
0.5452634787792452,434586282.5557154
-0.2578022928222909,401250472.89960414
-1.3664305706663298,684681439.0418687
0.9625207438187868,581407683.9897519
0.2405642772007853,612369995.2639005
0.4401337185101956,666567442.2469927
0.3062763455979494,604323437.5129644
0.7041638285189584,444141080.20168495
-1.3464638269817837,346506367.93461293
-0.0725801123504019,315895710.60616606
0.4852129327854673,396148116.11491
0.6560191760739007,524728882.4664011
0.4051430856965735,562821609.5642514
0.1113307560213934,452360173.9863753
-0.0650393413552261,828421577.8771417
0.8006677099511238,473023925.2718837
-0.5763398705577212,357332486.08765364
0.3860460904113166,551870466.9123483
0.2342783320292693,507370272.0930267
0.6846034065496092,565607689.2123345
-0.0717276732149131,650742090.8971348
0.3406151901283829,353282744.1255968
-0.4160802709997619,431724648.2307736
-0.0495568116428422,268931816.9708069
-0.8372074441757245,501328597.3663821
-0.8617089982465648,270156017.7774499
0.7885388772198062,330720985.1816984
0.5562357342133466,426150125.4961928
-0.2780836295732776,421594398.7882284
-0.386768424472593,665034148.2423159
-0.1295637041278731,506483987.2485275
0.3340388936533451,870286263.1441181
0.1987715979648989,403340585.4790109
-1.0241171541723464,360579135.7216336
-0.1484040820523411,697802068.283844
-0.0526586965598881,187767576.7018188
0.0434210424483455,347877660.0930368
0.8900274366975471,502912256.7229241
0.0975239620280569,733323965.0983679
0.0514164738191643,461178879.9148617
-0.4763844650471643,597352327.6477499
-0.1204366118291209,403675460.0320243
-0.1639604223546364,662044221.5272809
0.6568337140213569,880105408.0562881
0.5427705178781161,380557071.8860565
-0.4365679961087768,272481519.39395314
-0.0376836135671656,438660416.5558428
0.3692120768407868,630181847.2439848
-0.4654817296187531,363877213.7580581
-0.574504042198032,552582163.725152
-0.9486245049802012,449852520.9565229
0.1334929479408859,259254472.2808608
-0.1234210095176172,451199257.0591081
-1.426864924784642,340713130.8430251
-0.375647568697137,653809289.0719446
0.2696047028146351,413570763.3147442
1.923782650388297,779820577.9348092
-0.4817502588862021,630342108.1701839
-0.1486019737795082,394979713.7481637
1.7767715968458213,206106056.21472397
0.1417981493351107,504506973.6152614
-1.1285544236593192,249730168.43963704
-0.183414741719593,577178573.0040373
0.2777618407568982,580269538.2808944
0.100492687192301,426843156.94095135
-1.0353219081743734,420506901.0915412
0.758897789193095,626421409.293467
0.0521765609807213,677523783.9881685
-1.9504367265289324,248724431.00396764
0.8481092533396946,420483749.3608608
-0.7878869503867091,473352966.77872086
1.6387445872081892,839563846.8601916
0.5213182029008976,581034369.9206004
1.288474079114652,554156957.312567
0.744122119375227,525150863.4401417
0.2753398238595831,492159565.4670847
0.1903384036544181,589132408.5183364
0.3701844494508678,626324249.5704914
-0.3507612032201948,697815534.918778
1.884480102802836,717890752.853447
-0.0215690895382695,614320514.13085
0.430461676793046,648635050.2683051
-0.1500500826028927,465679883.2312529
-0.3152001670775876,365853740.3764932
0.2613406835128505,510394167.8235859
-0.8885519479006071,514943324.730705
-0.0599335596262591,614048973.5924631
-0.3803426600755916,680423393.2625723
-0.8118096727133128,176945550.07329103
-0.3619293399433594,260250719.6875028
0.3664944243972721,576620389.2663547
0.1345386287208365,494217600.6573578
0.7565635158874044,341403303.5213206
-0.7068896003683185,743542306.1829122
0.2732453646159896,664604993.0236698
0.7371133221380616,684311709.7270421
0.4065887087203357,335628715.0042238
0.7307418081319784,718259027.1094946
-0.4087601337156006,300177903.84146833
0.1745266647801354,726388344.7541844
1.054298615260298,372720311.30655134
-0.8604884243361001,453798025.91723967
0.481819210918216,548370062.5692708
0.0131201430441327,403189859.5477608
0.0095426988220868,936292802.5871508
-1.6690558683106849,960593464.0814246
-0.0861535940940212,496484654.9430923
0.8094415611364197,706603896.5200478
-0.0045157895168407,400749177.88550144
-0.3528026211430005,694425859.5825922
0.8374221325520974,778154762.6057886
0.4469977599695654,661470102.767697
0.2897426963465811,448298749.5693901
-0.1983658678469273,127584222.38203834
0.3731417110897409,493349702.7179573
1.6636256278717831,349570740.6375452
-0.5921232947493237,657576535.8316072
0.2950086534889836,340823137.57532793
0.7928573167750939,459452670.05761045
0.2451267789633473,459201651.7876172
0.0651305549669319,644304858.6666158
0.9590402590163052,470432187.38582
0.1459556931541817,521172390.20964986
-0.1486155488178726,385007589.18885547
-0.2876487609300156,536999425.9425274
0.661241477849338,663862104.6106386
0.8934058238850506,544597154.222434
-0.2221443192013893,469521101.0568844
0.4521523455799169,610780870.4733374
-1.2989484858931952,599033253.0349267
-0.4380632055540087,565169694.1319238
0.6756484877197912,453422692.6329309
-1.7381486482185076,521543505.4356227
-0.446807645882914,452722422.9402213
0.0249560704374807,635309295.4558231
-0.4218564108164231,335798040.1217054
0.3119986009378546,573228810.0672063
-0.1135399674943191,469864054.8316879
-0.1558160394816547,520371661.5889295
1.011602259804914,363494721.080042
-0.7009313935718569,515592272.1200516
-0.5000226104797963,651215071.5874913
0.4697388769812615,665318142.1584611
0.026291002084485,70058146.4857856
-0.4896676197976286,959068490.280804
0.0027084110863073,513633326.5477719
-0.7067560900168021,358440199.0725796
-0.301511853507345,492303246.2612761
-1.2258359910475258,564028946.1573253
0.6777158463747341,591272816.0804003
0.6159752971320358,479577659.0448864
-0.7900724526214837,595107565.5290512
0.1158361396594912,351473305.67383903
0.0175034799710466,631029044.3610724
-0.8004245745615705,652214576.6840394
0.6301698823526108,652259962.7651571
0.2574705109243309,647791526.4836314
1.5561584383731462,634483063.9944338
0.8011652427580651,604774436.862791
0.238876349145915,602327560.335973
0.6069742707515032,564894418.0620095
-0.2338707845792623,697303337.6397835
0.7454382530388095,250253373.24091583
-0.0279371557202803,430695938.9761415
0.5376059721007163,324886332.78243774
-0.3762408244576242,554908727.3270931
-0.3160461970285912,365048223.1173776
0.2956402538548353,228577507.92615348
-0.0824631427057794,364064681.0317352
-0.1332116084729734,278931843.0567633
-0.442970873080398,498902148.0191578
0.228730369550585,637194112.8077825
-0.1068910171585531,638603372.1459869
0.1293539277994483,665841039.5026335
0.198498650607468,369805602.8973257
1.0767711091372432,444003501.1165444
-0.3845591985930558,425635557.2082507
1.0441737210568036,460900748.9914829
-0.5324076039360526,316483879.57882863
-0.0941135662916327,410359774.2327754
0.2432365711478097,439580956.9163057
0.476728449007739,434919994.3691645
-0.9279471475372492,326376441.4987338
0.8966801332398039,626418179.3950697
-1.0992427451225408,444046105.2984101
0.6757938764829307,661274761.6182486
1.0042679573846016,193284862.3560748
0.4454973835341488,288235509.16543305
0.0701736607034195,507971803.18223
-0.2696187157123936,616262423.8121406
0.3598724536845484,702925238.0725784
-0.6639221247034113,528966501.9797963
-0.1151136692290148,521089526.626667
-0.0922143960757782,643255666.1190094
-0.2783552028112273,628065304.6064717
0.9343855578257844,390875618.2180234
0.3975095457661331,243781207.74272645
-0.469566260306779,777839531.3830857
0.0118263107640632,314909095.5999949
-0.1649913082678421,676505731.0337995
0.4098300823345155,443420228.9646352
-0.8181747521212565,600029137.7532697
-0.3944968067161765,216183085.9935298
0.4517330905914358,730276746.907048
-0.4658152162232269,524857588.2532312
0.736932371290106,568549019.7401465
-0.6174456366493725,661318261.1845704
-0.0738079645298092,256729359.50491104
-0.2230523117241595,391847236.773315
-0.4826311705579497,325050980.7886006
-0.0414866739900882,492558951.9923267
-0.2072748009744952,477131312.64960456
0.0331958742003631,365822082.0799772
0.045867667336543,381403812.31507766
0.5246883184770745,554051074.9531139
-0.0109038160794629,505195177.7102834
1.3018954319133558,557948361.0338542
-0.2681220716616548,653347666.672944
0.5969618874525728,383727319.6716467
0.7447821827371042,589859571.3504251
-0.8610883126816532,641006534.681861
0.3544806755549436,560457961.1066952
-1.043843591438824,770265675.2918481
-0.3715176658397279,406595702.9602442
0.7005140455670298,398585762.3026612
0.1380213817220145,426514785.6042777
-0.2356036460770124,413049183.77436215
-0.210835961691523,424184448.8024325
1.0936137966558357,370580869.84913087
-0.4719801736853152,345010628.9227967
0.5995276638961905,611861692.1524093
-0.3089634738687446,648897074.7836426
-0.6669831920347264,492925053.4035376
0.5432804226237209,405290248.3325762
-0.3817796588237384,402410048.2336129
1.5832492640413691,630969153.7904499
1.2356196163959086,510680456.36144185
-0.3508041447717317,709997207.2657106
0.6528355227879987,132644777.25850062
-0.0096080356077237,457844846.85771614
0.677966740936308,674943100.5124025
-0.9428827102477584,340880076.50338393
0.6734905117428136,483388215.0310755
0.1748375364220336,409961404.92283857
-0.6220628920718995,603017349.7126675
0.113838264316758,607987802.3163302
1.0074394855796291,343184884.2214737
0.2868832276381975,445385655.016207
0.0929581554463162,391024872.86326
0.7594719844499782,683643920.0881767
-0.5447832645774715,427694696.0987508
-0.8184458251132567,375622821.58892256
-0.6272065818650986,849375785.2241987
0.2094436363241986,634194732.3814471
0.2137978136557845,560917969.8516598
0.1526724305065838,456770028.5463552
0.5723979292138461,593882267.3133577
-0.349231569606622,338299439.0253017
0.3759495534718518,488015361.24773055
-0.2308681780755526,421987550.7144697
0.5027110609070402,732672282.189183
0.052678513273168,585931070.9354582
-0.0344761848001059,474322527.4634563
-0.0784946208390494,461955397.6661604
0.6808489451768353,681822926.6915482
-0.2572439701034206,630860426.084401
0.3882461242114722,647945166.921527
1.2369324051509278,587493874.514618
-0.8312229044365461,439054539.8444223
0.4002772491177965,647572521.6845753
-0.4038205126269007,440453549.6038501
0.0632140578638281,585388454.6871042
-0.2080124886616826,339018241.18147343
-0.2392211001219419,414590610.3228701
0.1568383809766755,468742449.0671129
-0.365510594030373,545427376.2001932
-1.054103344096749,435871565.2729311
-0.7049823995815286,245267325.63224643
0.4711056496351163,303021678.3686804
0.4274971732058333,680516124.9322175
0.5754471251911782,664153666.246664
0.9251037241676816,560232913.089387
0.1085599315024141,556492120.2040673
0.0362974344590839,392613875.073203
0.4468876338269251,362753101.56008655
-0.3822007496113608,343255136.96696216
0.1473127642848017,348946079.9694696
-0.085564764716772,572450427.5062777
-0.3418262368889854,431090896.1939408
0.2241999706230242,317052035.4930906
-0.271707084148501,471142191.3010729
-0.6883543975480001,324991532.5834955
-0.857101094441477,893106441.3100488
-1.410409453676808,877858085.8419719
-0.5059488631131144,304550189.8563622
1.3806539230776993,607048351.9325169
-0.9765603389437532,627482923.7101567
-0.1232985614889333,747655204.2225848
-0.8280464701470577,332273659.6860274
0.3235850024680745,537719381.4136307
0.0785895823171029,224509793.2404747
-0.2842592083660529,120934253.4910166
0.1121151591826771,347847453.8736419
-0.1031056613502141,422399145.4839357
0.4637639593640998,686155132.583827
0.0978116983583075,588722412.7202358
0.113860118714932,825056028.4230409
-0.0312531700393787,547995664.8057022
-1.2748687196915225,247008664.2907327
0.8357326785871991,356239116.60797626
0.412189632707531,485556837.2818436
0.025045204343959,426926390.61148304
-0.9006927696668748,669050901.5701598
0.068562264849771,659557076.2003963
0.7335156328895451,492924054.4387623
-0.6881664268263245,633754872.3655697
-0.6030443120280795,603839707.1936821
-0.3775440606742496,333184099.1761025
0.9390611931188284,535895969.0564617
0.5651793277839874,545061838.9833293
0.0647053090886334,558277260.1989169
-0.2645605108507328,617092694.3630074
-0.1622038750940976,477771379.4032531
-0.4154585413288458,484207299.3703635
-0.2778385948989146,526065096.6973271
-0.2755212053089848,412461889.0466114
-0.1148779012584896,476480030.7578125
0.3235125743576597,303106164.22853994
1.482899424712186,357467116.1381861
-0.007712482028937,852507624.0899014
0.6774113903023119,599794118.4579207
-0.185397631507676,418115396.14104176
-0.6756176465445354,579291576.0988632
0.4446207290226014,624542082.4058743
0.4619652409458147,299083438.1662296
0.6131673618224681,673829328.6246055
0.1954955521852788,620025525.2016385
-0.5347661727160983,544616697.3042223
0.0653353654666643,505085827.6136913
-0.3430230654728616,387546015.4844601
0.1880344358101676,329361635.6212367
-0.0082994125138137,538955226.1900914
0.0467535094201328,398205370.1848018
-0.1155638847852466,366193227.5727125
0.0154419773937458,433711574.8885018
-0.5395711112252872,569992920.8434627
1.019512486170288,624175614.7526567
-0.4368617517905073,555114106.5785009
-0.0802843764650402,472803001.747124
0.1457795255916445,254332251.77648768
0.4964129938810283,522569150.74915934
-0.5037016575111133,734199156.1281965
-0.0341113499094624,61974417.59438141
-0.1189262883179851,496852887.653591
-1.4613984746530582,406122595.63274926
-0.7179184268886556,596315196.5809466
1.364100090061952,323281908.6455384
0.003372643523966,488033501.189131
0.8283157406827758,510312103.8261927
-0.3596610393117903,479440272.0775224
1.6773532882996296,479043428.86413264
-0.0146360370970597,518222736.8112166
0.0262770931535101,656623619.9085343
-0.4445591156183803,627489829.542445
0.6770636917061348,503374251.7304912
0.3425397176462779,453207242.8783399
0.7849802119315402,229561458.35531425
0.2022502276207889,663745304.523599
0.2588182962197397,473353841.20470095
-0.0153347328716567,436311182.6676208
-0.4263102472807626,550878889.225681
-0.3150703053875361,375549919.7588316
0.0711531249166343,706434339.1791362
-0.3437494164542919,539849606.1602602
0.4580997097701405,338148684.5310362
-0.1361395385040517,428872493.6550608
-0.6876545934137382,239558650.15948296
0.4209565701772155,270610329.74517804
-0.2153522227417693,762355246.2460779
-0.8251274614383766,403823581.6878221
-0.2500374980816258,261315390.74924144
0.3158016537496438,894022038.2233219
-0.1577871609610433,447858722.4304348
0.3768096174676916,592614356.4263065
0.0293747966346975,582931808.4676025
-0.2570922367635195,622835316.7931653
-0.8900596731856835,510006239.6050849
-0.1509061590491887,521397073.8893055
-0.0169562056759275,636437045.6723967
0.3834220784892352,247653534.51790285
0.1644839222029606,670262239.0602214
0.1414411736578274,338623489.5914329
-0.2542908801604115,427939142.4727816
-1.3855361594115638,948700491.532042
0.9838396741056826,430747783.4679044
-0.4846085879013921,536267105.5527697
-0.1059635559205651,276097255.307553
-0.7290780250599291,972623546.3594908
-0.2101446220602629,513020799.45257646
0.0441723358133426,648930438.2778244
-0.3532353216228543,317171521.76138526
-0.4418173017574311,338245848.8556803
1.2455944409958686,335646210.0779131
0.5898329138113086,497341698.48644966
-0.2353793001504105,400710175.9299272
-0.0874929484321217,595768789.2587627
-0.5584019191574027,679132629.3510141
-0.5740288769157555,394131430.2338297
-0.1675749281106231,854324568.4082922
0.325763096672253,508372596.2273392
-0.2326735785053028,551573405.1364689
-0.215753593454204,491545226.9787297
-0.7411694529196134,491010671.05579
-0.5409099098542485,589081332.7911764
-0.1837060414276783,398946122.2842189
-0.3718592770437232,482841240.8254211
1.7367777132539146,826531770.8834561
-0.3593835772456428,306375117.2611586
-0.1982330075672965,500855821.2121964
-1.3579857081324809,637541699.7989392
-0.405699925930339,426915733.0905475
1.026601611188701,581652805.7126266
-1.011618911250448,331768513.47632986
0.5638400709869048,734943136.3997927
0.0900545104035378,439372872.8173976
0.8437672960308898,668635600.7038652
0.1334108302171025,429802616.5206363
0.3619129468012703,505031290.6847557
0.808336742031269,514759849.2308493
-0.4356450432891874,482430944.3476822
-0.5766650869181482,365161287.2561697
-0.1912364549306947,598318517.7600663
0.0884842972768824,541745237.4770014
0.1360918741678737,369556571.3941169
-0.7524898156015208,513040245.0859018
-0.3766257617863184,319292836.1365561
-0.0161491505465833,528588008.6400506
-0.2297432108876048,387271684.6047058
0.6245480197282088,591351099.7907274
-0.5338689050773301,234274358.66066536
-0.4109022321745461,389040795.177498
-0.4322378584046186,617812221.7680014
-0.4367482565452655,664520661.3701338
0.0562906527205058,166693972.80131197
-0.8685915166991056,819864185.5988613
-0.5263518263439148,644867076.5824568
-0.9960287375612014,143952352.67297
0.614937181442146,990168914.4775072
-0.6291119889313925,507454389.44993794
0.1762516998899201,509800681.1538122
0.3066032581378973,546210639.329271
1.617142357031226,579804963.094586
0.0336457454827598,767976215.0732987
0.5177938089162188,351339603.9350569
-0.6444279009019636,632318380.8080331
0.7239614829291618,480902897.1666868
0.0760835804400745,667475196.6790487
-0.9098915920178088,720998815.4829376
0.3860030638252907,516339821.9237869
-0.5098141788463497,412268577.4856367
0.0755636131904125,315671055.0271305
0.4291112423184336,286584529.9127864
-0.4678237394674457,477056903.7567254
-0.0502483281217497,366388270.7249264
0.176976017113724,467247657.9308657
-0.6309398168231564,643697708.6986734
-0.7738624609000762,532983280.8945024
-0.8324753665737166,362922362.3422463
0.1633607065990294,302172972.7812824
-1.3149066092411177,228570813.6518278
0.2300399202734137,444073939.485584
-0.468608830917079,542692494.835123
0.8678305783018828,530227987.0434682
0.0811249713876033,511834392.3422425
0.6764818864157346,686206467.7485858
-0.3947302894521527,552401052.0836707
-0.7319122968801636,205863821.269558
-0.9340483581302002,406473767.2325344
-0.8455667385471168,586487838.4598732
0.7523393593092607,365847790.8831086
1.218932794552685,516665406.9353139
0.104322440047166,562970234.4464288
-0.3613175642877045,455921250.4494268
-0.5131107834402174,487660388.4538247
-0.1329973604878994,686607278.5875323
1.4923440876634289,537797595.3148952
-0.4745590299901965,705728327.1910552
0.9130870401788376,155073628.51020005
-0.1753648894484732,582867259.9448043
-0.7089995946781616,423327812.59893227
0.1070333487297701,556747603.4814174
1.0209739381096803,474194697.0738941
0.1028659072765702,436122723.1754315
-0.5416809992223903,458153757.5185709
0.731899115664404,514932550.9866333
0.4782109500251333,798082017.6378158
-0.0322270886251144,696083554.9643261
-0.3741408823378213,634625752.0014328
0.1531578161233543,552627005.0154114
0.3018047818715681,392180312.281956
0.4931114256104307,638258037.1986729
-0.0716683545707861,582602149.6249723
0.1535873000399517,400056312.8078212
-0.6893500239806573,622689261.9543846
1.074620068711576,228020327.28073448
-0.5820687326298032,604692129.2090319
-0.7560149101330926,729761743.718706
0.288794689027504,552855950.8246318
0.3637651902673665,524593098.9200892
0.6800296913307831,543368461.5819626
0.0703395617096164,356168739.72574234
0.7428857145738909,590300678.8592434
0.2261524659500927,561704739.7738236
-0.9400241677462672,566861499.2585723
-0.6466089860695604,259254806.23280928
-1.0708057101236563,803879335.915115
0.3327623804899389,580405075.8662488
-1.2016190118453505,431049643.4160276
1.0310013100953674,260728992.7659461
-0.3485426279441308,500490680.27897656
0.991512687395912,678318470.419279
0.2717747167954649,598179862.2478054
0.0341289348190663,517659525.5677749
-0.4098939353941966,480993306.997738
-0.3084546201543254,69081816.16741957
0.5025088294485329,399487176.89062256
0.8844566759988806,501526899.87226135
-1.020712769187469,652809633.1422592
0.1819147087417398,380230121.8028217
-0.5226099532365945,557744847.0573952
0.4691687869771778,749354017.6981966
0.3687791827052682,382730253.778691
-0.5376831707107957,514152930.5713846
-0.5516761242774543,462897557.2971881
0.9871559511780268,523347732.80316687
-0.0451706330195792,643987286.2473111
0.8259620136210648,575239206.557147
0.0433180292718321,482810766.89051
-0.3378252566139277,608980170.5563864
0.3792162677931245,585067736.4741166
-0.1534264411780954,563273730.6248727
-0.1164239810585557,597498489.4839479
-0.0281867289429427,347793139.1563124
0.3836990852032374,732768915.0634001
0.7117370139144905,693395777.9141723
-0.136063921718971,294033415.946193
0.2308536843287541,441517082.8190665
0.0764999774512304,711870099.3958677
0.9108356403406332,645772430.4260614
-1.2400298793269526,517441770.64213365
-0.617016145621026,582821754.000271
-0.1407521355825776,344510921.3458165
0.8745827283392998,662883382.1964844
-0.4652788525088498,618451003.2104994
0.4907612418735907,576252777.2945102
-0.3936541729955156,424100445.762567
0.5099735946497237,672028787.9152117
0.2536773703093178,547899380.107794
0.5999693247668008,556245393.7527676
0.4270848242656655,364465312.2895603
-0.1697197720025289,479566708.7781415
-0.7890190809013742,377372960.7191616
0.2456912135360822,612030045.4921321
0.2739550899627399,349479485.4207183
0.472611971695233,363419108.3075826
0.2420351458117678,394783582.87950486
-1.2211816463065128,283979417.04241675
0.0518747278981296,555665405.274623
-0.1928066939783048,623108856.6840789
-0.5064452672364507,355028480.8739892
-0.0508163829986736,676484181.9822314
0.3710385088705803,628863341.0895927
-0.4665440512558181,259709380.6230028
-1.8673759719612195,343875941.1775138
0.3399840984383316,555944948.1370153
0.3394354343199319,410188511.9193638
0.4706227428539534,701104842.90747
0.0423019821918509,400656818.2008956
0.238325262098663,304945301.85287297
1.0061781432911103,555634544.6209688
-0.1367390432896086,736033708.9795598
-0.4093339884969499,610471773.9002042
-0.9195128996654628,342433113.05327666
-0.4375731268683587,561055669.2247849
-0.4628886479828531,512063477.7899893
-0.5210008104927404,666659745.81245
0.2026084667519631,425602389.4342108
0.5565710464888404,495670186.1915223
-0.4352894663530265,431373655.2818564
-0.1853163496278923,466992324.4522273
-0.6424292874383792,490545605.84598017
-0.6923668943050728,320003310.5127959
0.2632298797081869,740046157.6692885
-0.3408592632110752,400034898.2775996
-0.4248191301493771,394978174.3649279
-0.1059943223818862,194237351.56281853
-0.7196948148661164,600629999.5500228
-0.1366958699880357,525794669.0859165
-1.416315837748278,385979270.2961111
0.339842704159784,419996022.351629
0.0111524805203575,554230304.7090567
-0.0566951955200528,375982978.43883127
0.0544124893027197,641699825.0799268
0.4310228328063026,583463983.974255
-0.2290727494795946,295147209.6100213
-0.2095078924959693,440127588.1133697
-0.5187093630274726,553270814.9803772
0.4533518160512306,431634880.11637145
0.3544908450630806,670015279.4875237
1.722723851666431,177565804.2301934
0.6898611944930585,512306386.909366
0.6168251541594183,513543239.3684573
0.3046307268262433,398613238.7016635
-0.9405134263954912,39946128.44567807
0.2395522760161926,343065854.22565967
0.3585220872958068,500040927.7147333
-0.8510118955554618,281974711.73545325
-0.2875923924975402,382888971.5493087
-0.4640137690082794,365743677.077404
0.4440545465422559,600799971.8128966
-0.2740047208175067,701617433.6082155
0.8847376270837013,876140928.9995539
0.867259150938136,315394526.1619453
0.6488237614953858,393391405.14499855
-0.3170138425905921,412034320.05651295
-0.2113700943808861,729930698.9639219
0.937050444750546,170765293.2819365
-0.4625311357984293,781714310.9325106
-0.0927334288695628,413305264.26744187
-0.1348095482660872,381589471.620865
-0.6198331019242816,256816113.67088532
0.777993062034806,443223334.0691317
-0.4093078666377401,541064758.2984787
-0.5017818011131064,369419882.8059501
-0.6416725391323541,373278147.2308676
-0.193744408372608,630847151.6545697
0.4275215870711306,567123009.0597872
-1.0704338732773366,804593830.4037439
0.0083505305376172,464689482.7827448
0.957477543015388,402083971.758546
0.8922105098699711,651733763.6789441
-0.2557525607568833,579484673.7705458
-0.6460045679508678,278772303.61007005
-0.3826282315547529,422721127.9611852
1.899505797271784,221099377.24468967
0.0541877278816096,516043090.0186054
0.0401124992216673,724151018.5557395
0.3251929388592325,479431355.94202113
1.6762820397667582,294916076.50584084
-1.1195832275899888,526959463.0688779
-0.2461386542428217,325646341.7673725
0.4899013950290967,656718582.5626326
-1.7553366034915667,579121406.9824052
1.525135160942051,584428435.2009244
0.6415130523509105,370026566.1778632
0.1956421790394715,366917126.42493737
0.208946637119958,559613055.829889
-0.2150286995278427,528272654.0614369
1.1503795453795274,141395612.8643271
-0.424632770788981,587589719.1017706
1.3902481796518449,436699006.43221736
0.3230590329199826,596985274.30419
-0.245016133735881,394008551.6290252
-0.3642279957234239,721937248.5776707
-0.1324831502442077,716703080.0834296
-0.6683106679277312,508972207.2063124
0.2886779831884181,590572788.1730744
-0.586555838710793,665042138.0346707
-0.5021931079870763,606884716.3109779
0.3623390335206344,602084799.4392006
0.0549099863207526,441624021.7030344
-0.5446538092039904,686016834.1394856
-0.3901507987593125,654911544.1915511
0.1020150080613791,386547350.5212978
-0.1290861463908091,697319643.8281063
-0.23144760138509,545810061.5950009
-0.0783549253536409,534437510.171029
0.3659741814223278,379776517.220912
0.5114094058852162,318168958.3540949
0.1197705357754925,271517641.84062934
-0.2936664993249774,517429581.9037869
-0.0730822285384551,330812802.34626985
-0.2360351149011279,598723050.5591367
-1.2781519429341768,488377752.0690186
-0.3983727965777494,276022077.88974684
0.5181652006984702,237007029.63868323
1.0721911696415736,692172147.3706105
-0.8120726671838683,544319110.2914249
0.382266971925329,530938219.8376318
0.7491981623336154,336366928.33910483
-1.0417651468679625,322438079.16154027
-0.2772203947303072,335779239.4701909
-0.752687016064002,789209319.8078915
0.6871170673384219,598242985.782608
-0.096600224778256,520466971.70594805
-0.711397741139935,812487479.8623664
1.800582102681356,377400134.8932061
1.2321375153806098,547611449.3300971
-0.2868233844548977,540632337.2603062
1.0123571226824557,426678754.7508203
-0.0291526955695936,290112803.4897991
-0.8132659886852903,698747885.6184171
-0.6455796973668513,553542227.7546906
0.642914272455946,277165193.41142315
0.5659185140861723,789878425.2350813
-1.3382713182192891,332786209.3501412
0.2364502221530342,437483466.7339618
1.2552715973691702,630632993.3358629
0.3569588485432987,387267589.03033423
0.1490164681849713,321558901.59200853
-0.9424280135227836,484955119.6879437
-0.0998988036648338,693739042.5740414
-0.239784132324681,536027920.6297908
0.9713035628265412,431634338.6882453
0.1376697132407829,412326046.37107694
0.6021612525536302,851949887.6877463
0.0677904694067126,499374609.9833707
-0.4669915305205241,511477199.048852
-0.3570136520494637,609918785.1107402
-0.3760642925225494,751273108.6428874
0.3419659845369044,503892395.38458747
-0.2955046047174163,448291121.36075497
-1.0076325728453883,535574080.35078526
-1.8196971202156,960834956.2477794
0.257700227901309,752454996.4410329
-0.4103474468292227,589866907.2772813
0.3895798881817643,236771454.65453583
-1.8020403477679867,279404177.13913333
-0.8912033796467149,575833808.864896
-0.170622968118546,658599953.5551358
0.0014200239497161,576063324.2194315
-0.2901637510646805,553747243.4815375
0.4130460483505732,638242479.6006352
0.1981621986578609,560919100.7658498
-0.43035109470386,437880925.5682619
0.1533334192374117,491798517.1687189
1.5780259799938736,794322613.4519325
-0.4370449651996893,387774781.3403472
0.1704404568649463,657901177.2380668
0.5249366787244636,278157737.99440235
-0.013229159804542,416345835.69578576
0.4086392463372593,432458042.7209528
-1.0910144745893575,315202887.55940884
-0.9662637801431382,424606828.4579191
-0.522604019052794,413206123.4813946
-0.0508127020008804,534050925.4452238
-0.1824590577785498,502723969.2291513
1.386823458216659,562977519.9862399
0.3605494516345189,314008556.5779878
-0.6783576491161407,495051438.4986528
1.202258671613674,795132338.4058412
-0.3214078654807252,515082022.9330513
0.1890448819173733,597677306.0594351
0.4509900215502723,629256078.606832
0.123534989415388,520914954.16223264
-0.2192784504066443,764896093.6232866
-0.0005176236505265,149424274.4819388
-0.6355828059366231,618429934.3938985
0.048487222780606,517428506.6420098
0.4416891078118308,566500048.3023524
-0.0476218661631165,667332312.9701686
0.3671454909444926,367698116.18231314
0.4191878569883648,494822841.02992594
-0.91339850224922,382371901.0668849
-1.8436574481020416,630321429.4677002
0.1816516353211836,401504120.9531655
0.228071681731012,624889462.9653949
-0.6045800698863963,439414961.4015505
-0.811654595407187,455031752.079277
-0.0820728760189711,533653597.4086893
0.2121750214500439,297735594.0872593
0.2114994357153661,470670627.09546936
-0.2371428046379792,623119883.2133539
-0.233090850735319,643350655.69904
1.2629578482675554,494347885.0896669
-0.1591461966073573,518428613.6692241
0.6475749223295186,776715484.3409708
0.7168174764862323,436131645.4608941
-0.2104924530583198,465936216.1842345
-1.341662910827452,356213920.37715834
0.3157935323070426,495144494.4840469
-0.4688514612501979,538142989.0850465
-0.9193368318099426,405610057.941659
-1.0960582958277416,520557610.8782816
-0.0284458584186602,545486610.2829108
0.8936432928411656,504459424.19890463
-0.1116698848985131,466271311.300018
0.6194507378337195,497989652.75227934
-0.4558232155625658,527367185.4140636
0.4721420698885349,741700470.0321757
-0.8546231962728341,345042934.3477712
0.1864069866501349,505872445.6654107
-0.2418129966227872,548443695.3931426
-1.4177201944628648,732498431.6447316
-0.967845690182589,530564911.1108978
0.8078499193231362,534187458.86879694
-0.3171795914096984,339398171.52211684
0.1853806471361657,718127546.4476372
-0.0268638206463221,450604485.706435
0.214408812048273,236458456.7227669
-0.3137227839023357,776880315.9486301
0.0147178496419277,541637989.7192398
-0.6166223398144178,408698513.39697593
-0.0061798891572371,706254138.0318972
0.3320279536869583,554889968.411748
0.4638564653197868,545723250.3729676
-0.2425793032179435,781790003.9570076
-1.0287457993738485,529081915.7827942
0.0361280081816745,580750385.4802213
-1.7320257503536012,515842584.6492415
-0.1109387417274954,487931429.8297829
0.195903057400385,493910016.5891958
0.0912528064077324,643646801.5837666
0.7209609759134936,455999918.8167469
0.7342293816196993,452157717.4066804
1.2816111087925135,677545196.7088121
0.8610898638854771,291006997.81840783
0.8737752019080796,345096555.0919834
-0.3046765451339493,386288478.677506
-0.2033330725683214,316526684.61990654
0.0467160087242913,282062776.1270403
0.5129092949784724,446991355.5150644
-0.3333930927780306,490027697.68300223
-0.6379206336945432,688166954.4438725
0.6268888734422963,815786720.6978973
0.360978412961084,409037188.8595226
-0.0581998305556584,389882645.52537686
1.0402877925640543,499456287.3033147
1.690006401574122,543335569.1068774
0.0679941352191188,448578556.5979855
0.5644680180821884,625304777.0072662
-0.5419359162363676,386263272.4151681
-0.0414068930889187,481488010.1617733
-0.2728948575798689,554167489.9346939
0.2327505911698675,236945617.71042952
0.7375457578961395,6613044.085697971
-0.5484912961660127,382060837.4299235
-1.3372668866174142,460946296.5123775
1.4783551872251053,683588760.5471318
0.3221599011931878,421957300.3102807
-0.2131129139037161,631075776.7569501
0.5479133933027159,821455327.5210795
0.0585346723832114,318117537.0761425
-0.3255066819827157,450652911.438248
-0.1203019017534277,471898171.0652009
-0.1709779502592569,671702313.1968144
1.0060851277499263,614050953.337426
0.1358089986536342,887421467.0873957
-0.2872712242644081,510397017.5619026
0.3003019723086172,907934418.741646
-0.8382769572430886,556369176.1049081
-0.0478020010035947,390463882.7760735
-0.7331624751890514,636022059.299113
-0.089668768985745,466505130.36364686
-0.0987777584726586,765941284.788029
-0.4624187837041111,281454564.1485049
0.3651486174001859,516590667.8515358
-0.145634658665097,598517770.7662385
-0.8276502179832296,672043490.5300435
-0.5724820653649195,778803604.1933193
-0.131968199249216,239128870.5314158
-0.6625939605425942,569842058.2714623
0.0798181718007777,617274136.9430028
0.635826412938558,674144691.4837012
0.2645323603732817,336041326.58721614
0.1128072078023467,464687685.14419407
-0.4714925120064874,626488770.8563439
0.3581233592278809,659881032.7301257
0.1383340462628593,696742616.4947418
-0.5861916081610062,291984452.23113626
-0.0201159931144921,574863956.848713
-1.165066024918226,184272012.00294036
0.0554123698374391,480630485.968961
-0.1713502898994421,719334308.1928978
0.6519518621234033,677306970.5906339
0.8019492149129259,389597541.1319223
0.04061187948553,421282277.0943477
0.4462708750564772,475092341.1912049
-0.0923071580362528,499613473.6089151
-0.3140329815780616,484301344.817303
0.3473643876448275,619278658.4870435
-0.3133634142340429,447754709.5795277
0.5227815573838622,394625460.1100787
-0.7563872307737682,487226131.8316404
-1.5315724619141924,124947169.8371742
1.0548871135575504,705925538.9508309
-0.6620584699531644,453952016.7982693
-0.5895377947153352,301901771.27373844
0.471524434097351,440873469.7851847
-0.1121940863766513,498308164.1474735
-0.1348920821662628,513578842.0241714
-0.078358654137243,541202401.178457
0.8471040616367718,353868227.8292552
0.2908733204204836,636313829.3980943
-0.3280801662818208,551873017.9107579
1.120129806135575,435089671.20952094
-0.0574175094988185,626955079.613091
0.1481603164832715,564481562.5313091
0.0565277137307107,392300139.95451736
0.0365745265993653,148763086.8634765
0.4643059195198419,365238224.753524
-0.123942018651917,767865937.1327171
0.3185580335543672,500896026.7835044
0.4690133604793975,476631481.60037625
0.4211095394686975,736830369.4732395
0.0872990223988883,191809483.62889108
0.5959026685889723,416787027.50062907
-0.318295083386701,401944088.746082
-0.6486734100596016,651494378.3380554
0.4060990558127237,263686308.8681868
-0.3600548893546639,606992497.5049394
1.347112493043587,706322044.2231576
-1.1074001389411594,600620294.8446243
0.3058003372506311,591825234.244499
-0.4346385019213567,343019594.4051717
-0.0172094449909558,919501218.4632227
-1.1295256806347085,762091740.7409502
-0.7426247461097599,781626002.5448965
-0.3266128902119202,594155352.1772045
-0.4835527556325247,302108666.70293456
-0.0216141917007289,343850409.92641854
-1.2686777931199362,781553595.8484873
1.6928689741645102,719979012.2165806
0.1535571996546358,597205197.8136852
-0.3503306621355891,408106519.4280044
-0.2018304852540728,607190398.7565882
-1.1030829058657177,525833804.4527786
-0.1545382530363628,533987180.7458624
-0.7782028521451623,965244099.4889787
-1.0580754831852464,199521735.14865565
1.115900142363728,340557579.6276408
0.7729928889069331,830376001.457063
-0.2665062583852039,457879459.2392721
0.2409177196617505,407629469.02396107
-0.2234873011298355,521570272.61903685
0.5522578699277645,573950116.8378457
0.1950869393617096,307409380.1810359
0.4384710418966386,302980694.2592376
0.0592762458078144,538455400.6059141
-0.2448142180952071,623412741.1798488
-0.368814673473085,540606550.8165408
-1.201969876480668,965309134.053041
-0.1771297775677115,711568809.7988833
-0.1727614870555782,491537542.2286364
-0.2253041350467397,282864899.2813922
-0.5599852084706688,580406923.4337817
0.9077349880958347,276132102.19676065
0.0240349080743951,238303095.45568004
-0.9072639355699836,548340461.7392718
-0.0971024889987745,640301367.3931543
0.0975532141535158,498450304.030042
-0.0789540740445389,452491191.7516333
-0.2983386140787282,598426414.4912397
-0.0564927285284375,664176699.1956204
1.411154320888108,346410934.1777121
-0.1195213864044457,596270311.5044786
0.5066754576832347,564204482.3907171
-0.0887433690359175,502030672.7451229
0.3089388463921093,528217896.229977
-0.2076931451924377,638179961.6637112
0.1042527898321008,545881206.6723298
-0.882145308652101,382209512.8781102
0.4341525799214423,571465820.7845179
-0.9161089089739188,484277387.3683699
-0.6739788388473388,723243186.0229291
0.3454317771834223,723767731.328523
-0.096125433942404,439650320.2009128
0.4346332539791917,501264253.3172119
-0.1810018659043751,654128531.0529345
0.587401660058838,787167094.7831861
1.426521509044718,421922726.2866181
0.5456109821646895,622519367.0658343
-0.1904495718136485,461295958.5987373
0.2205607442422434,447842229.0999217
-1.509361379505315,736412546.230395
-0.2015760659727778,401593432.3624895
0.6236288502520031,474520770.1753858
0.3383722147369478,443801798.0644938
0.4614421916186187,540988070.0805401
1.7068236034228694,899168112.6274652
-0.0820222278168203,635604825.0254169
0.4352756184203274,537697445.6615582
0.9375175124552608,570895915.7370065
-0.8337425647185407,551109799.6378522
1.1328608074847295,629994987.0256574
0.4233865134840782,261529906.09341204
0.3316225066407995,435939670.46982086
0.2115825186577989,563546505.7346833
0.8363854639802708,526995839.39730114
-0.2279747034219939,549595355.0344123
-0.2900957051440512,490592147.8479703
-1.5017783063820258,107638181.88716812
-0.2518466456953315,714235332.7584164
-0.2639616206895742,472343056.0067096
-0.3329129543816161,651873598.5559096
-0.2493839988460775,556811688.3876108
0.5942600169274959,338502537.65370625
-0.260296325354073,362364468.79743
0.2281556811449671,498372451.37477785
0.2707438923832913,625736647.744394
0.7579015850685801,312993567.8072474
-0.1729539853641564,486685745.3382517
-0.581082194757922,669132739.0020821
-0.2606199293039584,538353560.1752924
-0.1967557137959579,448436367.9417379
-0.3084197842474245,770782553.9645154
-0.2436219173257569,408891018.2743664
-0.2802343722132039,795760462.6971107
1.4689621266257438,708629337.5227275
-0.0504800439732227,473042186.7874054
0.709620067568443,386594391.5064707
-0.4841601580013687,383190400.061617
-0.1400366419221423,686011168.5188625
1.4504445348730122,564709812.4375237
0.996628778074503,493243423.73796827
0.2492831209487692,407335770.46775
0.5290253911418209,541544815.0885288
-0.2413885892060613,520523541.5423318
-0.4611881160787775,495928873.6911813
-1.7632148922628614,801639842.1838802
0.58800934659474,610966684.6971837
-0.4617323335432337,550874508.5205754
-0.2707490118238575,868010661.0392901
-0.0689789863597547,289678586.0631402
-0.484334340512245,363060922.9073551
0.7098581393248667,195753569.50379503
-0.0572551161312311,687553107.8094438
-0.6219779912313416,510396609.9485313
0.185813441143396,700892046.1286914
0.0304737090535303,517392913.55971
1.1962233463434593,521264196.1446506
-0.0627329065419088,440894944.4286802
0.363633463955275,500183851.7747432
0.9889842834293138,366603598.4445534
-1.2503031974842522,511462786.44538313
0.7662010856030878,555104816.4394604
-0.6044586511755965,876393637.0853405
-0.1551557691757993,436922603.9241644
0.2029740854544708,469138492.50070375
-0.1052046578616542,300140312.29141486
-0.012573837046887,457075696.9817907
-0.5062785063324136,568117025.2741433
0.2908975763099061,494582985.0987209
-0.0953281465450025,578943709.3474813
-0.0915299847795792,598059969.287923
0.0577432036747653,491778286.2491557
0.2392449605159523,387571505.3521947
-0.2145378687720789,411325929.3816416
0.5106714751972768,370028357.3760559
-0.5431095585304276,823430863.0443672
1.187438086556505,776280747.1836962
1.0125596451921397,777102611.8571388
0.307919222873985,436278257.9851332
-1.1625343577508476,599328051.0102344
-0.058779583114494,594467094.1325763
-0.3384678862524172,227674313.97724116
-0.665506942736046,538988369.0665575
-0.1168740080055086,451625802.5555064
-0.7694669468253534,741217814.2207705
-0.1237421020601744,554000870.3207915
-1.2386794946236863,595071507.8255877
0.3610651866098227,552452100.5627341
-0.5059197816203593,579138891.1233076
0.4327929168249755,320944391.0269945
-0.2034723118305566,669154932.9597458
-0.3543359042135762,371740368.5216669
0.6380078336151785,405407580.16987
0.352972764967112,638617126.076805
1.1283124049020188,683435362.6211731
-0.7431504590941549,487151339.1103178
-0.2276499531589541,288183851.4520484
-0.0271460494751445,774770256.2173654
-0.4250418646085045,277290199.1676571
-0.4264092030956974,452893458.9486463
1.1160123948108582,656472496.6311197
-1.2024655639851862,511995482.0910158
0.5939341822184031,515152672.6179922
-1.6287158785937228,222188892.96448272
0.6641983618049541,349859571.7583345
-0.6555164253404082,646950690.6504143
-0.4519351532667693,826968183.1309078
-0.2008266607795625,576853028.0395242
0.7021825946307427,336205231.88349104
1.5420171094812316,606173798.6043075
0.57081901517351,393580612.90910494
1.9660007844168712,542021951.9971902
-0.3177242801149978,456235712.22201085
-1.5778889892746006,276035577.39846367
0.3410584033393726,217051735.1982876
-0.4374688158443036,673370576.3428075
-0.5173698025679464,475953501.0670452
0.1879038630088287,507873145.5485708
-1.132475149339849,531371852.351787
0.7155825219840306,521254116.1091998
-1.394046951497152,164040765.88507852
0.7908384617304223,570578317.9221854
-0.028184576209802,672001692.4962149
0.3550838198103165,390818921.561945
0.8759319034174519,612991340.3787137
-0.3290719980699876,490089642.46730685
-0.7776819252316658,408398408.1735308
-0.2764910662528262,586614205.6179467
0.0563839121276904,410913766.7912347
-0.301596894236145,533081349.6144985
0.9076355948913272,650686876.7099961
-0.3204030977627332,333268080.8382645
0.6731063467808345,321078400.6737339
-0.0171678292385916,487252775.7046916
-0.9639596906514956,716245966.1873289
-0.126715347007489,547380927.243581
0.4150005778929648,833039448.0671042
-0.1976220439477834,500743805.9412481
0.188197690687375,625697119.2395538
0.2561753937989655,144342442.66702753
-0.4590547595697601,867338681.4632559
-0.9585384371886858,388689530.3124852
-0.1898931490066815,499322246.7389025
0.1306031606758583,561397973.1290809
-0.1978414307581684,450879900.2094018
0.299100526093855,656119357.3163757
-0.9900731598280051,211181750.8679042
-0.0597638933041294,487594734.6045549
0.3541885907287346,468223943.3861244
0.51098162522946,345774060.0792364
-0.0690936541610978,431080190.0808668
-0.0724883594175899,635016914.4503896
-0.1820661962075282,467526172.0500224
-0.0246217632641303,572546711.1315603
-0.1383557607926986,761709517.4012069
-1.0908204491809814,736871406.0255246
0.0074419711785908,436875315.1419058
-0.51172338740972,562213017.0028398
0.8519373686696154,583903872.8927324
0.5776364531056866,931686883.0729928
-0.0410043082018483,316950602.6212028
-0.0617230837308014,643549385.660132
0.4960145476583412,490333357.0621759
-0.1272041867126469,457702506.7041178
-0.8618392600832532,309813394.97592086
-0.579338318051667,509848018.18482286
-0.0605177998484152,594125207.7778137
-0.0147375265567741,512035772.7380511
-0.4320461544446047,733550343.991179
1.968333073662392,368602775.7491069
0.1475194414882958,683203781.867339
-0.2743076819362033,365072843.2076717
-0.5679002309531193,432261496.3971604
-0.6783351195401224,543273177.6758271
-0.3922400387814264,298720229.5189304
0.6280968280511767,315019999.2349911
-0.0181084171386816,725075666.9939154
0.3082746388006993,646857852.1693572
0.0388267028616193,206399739.71290663
-0.2495341876917826,505505100.5649686
0.1285065935385144,586671610.72622
0.6819666068905419,515285125.99900967
-0.2868574963905021,572876568.5528854
0.3048793806346036,856917754.7067531
-0.2390808012792682,145912970.13510293
0.0718469825601582,532240951.43399984
0.3777050387235283,317333796.7598936
-0.5702159862960606,471416236.860369
0.5488015632616766,475789027.3830785
0.6110657123471053,471702414.93184406
-0.5852101020719026,389858180.91935176
1.553130088750437,291364376.9508118
-0.5490919711635888,501802957.6436309
-0.7699777964105481,74438069.08686592
-0.0605652089352432,799724417.9469231
-1.6764047438925544,602485049.6369469
-0.4613905353582614,447736675.94511217
0.2636193137444191,444318221.2266204
-0.5699077750499224,372152607.4624197
-0.1579900845384035,630373399.3319635
-0.2459695567560424,394846834.08704025
-0.1364867974390227,484090306.8899374
-0.0190724254107399,7707385.694737408
-0.1236982299420686,511285464.4239399
0.4115581032883096,513888146.7695335
-0.1509251998423923,629878953.4024941
-0.336312386875927,645851553.0781866
-0.1039294847510959,252721498.48307696
0.9225334655400038,399464714.9479008
0.3120375562338903,317215739.2907334
0.8147020538010549,317066913.9707018
-0.6236715854626145,747311235.5149324
-0.7012629616925706,538022260.1138245
-0.4106093283840061,319584047.31191975
0.999341637044738,314771833.845351
-0.0196415234192138,570945881.4543341
0.1582711931225562,361086576.0102795
0.4385136412034092,424108824.758486
0.2435081689622604,612521767.9111581
-0.3305106677501035,762003758.6427088
-0.9131137999772044,489895013.78828937
-0.5909115215591337,573638433.6819067
0.7084855147942332,532778188.1901847
0.0281115873100866,397306317.15148944
-0.9175068941704876,420446318.86095566
-0.2619334845912053,258635621.6254795
0.5534140547343506,618316269.4987037
0.8206019489310338,755055059.6412733
0.7111257283508459,616399153.1560423
-0.5656250105788267,245972011.81343684
1.8729346316913744,246597450.33120945
0.083765918101908,608716675.6641786
0.4257161413347365,595362683.4304438
0.0486157617101958,290751784.5481633
-0.5345658169708942,384743907.8664275
0.2568463791478909,327560377.95545083
-0.3953141348519758,498178178.0501582
1.0762897904943316,390629336.33776414
-0.2999600411040536,717520545.6483036
-0.1505421367052635,453778804.51870537
0.2217058391912754,496073509.887188
1.0033566903332765,466839005.300094
0.3844536809611482,440939187.7499968
0.0279014892676019,524677661.1193884
-0.5115681221131396,474932991.147051
0.7118920796070088,492592169.9052682
-0.6502560375862223,468782178.4197832
0.4304619709698523,543649150.7220366
0.3994552905740931,626356391.897771
0.1072869747873227,535595413.20100176
0.6812074080425966,677901495.2980163
0.3311902843347117,414267964.7654134
1.2090805599710277,468868724.4669653
-0.516002045851753,516819179.5136383
-0.4069505185743466,552254004.7127172
-0.7537594546074247,526324898.8474103
0.4537951223683331,578283018.6365396
-1.3341359987027968,620320856.6607935
-0.5448789968772366,644598208.9142681
-0.1829641280705483,284810033.1638345
0.8457638773821776,315760291.46446365
-1.2695455192666136,146610470.27878034
0.0677318381628862,656013296.8324118
-0.2698670437801254,548512019.1534134
-0.086824045193286,284548410.3619693
0.8957893365948669,392166874.91262966
0.9977673054860636,515482471.8345253
-0.3724069322821091,848771228.4828157
-1.2273765168552833,463085776.9197801
-0.1206201831368108,90070930.41217901
0.2215667162580965,447484133.3809576
0.4046541322525165,346499508.59089905
0.4336193091764788,377283114.1327869
-0.0484203006656859,392538801.0493802
0.4063894581301655,598653296.5223273
-0.2544643751144615,638392475.8132832
0.2295702147411883,577304921.4600533
1.3541820271198028,669637914.7561073
-1.3056498393112772,257919610.858274
-0.2207535906113735,313748023.9937731
1.25306338098071,438696776.8868967
1.1679867947553908,730655417.5983213
-0.1760282163065379,507535045.8863373
-1.6412381643858764,668927516.0056409
-0.4684149477032215,791671667.2163465
1.159760112868403,470905212.5022719
-1.287539283221843,544746957.3180408
-0.173437731599604,478197977.0292977
-0.419775979132305,645426276.5439754
0.2406683420433875,814845517.952438
1.080224270867132,749956207.0531151
-0.7913168440092759,522083375.4287714
-0.3033454301095347,331451706.30610865
-0.5910839217349363,675320499.0945274
-0.8322570867088288,450330886.3225681
0.4937078812988116,470291920.2414153
1.9973194527308509,265372561.2809905
-1.652305879914684,561375860.7652916
-0.0752613748252922,648763744.1839876
0.1517561267258536,518296590.5465701
0.0467731048291348,509238175.2992098
0.3622821770534409,524214363.4932261
-0.7265121028325886,576164308.2279726
-0.0236539485132959,430927252.9059776
-1.6167219864593505,75516383.43314408
-0.2920031841647904,625601153.1146454
-0.225087174997957,496647988.51723605
-0.1259548479230524,607612184.7111092
0.2140184496873018,446789680.00220805
0.8995727581788245,538334977.1692088
0.1471424649962012,316200127.91151065
1.850290325167593,347228441.042031
0.6832112007641464,802025174.8182622
0.5271619411645174,330767829.63665545
-0.2402687895230887,222470503.1691276
-0.2963243017000633,415239720.8265529
0.4983129497525208,424554434.046316
0.2029590546775255,604589425.4883024
-0.8624849705436466,243473520.95289183
1.1447448377342693,608193533.1637473
0.1302041986673931,800886678.8449934
0.7356284012573244,402344855.5147057
-0.3963665903058462,504986039.5948918
-0.1938861212127171,492383247.14249897
0.4011548653292095,683121057.7597688
0.6069019202015722,682652979.6932274
0.1091091671212295,654191239.9654958
-0.4088049262235966,301173717.55169827
-0.4316761016458674,505411474.5357444
0.2528164161576536,526966293.15679455
0.4234990590469616,510080131.95098585
-0.0091467150609328,455594449.1212345
-0.487445342088732,596481098.6377451
-1.5317762609735164,392587576.1946918
-0.020961379156207,345631842.97283125
-0.2035259308830455,428126391.05250186
-0.8900667502672536,454310522.0692712
-0.2411319826129645,523688564.4900228
0.2035208537127008,547747376.3802171
0.6869760155701812,3935455.376978051
-0.3735936900083775,371279783.5785703
-0.0614548845984326,111437358.08603346
0.5884157267112783,444344060.1984577
-0.4001222490094797,863091621.7376854
-0.9043220789516356,593794803.9257466
-0.864333183482824,492948539.4616278
0.1171212963140962,550500101.2141131
-0.4504970022596581,527130314.5475271
-0.791356272423941,895480210.5988405
0.5634623000727337,945315612.063937
-1.1890845478078738,344289371.0799912
-0.1581477755052853,763166961.8579189
0.4846412425082249,462229565.1958284
-0.5161438202428706,605286201.4698912
1.2518984420370785,434937255.8966724
-0.416730176563708,655623909.4955755
-0.1084830200247884,450459113.2157435
0.2204795321531724,624653093.135675
-0.1509909308831042,699053594.233355
-0.3265035120338732,552526765.4918137
0.5673428034946356,528426206.9810424
0.0421991010883543,561634304.1378862
-0.3913306035050625,601893367.3068476
0.2616642234063339,469106129.1555367
0.590189787139896,623709779.9136358
-0.2031607963495549,458948284.89561456
-1.2318419880603964,624550224.1314682
0.783757419490979,547848937.0837181
-0.0286969712501379,556109399.3789635
-1.7092456960616538,707580886.8888209
-0.8729568525075467,412648576.7110241
-0.134044664067792,139472359.5416499
0.3490786780334964,365020405.5139079
0.6877200562539059,440889725.25857097
0.4417308526178677,489356518.9095863
0.5661764797715533,545170957.8900174
-0.6243805279674683,684228758.976886
-0.8726854706931646,542158276.9801402
-0.5798442765096695,321640479.00290394
1.1010037576584677,536441741.98248166
0.1684299301640534,342217000.6348912
-0.1702405868221721,494950447.7875297
-0.2274597070175879,509077323.58946687
-0.1686079894633321,599944773.7384223
0.7036948575286897,519950325.0480602
-0.202206192511579,294435020.4744001
1.0818674265139174,524767655.2820262
-0.9231332329701069,532490236.2284946
-0.2856462948291256,442979417.13056886
-0.0681609598203416,403104899.4379185
-0.5669434539489626,253908141.91982967
0.5491128171378838,418189426.5751056
-1.7925472669813436,427933666.7265205
-0.4917468889099938,484881358.3344243
0.2938405953041357,270480486.01516
0.0036219173951325,682792103.5961785
0.7086265608272085,616249830.3698996
1.2897468293440844,740837599.7263131
0.0668179399340408,463144433.7871432
-0.1597893176972478,501658169.3953728
-0.1159228542647647,691923747.1154437
-0.3835896248975373,538513225.2961512
0.7886334440587298,596751290.55722
-0.1833311115242915,434469955.3008246
1.0633782153329432,205827520.97256505
0.5656336300432153,523947974.0090587
0.1596402360686943,387884885.59522885
-0.5665276507269943,504986094.7867765
-1.0094700880058247,504130183.9820828
1.0765947345060194,522154850.014451
-1.005461432757779,242268279.94668388
-0.3352147068753829,386981649.72286975
0.5965414330430151,488441080.616281
-0.0343170787617166,334042254.0005117
1.8199995020443336,499738802.9695352
-0.1545345257109573,627716737.8408194
0.4723080752087418,720003301.7262335
0.4262628915995503,774026013.2919275
0.0204208478385313,435310219.4115855
0.4600769774085029,200296127.63226765
-0.3656787645817663,535342785.29879993
0.1703324734915798,357078989.1070117
0.6187802406717131,482696911.2502758
-1.063558203773301,592014338.8744261
0.2201145247084377,617119691.3423842
-0.0304696573268169,547759553.2428931
-0.8250682675841755,379436907.2207523
0.0710622414590315,396684906.44391125
-0.3895834870652735,374647630.2874401
0.6914579970570846,457067117.5592929
-0.0910992287614783,671254947.0958191
-0.3573241367202031,323279163.7244195
0.1969993453482959,585296593.1922253
-0.1861840754258229,527100836.3085404
-1.3849940896911477,235590195.022173
0.0077264287225485,466963473.9468074
-0.0033539609660232,239335052.8834141
0.1354224705083159,533498228.5633354
-0.4605742030453762,505001380.6914718
0.7129130403123997,627948775.2439246
-0.9396129086711414,307581904.87384045
-1.1517392774842583,447373387.9435287
1.1019744064218986,664254681.8687445
0.3575674280205685,465357692.6423012
-0.7110820135825661,584542408.0064896
0.1584196269429992,612146576.0885042
-0.1090341840387878,315688031.3156794
1.1038985948328472,400776527.517554
0.3973637761806121,520217875.3456658
-0.5403219093785205,914671587.5571314
-1.1779877203050688,362004202.8319193
0.1209273410334946,476873021.0727012
0.0531445827381065,400086338.8801812
-1.6100063085040346,20278650.43371149
0.6443908373575892,441222467.077026
0.7299766012870996,190129658.69682088
0.380911753448271,323248915.8520433
0.4423152303517149,358008805.6348324
0.5841419178578062,256197480.916568
0.7158418017370523,488536902.3414978
0.2305929155748201,207260521.453326
-0.6243605714405743,628577599.4126729
1.0896881937642984,433596296.85419947
0.1801611998020851,166393133.7194063
0.4884762539628771,318247122.1696977
0.1286502793629642,634621203.7386632
-0.5807882297447594,585884141.6681486
-0.199175025422725,320507517.3873284
-0.1048885333920162,638537081.1855212
-0.2838603129440609,612817462.2185236
0.5817268431487763,236424962.2507805
0.1434418115883021,506131018.1719451
-0.1834895249179371,715797715.9715369
0.9666765568632774,299008644.9477894
0.069533017646567,729221372.4980631
0.4638940294573,610710631.6084127
1.086786771228321,645206341.9930537
-0.1757886802846636,323437146.54087883
0.2081779927933595,457467810.83730537
-0.603553312594717,577353828.9824955
-0.6369085514817698,365941987.0917157
0.1680874707598773,385431687.53348327
0.8538488769222768,497800280.1079099
0.1632515745560763,273256635.0227683
-0.3166042164328877,380201817.29234535
-0.5593983338354364,329382058.5811932
0.361677877179682,342221816.07023746
-0.0073214130375554,720306713.3236758
-0.3480285506644957,450215565.1690755
-0.8101934849413179,339018665.21833646
-0.9345922378194164,430574120.68474704
0.226480380800726,576777209.670468
0.455158263576501,445270807.030436
-1.1175249951958253,565124613.6524526
0.3148457081641029,175391494.51995146
0.6777948475288958,424951572.0153856
0.461240209000638,301112254.8470695
0.2704903731255375,447776453.19035184
-1.1071896477148857,420926721.85760194
-0.1802712318773257,612459597.8187491
-0.2162543155620842,425783257.1027416
0.6165709969944503,495896904.1358842
-0.3986808878998796,630476572.8566633
-0.6797193715595446,278179867.7009619
-0.1123174074477581,504548037.23606944
0.3000599343808924,597511012.6915426
0.3841173436342817,515020100.24624735
1.102264918518968,578230350.2794392
-0.3136072461316672,183903920.39412743
0.0024192571719329,581664872.6517831
0.6459219863401043,394308700.4972631
1.7394702211743307,461549951.2963353
0.3309254789952143,902129039.9047768
-0.3805632391640521,386522305.529771
0.0039693054685902,476583093.0519178
1.0766364565876638,370949689.07558674
0.5438518704056944,552821712.2834991
-0.0666276164938769,422228965.4280791
1.0958617291838184,227748213.29579183
0.5951668973455441,341787697.8971448
0.1769631099903537,508591514.48092216
-0.3556754970068816,366473406.98611766
0.0821459233907491,639885304.0359508
-1.7583798976236498,198896767.97591007
-0.2233244006359692,657456981.6659944
0.0523981263379613,434042382.6314064
-1.0069751444945274,410799211.19360906
-0.5124236967369773,709410252.169565
-0.4807562997654894,452333807.0650244
0.4135889526251878,807243822.3717461
0.493262276952416,524949791.0116746
0.3510905952695868,532151274.7830333
-0.1781864614545668,323711041.59416866
-0.8446336096786569,548490391.6320422
0.6258990711366577,698263713.1409191
-0.0862456353323241,446854921.55690783
0.3404973787462274,421021802.3323265
-0.5693899121527274,540439725.0871426
0.0883976841819832,528715737.33368987
-0.4160877264800422,616945389.4190179
-0.5022663609218755,539734422.3458966
0.1889117581642851,522190495.2653537
-0.9153515338399144,382839360.873447
-0.3714200460102511,464913094.2192167
-0.3572392853674058,681391161.3532193
0.3313925019315465,522042138.202146
-0.4766504909028066,227797211.4817994
0.7208912675643915,928403633.6477934
1.3729982022156906,657962531.4405224
0.0818608444807299,358482753.32983714
0.7096667827341807,255876048.38378367
0.5736063967536982,367222354.69901687
-0.93495095459511,407040785.13970286
-0.3484520941267631,338507894.6832803
-0.6119211492314289,490635252.0153872
-0.1175471468595461,599640950.9295733
1.300011433810355,210239288.6356097
-1.1764687736557968,334585745.19010365
0.9226582061188562,526942116.04614
0.4208843631458692,486122404.3367503
0.9115064884039558,500419304.8490879
-0.8222896807736534,497571593.723166
-0.4781111789886823,308356868.6789258
-0.1686380504078195,577157982.0236353
-1.0014765169071138,477310957.3304012
-0.1185581197832414,433668152.5028553
-0.5702456680587247,417214321.1303087
-0.3815588559469049,743911828.8464833
-0.1979459936078506,454267112.2548197
0.2263889625117392,597858865.1159819
-1.1842234876226096,520615874.8367145
0.4780544554700769,613562442.9578303
1.0915233563469229,624949124.6085798
-1.7021435999531018,255054272.76062217
-0.8581709893961493,297174953.6036832
0.9623574023983092,34137557.5426188
-0.3698468854782978,445170912.1457787
0.7798769782923501,349259562.37478125
-0.0332542202857476,489601237.89263946
0.8388532393000232,713280412.6015966
0.3845345659451532,620449806.7884429
0.4425334937296135,284894480.00997704
-0.9592083564910052,281679977.61734754
0.2318005748957213,300448340.1129484
1.360247178977834,718057114.2919912
-0.9930811957132474,475021533.67037416
-1.0963407923332236,651824488.6933037
-0.1725039680187463,440886078.6418152
-0.5060286688425177,521631819.30449
-0.5458817491892443,373775071.34706223
-0.0622199665074539,528951409.8834339
0.0997064365622505,482315202.8935259
0.3419990508011389,307666211.4903903
0.0756396005377247,421406966.89900094
-0.1883522262097463,457325703.6064263
-1.0130456306146791,560406511.994784
-0.0145487091949303,462950363.06956726
-0.4455015197890541,484932565.3930444
-1.2436778579367518,121680988.2773535
0.2258816085645412,681650524.9903994
0.1045806280398322,437667244.2691541
-0.1561242304343099,604214340.2738756
0.2861140278711706,431669678.1696069
0.3774883913939658,681852813.5949409
-0.2580282823864467,479095653.4948344
1.4035027424333593,473466730.601924
0.219829607142501,366339654.4656841
-0.4215539570792386,670430115.1832073
0.6664454492082343,747896585.039603
0.0718406555088708,537344963.7909319
0.3486405185748859,666669976.424766
-0.0538013393485258,363335208.4571247
0.490889473584308,311004234.7528131
-0.016340119336787,502443179.5612509
0.1892061671553566,711597751.8001974
-0.4685320007112089,589215535.1846485
-0.4075641619022797,526357441.7252052
0.4049306280631639,148342005.59034485
-0.2923285848000774,594880384.5495199
1.2784573652405415,835436217.289024
0.0932873926143662,615207726.8985955
0.4078748850070575,682525134.7556127
0.1572864458968908,248578880.0348988
0.5298074180774235,716449699.0214984
0.5069535699793222,481171140.0238837
-0.401355633705579,472806292.567365
0.2012837547498036,361715922.7836909
0.2618449907756735,491850203.3293136
-0.4025629018745138,354526322.7312517
1.1623301918169682,267055291.37325707
0.7940855097936267,247464293.51458177
-0.0378054708934391,308535346.515205
-0.6462715530447881,567413558.601432
-1.0910206060935432,975015777.6190116
0.5296650434970598,474919689.6589843
0.2195952081869733,441898893.1973264
-0.0892268865346004,481132298.917057
0.5186274306101076,376999602.8606407
0.7563980098026368,628138812.9044181
-0.6854926851843873,288871695.9955949
-1.8545177836666549,211726210.06105304
-0.2450355432665476,278665532.596156
0.5977685307554301,385573949.3829477
-0.0515167077712566,392075956.090953
-0.0405260646096455,389463167.72046405
-0.0748270421821348,712746232.778918
0.1345327853719936,399370317.4070416
0.5070326280844134,669542796.1075872
-0.5077173963503823,602124240.3486483
0.4469736858535114,594471114.3976086
0.7597612890286932,639040262.3134536
1.048285263674808,386635789.4359831
0.8915852235324093,619557227.161743
-0.5858355200919991,719006766.5583935
-0.4741271773661725,692729937.7541265
-0.964073685050916,654863062.7611665
-0.0067818266583232,586942979.3398601
-0.3375311647055373,481904970.1476061
-0.5364074992504279,668830958.0157162
-0.7694193412953351,757816342.292647
-0.9496913856819292,639756603.3940188
-1.0700454894951812,357373586.33184624
-0.4471606405930437,368805613.018649
-0.0097820109489051,303561198.5516874
0.1425305397210765,369023269.68638647
-0.6628918026607025,893878586.2365931
0.3857831627903693,302451784.5812405
0.0916350333938511,489491383.3006171
0.8660824150626658,540303328.6640409
-0.3208621463750514,748617857.1173507
-0.4603663026996125,580859999.955013
0.1822786202251608,396731832.7389631
-1.441215043826272,391273840.89816666
-0.340254506291434,295158334.1212347
-0.3057614826971511,268850643.1519539
0.6258670871498755,480881130.7332737
1.578107865869398,406024377.0847164
0.1228559494131386,623987994.7412302
0.3858711314189154,606083004.902341
0.205518280628975,900727460.4532572
-0.0993189760970945,344234158.32725155
0.0852425840485709,781213911.260349
-0.0035805430020746,220323293.6700678
-0.4793779522132668,594428303.4770848
-0.6884396526806834,379117479.5019079
0.719841443739801,546553605.9941485
-0.7118112606794442,900701637.5278265
0.2083477778675401,746794246.4371005
0.5903380174219794,604760048.4962388
0.1850713789615475,758603229.5470927
-0.6004908327671071,407455767.5224707
0.8358872959866742,520606481.9057679
1.2190792086449078,289750001.82014376
-0.2471249897725795,702816694.4097447
0.4349676912915394,642393433.8784578
-1.9921395925544267,322269207.2809434
-1.507347644513128,114243191.20178756
-0.7912271340687438,527351644.7128712
1.008335417239434,501008114.2362136
0.0289215071352034,316604787.9035209
0.8191743359374719,616030760.1861658
-0.0115291013110333,373366336.2773443
0.038030490998887,474554749.5580937
-0.1474115688106504,384666316.9860654
0.0229876596948398,300378945.18562686
-0.7056648606490004,461212578.0832377
0.0209817245326379,471397579.88216007
-0.1450087957586938,484468654.9419944
-0.137205278923361,346385554.0402218
-0.99815476900748,615606493.2839856
0.0183849056993002,382887955.3224185
0.4803929217854017,563752865.9270539
0.0524218435113541,372572165.6345463
0.4488604104733436,421853052.003444
-1.149051433172787,336270869.132253
-0.042459939706332,487066224.8115767
0.328380669693266,403041801.0431419
-0.084650759768652,548544737.6532198
0.3261963621772077,617461165.2594435
0.204038769470794,361928065.523158
-1.2818379644330928,364310550.06904334
-0.0201025996476805,602201703.6405718
-0.8818274806572743,157192336.6135313
0.0373862699225714,386452663.12492055
-0.807082973597848,629444563.0928273
0.6409297740739792,623351561.3320249
-0.6874729231288128,576035745.411428
0.4968784476225197,649724143.8298022
0.0137021131902426,623324662.3301779
0.1689503332159775,647368343.7192565
0.2116366714747678,518165043.1434572
-0.2285836277720143,709499299.3690145
0.5905467370273575,366215608.4350367
-1.08287288641328,496465125.5934611
-0.6083876476718607,281793509.3182753
0.4758438126750232,463404583.34251374
-0.5972140366739346,346769547.4868873
-0.4852085105549653,617518879.5900755
-0.1022816125016655,603944346.3619027
-0.171183862723518,516747301.40221024
-0.5895478783104707,380409906.82989615
-0.1693225664037871,198752220.0949184
-0.0244207308763093,270342948.76313007
-0.3225064173807081,606821500.0405899
0.4131488423921438,517235724.4600302
-0.5874801763998532,429056916.6059497
-1.0985449640975735,313222796.07590634
-0.3191424068096569,422524025.6109625
-0.1467449790615431,381330852.6723103
-0.0651154390476564,280718921.28037715
1.50195183402185,592825143.3964204
-0.0109458903785604,428092669.1385224
-0.5724977632844759,671227479.674892
-0.5931869286951573,626964357.0018253
0.4744117816934327,514737507.4864864
0.6170524089696307,682829858.8922409
0.6282741349822634,362647070.3537673
-0.1699229702391769,403770825.0411168
0.7242076727211821,450928893.7065415
-0.0072623349567505,324751133.887471
0.2173341319043523,460233955.2401221
-0.3016243734548749,13939235.284535537
0.4664946958733189,452455833.9671032
0.5622478275567375,604534614.0817156
-0.2618766434228911,500519268.3029201
-0.4260132614266094,419101200.2797077
0.372639605292091,589616500.6448019
0.6368737409565508,617498580.0902393
0.0876861723624317,513821415.0628491
-0.177845520499826,423800297.887801
0.8590261557159687,608420126.2662888
0.4528367608552506,594637733.2940148
-0.4510916022855006,600767755.3282709
0.7027999181474587,575111195.3741946
0.6279809221246475,510331103.9151688
1.1192262715864731,642197645.0722344
-1.8107849736489812,580161789.1102743
-0.0693988985997982,676468202.0498922
-1.2046440342378624,740864557.8179379
0.245504829804276,448393220.05362713
-0.5780234668971351,381398908.4010556
-1.0442422551910329,158780877.97689137
0.1071525918335516,427024434.86693335
-0.7296529706514776,266579985.0718406
0.5603479000260359,375813418.56627226
0.0433353228841082,333285951.60547125
0.1996150138877779,541871343.6089627
-0.0704122154074158,340678683.9630405
-0.3040261137409297,730886524.8945061
0.1689828592719958,365491157.43988633
-0.0893618292750813,455248595.332682
0.1044525705205999,225361189.44005996
0.5478748290362584,465003628.84659785
0.8473365157901126,201318727.57965657
0.2893188993990647,604304046.9289327
0.2114638948190542,421091493.7202905
0.5284671234029327,361817874.7075425
-0.0347825488427289,610417257.2695938
1.0311253335486534,454298390.0625975
0.7036804869820675,376056793.7645914
1.0321014538878193,416712173.7144702
0.1120424332446504,756708248.6280252
-0.1881627194818066,787449655.9072045
0.3799122170905253,436420825.8952983
-0.2882678725872931,524034638.8705314
-0.2810944500733112,309963683.42376107
0.1566785405360674,422669396.2393241
-0.1934244313715776,343208908.0440996
0.74919828121955,373712105.4124805
-1.035041998309968,468893491.8149831
-1.1450898135970948,749487101.927231
0.055070261190934,534223967.7841145
-0.6983118503509035,407290395.4696247
0.399557405472785,427328505.8880184
0.4016677651685603,458812541.8592869
0.1442792358964873,356683930.3420539
0.4666792362398111,452688373.90303993
0.7906894266336439,428344354.8086374
1.5885712400556549,666945898.7848865
-0.4713288950342711,509067907.0665478
-0.678970324649898,610169868.396636
-0.1375859287219459,514284914.5849738
-0.3773346493503657,743483466.5871592
0.0046962689235356,740983223.8054008
0.4700917874112349,242780200.14607728
0.0115956018426509,697250481.5488911
-0.7248719434144735,494731587.1729144
0.5005460224608835,622109777.888697
1.087592595876158,719590687.4376979
0.2387454319239703,412427364.454154
-0.2546492076570531,483009717.72089386
0.3539623785836115,466155771.2061815
0.0612296677534056,538682876.7818542
0.3303654515201323,409570508.6564886
1.2985135997408643,538226203.5246977
1.3742973741560176,297519223.87700367
-0.5994642860025912,484675349.0624533
-0.4251999801180501,357790253.0861035
-0.207761667576123,435620752.1192429
-1.267157715245973,598337833.4421686
0.6643769194539926,630544408.8855923
-0.3241526360538738,333324858.3381837
-0.6801393746607364,477606668.4384436
0.0368912804628952,582525218.6774602
-0.0582867001945395,361607188.3670692
0.6369466323467851,469007945.4328328
0.7326270517528064,701109038.0293311
0.130919056879132,577270232.5206205
-1.577497797944524,6383171.32606516
-0.9491752440763018,547092997.5794668
-0.4177256272034106,432527196.49540704
0.1250234899310992,393050785.7390257
0.0350255094428297,566948585.4750304
0.1680015539592906,781685781.7222127
1.0486108848798528,477776423.8937909
-0.1104078229664656,590876932.997348
-0.0041895845936171,627908913.4242758
0.1226157310588846,127718916.14686988
-0.1591033340760321,543493220.009862
-0.6540017708711687,219636630.1878965
-0.5077963753267546,675893664.0644703
0.7729853041920641,465705480.1850705
0.3180213446880738,617055758.2793114
-0.2575955440576651,701867952.9486892
-0.7956914641437463,457117065.99729365
0.3054816359039747,490029181.5811732
-0.2541548688825641,381786790.0358403
-0.3881600777002973,426533485.7397796
0.0055686029915098,436128815.1619978
0.3551796712922477,549234765.9807405
-0.4014318007613502,474870701.4845112
-0.6817777817663838,532918572.451292
-1.0180072508634652,480271676.3491309
-0.0837106043649862,574810480.4166499
-0.1457707001517643,619637437.8486857
-0.4858112742427488,371329350.7853701
1.259760578272498,742503497.3373222
0.8132618648890688,249088905.93639132
0.6236015762771573,515711452.4597237
0.6870535610041449,624383020.2074399
0.7179706930502949,237346743.6192277
-0.4693657058376929,532102924.7716921
0.6434159540742892,598140989.3041582
0.2521459371196187,363700926.4895834
-0.2648516757705767,720769592.3826345
-0.0219409362951867,522287675.5983577
-0.5950695529156934,706870112.2426759
0.05170414508912,422187675.1122119
-0.280054326187474,408907372.92361456
1.4793999649627485,648410839.3954337
-0.1628165365014872,368002997.15077
0.6564913608606513,279256853.9869771
0.8666586206818292,147720170.78790754
-0.7222720895543249,436498370.2692215
0.3062572434777563,425623782.55813617
0.2476152570104944,502829060.3972529
0.3844104928803018,300795624.4990307
-0.1396625051318389,414937671.5053412
-0.4085457281177024,606133483.5621029
-0.9775887617523424,643597431.766792
-0.5286855971288428,568211218.1587688
0.2461710009839024,561276848.0058191
0.301631569665398,381678881.64378846
0.0596269484050261,367002049.2709694
-1.0175086331155974,160729004.02566245
0.3004743114581115,512871799.4594889
-0.1714185582132263,476451664.3753179
0.1097680608336181,327340629.37218684
-0.4593873025042569,429145977.3707874
-0.0285538963641854,397578220.8491443
-0.2279171136128646,380320648.0918634
0.4930141156104371,330390987.8372745
0.2783858252182836,316341229.393663
-0.299416762600982,466251544.17826176
-0.1428603609778149,230805643.51401296
0.2618076921140125,472093292.76208925
-0.3129813591455315,736389543.4127544
-0.2145763175648873,617133974.0380465
-0.040031378560069,168966741.60775593
0.0718789796151194,526594246.89727
0.0281789755561698,510700808.8267288
-0.7531012678222473,367298865.9443804
-0.5907707226460425,411085041.38589096
-0.2207496422355415,622284052.7303748
-0.0449943156167257,510230009.5479858
0.6383708719599879,634004269.938215
0.7639260542873391,461786234.1775777
0.0653523551553532,508768352.54774165
0.0029668782583442,543531397.0046098
0.6774627047256928,466477077.7653433
-0.1442303315250444,367078141.0052319
0.8258896290624924,762759798.011614
0.1585969770219201,343945337.06646216
-0.0875536331119303,407658440.012844
0.4019912828335889,451331220.8390644
0.9591048539466072,379414839.5918161
-1.1803619554990925,368989819.270816
-0.2619749469084934,264867690.77228984
0.0231631606254579,451502524.3786868
0.4399238898763394,557326977.8799713
-0.3301079034263376,637703081.3635677
0.6470849346206182,468176656.4787592
-0.5078378678282738,424445611.95352864
-0.1820177353076075,626403332.8754721
0.3256232138951498,147819256.9959441
1.247417953658721,956264454.630282
-1.3351353318953083,808834927.7591318
0.4181124453122157,517735235.4966778
0.13789440268789,339194103.1980471
0.1761633618563536,493697613.6902467
-0.24775208381042,391382473.39335394
0.4178032607290284,510629101.74583423
0.1965929979016541,479034017.5485282
-0.6074480976167603,528119661.2193201
-0.9297315607918532,754883364.086295
-0.5039312657630881,711057246.6379493
-0.3773533232338574,681862244.2091894
-0.692755782446516,419477692.37608105
-0.7585740305195484,502403630.21030056
-0.9247193251978084,563140225.1594237
0.5023066737097482,382027914.8183801
-0.4364074061115127,503926675.7384644
-0.4007380105162775,659740023.8762101
-0.1273455798173386,490659491.8830522
-0.2392082365491428,509750616.0935041
0.5515081128030428,418274175.5800407
-1.494508471673079,919753897.5864562
0.0738528807800787,633940883.238751
0.4043935698889404,324941771.0174119
-0.8769236707921576,227346390.14675984
0.1897229009256906,502460764.7360978
0.2442980584388558,499020785.60615873
-1.1419115928679169,391132198.477983
0.1249594108202925,619194896.0994198
0.4070733289310881,332684672.16293883
-0.211717842468046,552268865.1428206
-0.4802482124136302,516997349.3552477
-0.0804384180211297,594643752.9319974
-0.8104605864653419,698992057.409848
0.2559882373684407,484975379.0997788
-0.7957350286590416,339524032.8080819
0.4840001175560063,358277906.97152
0.0395685779837162,387982505.4622376
-0.9646492725953568,363358151.8627953
-0.3425065975723766,461861503.3694444
0.931583894843071,477256911.9736369
-1.477567748427178,606520006.8869947
0.53047010402646,423018868.96520007
0.0681511030285857,477531714.6715519
0.3867885970332098,544161684.8317677
1.1282549522094578,494186767.5386381
-0.5422097999775152,364951703.61179405
4.937897349630941e-05,525551653.2264344
-0.5124450808331282,430644585.6781133
0.6858304488801823,577320987.5990031
-0.4265912524280551,576229951.3054434
-0.4459336321079019,646836289.6006895
0.4832634284133547,341263576.99730605
-0.6132206975776608,474492886.9303367
-1.146350712897332,348258897.3408452
0.3857266917228412,464037021.7127827
0.0115724309201102,592961485.908698
0.0684045150628724,575522715.6787841
-1.6236903961084057,842543262.2059453
0.0665305004830956,711749575.4617237
-0.8270397494674686,405718863.3498677
0.2702913619632361,414090566.9035734
1.345621185656544,818875856.2602247
-0.0336164471986646,264109911.94563335
0.3233891601282201,529616314.97912747
0.9757785528791476,663595260.5962654
-0.1415730955659757,431950887.28629607
-1.087064996395088,612447750.7160128
0.2597134924936635,682430304.2833211
0.9438371833716576,661896635.5624945
-0.9404745812617774,645388420.2764686
0.0845154265547093,497165352.9169864
0.6769040924458765,677765744.5197213
-0.1932661111754959,484549681.6781849
-0.2459219249986806,436877479.51977456
0.2501605689317753,527750364.5775861
-0.1510534034368575,498238395.66172576
-0.9789953537766048,407412548.3988556
1.1773149516403765,457258058.3383165
-0.3537274008891984,517376800.8833442
0.83003569184036,489891608.5018452
0.1867229425573174,753008018.0856775
-0.548342189460213,222536978.0720701
1.0283423171297623,666188889.7532951
0.3103604489393619,302815421.0878436
1.0310760296799806,587422253.9756609
-0.5481125203035475,618150670.303657
-0.5263294779551384,360765614.6299776
0.2613298258558756,466670334.0745972
0.6983507579245186,535437035.6090432
0.3183162119933713,415400913.9627787
-0.6857491795135007,354075460.6598526
-0.5438163608522866,511374631.3506524
-0.1348917580756719,565702938.549166
-1.4191323949977726,762911810.7717673
1.09304530779698,562786340.8911469
0.0489544123166243,392676413.187914
0.0049718045237277,281677806.1231688
-0.5622905765565339,611514795.5280926
-0.418832333517254,392612598.0150591
-0.5863682342926599,566937207.5429999
0.0459892366258533,334244018.5093823
-1.508486173230356,527007789.74539673
0.4105957655798856,410633607.26909786
0.6518604158834471,576701420.6102043
-1.0379648122580247,618443163.2421353
1.8263458470612053,156487413.4162676
-0.1833126404071956,900506635.7569375
-0.0852235166443543,555544503.7402009
0.5898334020801245,504179181.9174348
0.1714181819236573,532608447.10225934
0.9479737641840364,617773590.4472102
-0.2682580675026842,794975587.6385105
0.1829644163451025,130248554.99889842
-0.83331757601897,672229797.6795461
0.1088316926382335,449039938.2276985
0.496572205416837,599842304.5110744
-0.0637445969534936,419219101.36525166
0.2892114519096108,686312644.0907936
0.8608732461692021,426719182.90948415
-0.309977218894522,432941360.9133189
-0.3034038855631256,593259300.11671
-0.1394228609497979,543241443.412254
0.2626392041932075,531518468.1597099
0.1500970931393495,625651868.3074887
-0.1015761143688146,355169871.4888454
-0.9466764878528704,220793662.09676576
-0.4433913159935858,563573194.0716585
-1.106200411291254,573485907.5546516
0.5098251667790058,595984812.1298491
0.5816089916436827,584614621.295802
-0.2170637919261276,231565733.3700509
-1.4981131306836408,774207828.4272876
-0.2951957400821677,220287478.2933153
-1.1094676582251806,712029882.4244157
0.122981767362748,534253339.3194116
-0.1401122298288901,450814839.2962983
-0.234059998942199,575467885.8633342
0.3582483954099402,372013394.4114525
-0.0767945821774678,588566600.4722387
0.2846089064336644,539042822.1601545
-0.3339348290295637,609809689.066433
-0.807546422003479,529568966.64443576
0.8402057747115531,625750648.6360748
0.2247192914962003,343279747.69586295
-0.1745067035410197,315211835.0837427
0.9862685299428556,281006774.391644
0.1586239694394707,550890067.756433
-0.7962580536310664,535014544.3477154
-0.8705882853892466,828176382.8574047
-1.2132016907455534,323525686.56076336
-0.0748017949054036,423467163.37258255
-0.1826462932675294,379395911.3109963
0.4927032729069066,741230954.5070399
-0.0161681110125977,664767994.1578732
0.3699528944138865,512794394.6189281
-1.3271692710789529,714515098.667799
-0.5909510198339498,341360855.4784163
0.8940378510928707,680107675.137858
-0.7539307362405895,634149947.2158979
-0.6738256736934306,782552654.6045321
-1.3859194539806996,493425323.1998431
0.5609805003438034,567899933.1328212
1.0511885820467648,399686973.535416
-0.2280323863036535,587624962.2676569
-0.6165942027739647,572712597.6974986
0.0997419808767721,280302018.046048
-0.1737966407472261,374260028.3943189
-0.452265061240399,565062918.8710991
-1.408763308010959,187272886.92605308
0.2935492069681797,636218615.4311669
-1.265067050540817,98626584.34574267
0.051186245444303,382585592.36096746
-0.4224027593813939,739492622.3428822
-0.5059688123026718,742602062.9144926
0.6968414132195878,312046985.7538435
-1.140807471319903,354832897.6439879
1.5898124732862855,297886466.33408207
0.4590148963538578,556172279.9913461
-0.855022479512956,482349911.1203548
-0.4156039688876933,561873724.3393556
-0.6160141653590998,311883646.7410093
-0.6668936221060836,418816384.6111955
-0.5373531436270044,510201030.42585945
0.014412544633185,606764748.1570771
0.4448033909831015,578152536.6859456
1.1495073498914268,182626437.5439266
0.0579514322024421,347146511.11248046
0.4572432376857023,442287396.45302266
-1.2243063963446272,257324306.71406868
0.2852671087284124,532093376.89587706
-0.0876961612000375,511654046.8334266
0.4420668869258128,460601024.64463806
-0.870336334842879,363050301.83224255
-0.2769857251731107,572750077.3344896
-0.8609582421843078,727929478.4213257
0.1486905055086717,325435738.0958649
-1.3349889743270702,315594600.8025732
0.2474292422354262,496887578.0684036
-0.1438184583608994,328096599.57963574
1.0005544090432228,630155429.198472
-1.0620804691911143,543505651.471381
0.1467133847346251,794667656.8359176
0.1264123747237581,644904643.0668467
-0.1857718157822057,439893805.55127
1.8835145114526792,319567128.6413713
1.3702191390070713,548023535.4464589
0.4090224956312019,428348347.5753647
0.2003048661360149,678311948.3880284
0.2261261783439596,284518048.7034177
0.5229528510757518,404698103.0010069
0.5082105504233544,450087644.3686478
0.3153236932992069,408967739.2054373
-0.6010059090411801,477503180.0646602
0.0900341993397741,401611526.2629975
-1.0243764106904625,192485662.160796
-0.2088258520001157,613317064.6513239
-0.2088460374975538,537486943.1474282
-0.6805482340286964,883064138.8968471
-0.3744064452870209,644395551.346967
-0.1809936292361617,635425003.6048213
0.4117746648781321,684702024.4451026
0.0515122102367368,460143972.3560439
0.255280217740327,513268251.2497837
-0.4756860484500332,546980610.050428
-1.4846797670521208,503197500.0165893
-0.0400447795585515,462506209.7533847
-0.0609831508116407,326854781.0911982
-0.0923722241431896,428010260.9656693
-0.2234920801689888,600116634.7640784
-0.1278486170445412,241382803.78778303
0.0756801300588195,557640636.2879751
0.1184082621370541,436069542.8860504
1.1359312657673295,279289527.0249829
1.131480819768512,398892011.9222645
0.3433131900134091,418593664.73945946
-0.0537728968912066,554789900.9476353
-0.9634511166512394,482380605.600739
-1.6452180455021217,604033925.1889555
-0.4089599785392865,456982111.98286366
-0.2429749999992073,599093257.7765077
0.9256734352520049,372323101.5775749
-0.5042858443384584,521259158.7691965
-0.1729173537280111,394477481.569211
0.2361600165198596,266975881.9109486
0.2024126464328671,404601267.1060657
-0.6096210919445088,631701645.3733075
0.9381952458185756,757877879.4457499
0.37676612932935,798818919.9049343
-0.0065814697756985,132774750.85280035
-0.0914026520939051,241360693.00780785
-0.477660366134862,857955031.8390318
0.7100699464101092,380572156.4374381
0.9909487746685132,343231259.9574127
0.0563671896013904,552539706.6403356
-0.5162487618240234,399465993.0208076
-0.2006679307089604,632967703.385475
1.282712858435738,162927503.5534109
0.8462709667428346,607482536.5000346
-0.1303639052804344,70212614.79670812
0.2014505720689502,553767155.6473844
-0.1766833509540628,521693206.9506293
-0.5379462682783097,528493169.0205866
0.2217267110075678,858636646.5232054
-0.4357756885485916,634176426.4033786
-0.1375320307514247,981154093.334396
-0.5280927156070305,537002301.8999777
0.3675643042069675,418470633.67049074
-0.4079953902085703,633368256.9330552
-0.6071257290200851,296125411.63606673
0.2647964592694463,525101529.60681
-0.2371880950864783,598721662.7049161
0.981206588902868,626118974.1835344
-0.1701521258936454,441432825.2982681
-0.3220492293434097,696888560.8440154
-0.3137570452584851,705002111.690444
-0.2746863589454884,480047220.22420776
-0.5095161098695017,503227979.2469487
1.3275044448474926,579043688.6002407
0.6933013038884368,288273140.47758526
-1.7926312703488927,329257916.67411184
1.011186693977162,518365671.5718586
0.1728386893012453,302893044.34516203
-0.2935045593781418,600906020.6682031
-1.4087781478222077,443744319.10302216
0.8682180000166305,376664271.4303638
-0.5482875104173899,276321036.68296975
-0.6179815977381196,626082850.0804191
-0.1718575069626484,423451735.9127041
-0.2651363774996595,424403903.2933829
0.6508911730604752,506214631.6415157
-0.1039725957743196,568875940.3272833
-0.343327374827144,473192898.229084
-0.542593446007066,345728962.2513118
0.7584681003945493,733510238.4127798
0.7146770193119725,443028757.0778272
-0.3587718613011385,536494872.4621805
0.1270887614114662,796097356.5218561
-0.3156535368826271,312115220.862699
0.123791289275924,593314707.918506
0.2115767223100085,425331407.4994305
0.244924037311756,737056668.1352776
-0.0512008025123897,463732079.2488015
1.333519075831818,552827983.7617886
-0.2952272861037944,566099385.6536913
0.2729260649298989,862664124.2679181
1.987808610018552,606789915.195765
1.669989214367096,463492283.4277968
-0.0412406134632861,353844566.34868014
-0.0841118198410733,686866108.1273645
0.481417195359047,571841179.8301898
0.3484564686965878,390052099.59391385
0.3197170586930176,473462418.8501503
-1.3337465861208455,603190332.249923
1.803119910052608,837991122.7744118
0.010143222070192,652702994.0807749
-1.379809322013016,870378654.328634
-0.2007563804162846,387735340.355591
-0.2203609113479264,466499486.6927819
0.4659796178049412,508387660.4157879
-0.5324248040781986,777621545.5861864
-0.5607740101974485,716316093.1162263
0.0360600539776944,489283667.4091822
0.1352248791710509,848822767.5213002
-0.2360943044354584,404465760.9512898
0.2748627069618483,497002287.5395574
0.2089158176256894,535149100.2944673
-0.347218626421247,374279613.0931237
0.172375238477295,547321149.2208811
-0.6818037780770041,417280040.0943312
-0.4657927173003741,322125435.29310745
0.5944770472267914,439454559.13211066
1.1885195233013297,624469724.3721328
0.8874423101600474,672794682.675396
-0.6173353497755172,798044294.1789689
-1.2551776082661534,431041343.5594889
-0.0621938790839193,643593355.9343144
0.5491546410777158,368618367.3773052
0.1130788400163081,340294142.67613804
0.2221511575832884,329320718.7503852
-0.2324691623803974,350708942.97113484
0.1753959264142081,498393716.9582127
-0.5781704563085757,402744575.4034505
-0.1853098197679167,288378074.51200724
-0.9316462449227888,436538778.4799904
0.1025429771175789,501581131.37417024
-0.3686985566325379,326078403.80987537
0.8529817480945248,714904713.046134
0.4067586837884076,539887591.1780746
-0.7945661557487402,470437921.8640412
0.4793511765927986,570578469.8005555
1.6152154711419824,629321270.6388351
-0.8197681956210188,37906877.3332055
0.3977148485834164,408143343.229889
-0.9949847945620748,833482404.7896264
-0.4329701470318962,415576602.2141445
-0.5285304749875631,618404608.4292269
-1.0472495453975974,385487217.7249405
0.1593856999943591,379507687.62489
0.285810376550117,293515886.31104535
-0.6393181923344438,590052304.4089034
-0.4407513215444044,566350718.943052
-0.922079321308404,139210843.94350898
1.816551423170078,61351777.87951128
-0.5897413697509764,490029097.2142205
1.1148844792509,559365633.2988604
0.2385450986987528,488766844.4472612
1.1922029359647013,549736750.8281585
0.2769302289023249,760877796.6878735
-0.7461164766480228,420956373.5050176
0.9317540863727274,542232293.3406763
-0.5966883412327851,436893692.4210318
0.5128451872761534,817849457.9041821
-0.3869148248120297,390916649.1354457
0.7731922112088321,439779585.7068798
-0.484841880906491,669138212.7500035
-0.5996605351349896,339889624.3196282
0.3325795322769087,708587687.1898661
-0.563602616014167,591602656.431885
0.8535659905388068,476409175.7732369
-0.2290211123206424,689010965.3683424
-0.0962284238802064,727556340.0439774
-0.3813180593185588,667988208.1740404
-1.1417226596441534,845959437.6458449
0.7045018511049495,872962188.8564701
1.3382484803443064,501127506.7242775
0.0867006878650943,590867984.9822991
-0.4320458877997891,471337942.02478695
-0.743795326583351,628930924.0265471
0.0368923971964144,523755180.1656559
0.9346950937008364,425199347.0615327
-0.5113726074107382,431800717.1420271
0.6000888451529882,376551145.9773515
-0.1985040353074506,689547861.2670888
0.3437342595814713,745581872.1041969
-0.0702123866069778,591195670.7287334
-0.6034353437340888,362991659.1959421
-0.8161407186240498,348292757.1103917
-0.887206159194406,762770319.5052369
0.6631009763968577,355774274.2508089
0.1943674629077442,238472624.78919515
-0.0866653282587801,684647904.1742942
1.644754397685051,562469156.244698
-1.7427132061926338,827189813.0342367
-0.9895557824718578,667635170.1495198
0.531922788886182,244418481.45136857
-0.2259520516313684,398332196.3495398
0.8571607125605029,475736150.2136962
-0.2315839131977322,459939717.5160913
0.6209157594670202,614870808.1324338
-0.1289189061025326,203639984.8040765
-0.2273319472444795,589046096.2390251
0.3709984782291322,767341276.7833757
-0.0012683390678114,354312502.1312202
0.0891224060550853,620564150.3746085
-0.4420202798090649,207200283.17020845
0.8132981031991389,383657323.9032575
0.7771061607116351,556156858.7551197
-0.5760547844850049,645597940.3183107
-0.26231716861791,383255493.9878512
1.4505707783828308,542735096.8284981
-0.1028390091098392,533336794.8523027
0.0527653632676112,607239440.1367064
-0.8074629704597811,616576397.71304
0.4524395087237876,429106386.6942197
-0.7197501768077582,551122235.6554955
-0.3340655998114967,596095559.0680095
-0.1821859658733467,607384768.2473075
-0.3737933544280715,407462586.6532767
-0.0497946405687612,674968178.2683789
-0.8747842575607595,423664795.0562812
-0.1540773733053966,466462157.9419296
0.3138228947868117,570088698.165089
-0.559617565998561,418332942.65114623
1.4090921538605732,504140471.2728608
0.5546371370900608,585809735.8785617
0.019241679437102,549140258.0814453
-0.5555406185046772,509178598.80892354
0.2309707396897482,434081427.0546028
0.617642392870839,510915913.7569408
0.5535919550666825,371466637.1970051
0.5170791065177679,482252451.6419898
-0.4764186792240092,429701139.0020607
-0.4991017393665833,446096274.5636262
-0.2330929447132844,617618744.2872694
0.634253462386285,651617008.3302178
-0.1772258809133508,602512312.4419373
-0.2903978806522332,486330672.7590645
-0.4370924333707057,722252406.1342578
-0.7879999472952288,447008660.22370416
-1.3347408787949486,337655117.55888337
0.4672852757768775,660981520.0399712
-0.8769658785404131,246613538.21523643
-0.4431465080022926,291983101.7326948
-1.1060748684864663,707621678.0585994
0.1979455615022485,423492695.6316717
0.8929428757268205,371727989.9163433
1.0299465906292655,358493412.67631084
-0.1906316522050487,611789788.0283707
0.5475719501235373,356591946.4099561
-1.3260702761888483,566835414.5955162
-0.2313135123145313,886363436.1689439
0.0097861284689464,603645377.9873128
0.5437755068983927,109151771.92132112
0.3912581738844443,465899962.2214856
-0.3132512762395233,530263922.9958655
-0.4171362499863281,579982762.0068476
-1.137560242129882,321604955.093413
-0.0248148860961894,663848000.065546
-0.0049299037052932,593127618.7902392
-0.2738759581660421,386570891.8071403
-0.5237872588071668,591824134.3656101
0.1591598722593452,692959154.247045
0.2371986723488795,524690864.0537205
0.5394139970079757,380064343.9247309
-0.2062269087849643,576760670.0467135
0.5544834004972653,622460149.7513444
0.2805297093049685,456300965.95575535
-0.3187670316589762,434838182.6188077
0.22805732023805,314213513.2763493
-0.3237653670071738,293982619.5779562
-0.7095617414719135,501615364.0548005
-0.3020582476167369,343647766.34874845
0.2042118346403159,300021714.34913695
0.3096501959673974,610886827.3949479
0.1467890542859369,330676570.5795045
0.3239960079608447,415051066.9308031
-0.8180105059827824,798574145.114122
0.7410617561791111,476080713.2968003
0.3491552315205601,365659758.30853015
-0.5848442761266772,575490794.1218275
0.3377274921235824,456534276.1178751
0.0812047872110757,242029202.95895973
0.304255731853736,456814010.8693099
0.7953526060217601,244135148.5572456
-0.0386997057063202,360778936.0559015
0.2594172465600095,352257348.8031303
-0.4051144048519878,735315816.5035803
-0.4346492541277686,319882731.60520154
0.362178246408307,668377037.0681796
1.6059634973785406,477109220.2791793
0.3040913469034664,496379241.3789716
0.2174523197380916,352540980.13075024
-0.7259466196097693,589064586.330843
-0.4664105760894671,559521672.4243087
0.4025919085039799,243787353.38580215
-0.4526644985583796,404351641.4637144
-0.2105706034577648,468006127.24013007
0.104221743773854,453787546.9836087
0.491907022629829,834727465.4392604
-0.2351085037838804,558213331.6721019
0.2593070030661652,509323284.3697847
-0.0338669546983635,595428767.9092262
-0.5843268995749059,495782713.56259096
0.3225206374377071,564970373.5222642
0.8849291285017173,461839604.4912621
0.2381494744591954,348509417.3729302
-0.3812838343660292,353767025.5774744
0.8744915369022405,572723737.0949663
-1.8443323232765176,356445205.9218916
-1.035469772509682,637632635.9908895
-0.4544760363265414,599372398.5838066
-1.48462420003322,75084161.24014083
1.0566203123790816,482099312.8948112
0.207722603237091,408812238.277608
0.4425361459552641,333701912.26018834
-0.0318793663267611,483625416.1931317
-0.5469114172004637,415378184.533584
0.0698752676983228,476437384.33675945
-0.0555264945304379,308980253.4309277
-1.4104083556862597,166987393.73770303
0.1982676166114965,583350860.0428879
0.4736186514903,6901821.141595043
0.0854569506972208,721965258.2446809
-0.1372760213916297,681122597.6624434
-0.8965926963889556,489426626.9186368
0.0616320236757929,412455879.7050003
-0.0096392050065939,765065119.0201231
-0.180549481662533,295089346.9906081
0.0671482794444258,422954150.20927393
1.361931705449147,575339441.9787968
-0.4025020724838681,669530942.1555048
1.3193109143492667,393473322.6955072
0.1064237961600182,355280942.5411993
0.6560454649161052,485353954.56803817
-1.0980882455877288,637530942.6395942
0.1354754736578164,569381757.8206997
0.0974118111959063,680592725.8563012
-0.3756003055642141,599450341.5057691
-0.3016081378058444,584647599.737205
-0.8379642804965037,375393922.2469629
1.109628733060572,390531110.3757046
0.0737721062603083,721905597.8450096
-0.7481253810355525,449978000.1238144
-0.1467319432749293,370184728.8387522
-0.1570737456694479,597066057.1484209
-0.3186215469892303,805162587.672776
-0.087917675820304,439789261.1483712
-0.3694837300590584,552886528.9846828
0.1069255124133187,460346723.52642965
1.5197441344385576,400333514.9073137
0.1040220817651313,342810414.94592065
-0.0671351527810766,693327403.9627084
0.0699219820043813,395820079.4352698
-0.2814233467896003,356357841.4945919
-0.4226261348398763,489456356.7825693
-0.3716933186301329,567430932.5739284
-0.4978826246038363,692513242.6134958
-0.2646946219957969,543300559.837484
0.2911520313338746,415761535.39219975
-0.3709587589952677,473128407.14412594
1.339014633211463,413770406.35411656
1.1303765014532106,631253969.4404062
0.1927152664398204,395229532.6289013
-0.0152677706535411,634535239.552724
-0.3576698416661489,331886955.6542697
0.3706967698413062,633056572.3444018
-0.8715499061427598,196946344.49181196
0.5354123541222355,613181499.3969965
-0.1030871122139505,403007132.1739741
0.6954432389126136,484905696.5052907
0.1667295190762758,703884561.1766711
-1.167477648688449,487109307.7391912
1.373044042843527,693498057.7447509
0.9375594821567312,306530515.9828679
-0.3697853922373525,539282851.6012905
1.751893410139258,91436796.95930605
-0.6819816801767576,229598232.0660985
0.3608548931109543,327358077.894697
0.0573674468463888,428707515.7135209
-0.2165433862376574,388649446.9635874
-0.441753681800123,550111004.887449
0.8529173240397455,620929593.7601274
-1.3060843029031028,442608710.66246736
0.1272831719212016,428399876.75141126
0.1407025167564939,233262752.83773223
0.3835441411095202,209172908.8142624
-0.6013567500740062,502864247.857941
0.1203723495999179,527897490.5427381
-0.9739040903866144,411292118.5732296
0.1514063825164415,327265548.23045135
-0.697362961573139,696217211.7667345
0.3504939031298966,485122562.4372504
0.1335429945824782,328489641.2697871
-0.4985078409092827,477615405.10257065
1.2584567493843346,549007039.3350427
1.541037846734544,391037011.7761104
-0.2675779319115957,516097222.5306311
0.4807881869207259,634826497.7546408
1.377273859532811,373265139.5390808
-0.1677841294770974,535549366.16602594
-0.6684289093398492,602282997.1674362
0.351881390431413,326253800.74718106
-0.4682479946106771,406338850.1168639
-0.5533761683792575,606733968.4776827
-0.0696293497024737,398054865.5427324
-0.3520604156926337,559354220.9647347
-0.1694922453603649,523417262.908765
0.07033818254918,613499563.7665762
-0.2982338711121625,474473669.8344266
-0.4241489043987126,537015692.1620455
0.9410992738677392,494697603.4046937
0.5118539258469346,784749425.2776016
0.0883209494591319,449351616.21701086
-0.1335362609926197,678857741.0490876
-0.5279220012661612,642201192.8067304
-0.221606317958845,353092917.0887865
0.0780158272557528,673659320.458305
0.1652029224819916,281454321.940365
-0.4209187872076196,537014267.5956988
-0.613801506712861,537964957.2757212
-0.8888811033017756,884039881.2090272
0.3741198985355787,270052464.336436
-0.2965787624257918,391511600.44332296
-0.0487512147480013,365110826.9549829
-0.3543696374310806,549773774.6250805
0.274534926191967,367154199.3469788
-0.7587719602198657,486979718.6887604
0.1426357724108874,599708588.8743341
-0.2761972414360474,536455329.530642
0.7221749470587712,358213994.96919984
-0.3293057477501192,424143283.8632128
-0.162080339082252,540807582.6923305
0.2273151303530548,524276323.7649332
1.691938488588361,465974006.4243065
-0.2204891898881185,371678143.8299411
0.4522333081496731,505497234.6283472
-0.6483580992473179,556923927.7256266
-0.2542185071546789,541802358.9212682
1.73281376131525,289364825.8333982
-1.1154847810739017,731724204.5343066
0.7674416296114714,522211720.1915085
-0.0965649064126687,401432004.64360255
-0.2822307129559303,828970911.0743988
0.5188746678093488,653541206.6607814
-0.2177588595658979,546335189.718166
-1.3588831666440246,517941855.611712
-0.5136183748044634,514321407.47563046
0.0881087310162105,279935574.0149563
-0.7912243413592002,180486099.7326844
-0.4958039676057294,536063144.2452544
0.8972792795432953,726793784.3788252
-1.98818891684977,558286976.6304246
-0.6795109929038392,686859754.8954289
-0.4654862512764419,456318013.6272808
-0.0856541948139373,418233973.7289215
-0.5390563874186927,613218552.2179253
-0.2849929623947276,517129383.6690826
-0.0143931486048032,760878975.5057224
0.1346885912389303,627241448.3196069
-0.1842352525345078,394097154.6073385
0.4969035931589501,330843584.95863414
-1.076438628265421,506867534.062274
0.6395720280425881,635012390.220988
-0.5688934415164683,559084997.9683957
-0.2328163243990655,594930709.2882403
0.0126497012872917,658169758.3601617
-0.1652179731383559,416378480.46111935
-0.0996849301996014,609332429.9615977
0.2186590136493219,436038699.2483849
-1.007847571301983,855948705.0480415
0.489222249969071,532768936.66640365
0.3338275035020211,511171812.5335426
-0.1487290905063822,369120025.08149856
-0.4470336904332206,287583128.62066454
0.2726308183791182,791584369.329834
-0.1914841553786941,602670206.6933155
0.6454464271367332,573702948.2322724
-0.3693364509540701,457098725.3245119
0.9941487998987664,586991157.7688752
-0.8573000437747039,309433904.64457524
0.4134436134326591,538635949.1121752
0.142317484998234,554443769.4583495
-0.796666190903126,618213798.0285921
0.8913619893276827,827459255.4013892
-0.5326334346385935,562247962.837939
0.5962231734069343,644218982.1709102
0.4904672596060888,401854414.34664106
0.5532568844855177,399710518.521953
-0.4734127617353457,646468814.5179592
1.4573836895975865,361587932.22018135
1.045243166041948,502245125.4510766
-0.2070931014827071,622608848.2678809
0.2454777209940353,372273800.1945455
-0.0511343210141137,386003543.9812151
-0.5436880258116968,590729235.0768548
-0.4643533815006062,51176694.23625786
-0.0659653803588642,644551952.0485389
0.5395185658480797,763347333.2295364
-0.2854425092811355,603506563.2786596
-0.7377402323792316,614957866.832895
0.177147873613212,137323906.83717102
-0.6927588358046813,224669273.3185322
-0.4522267985337638,576213578.4155521
0.1080236196712423,532884958.64139074
-1.3505778564604356,469435747.52082527
-0.4990510276093537,769301306.4133717
0.3726223833460558,349822199.57681626
0.3173820183457189,520697852.8610576
0.2892572991817875,430891245.0051981
0.423376736651591,435882120.8322624
0.4378442543526262,612642645.8484994
-0.2674796796973508,412197860.82461286
1.3760745203973823,423207067.8862177
0.1718695506401951,464695373.1280317
-0.4005398924449996,594974341.3013265
0.0509587658687435,507139247.5640668
0.7429829962361288,374866781.0726157
-0.1039954799083502,369912484.9145051
1.362128819971117,865288402.7249198
0.212243802573328,679916502.5635693
-0.3437768631648971,389181849.7577456
0.017191709516557,417286702.6327401
1.0560381566113466,782754890.4129052
-0.2257004071622765,467033325.1903503
-1.3272396741359238,542515348.6319395
0.0043333304378027,379461048.85209006
-0.5236774130269081,388893190.6902561
0.4177807913187673,401243358.7502962
-0.7388659719240279,481737316.34622085
0.3100430034355775,380466798.9900427
-0.4053328486193057,442546787.3868584
-0.4611413470265412,578438981.4562413
0.5569429560484809,643013225.5308264
0.1181735901544881,319015561.81358045
-0.5839478096201813,583649032.6080012
-0.1606327670883615,364634553.4439383
0.3917762782780447,489938169.2378159
0.1281210740979467,583178714.7111055
0.0626935622053375,449598437.9292052
-1.6396368383300728,606795948.6793575
-0.4597178089801324,188291068.3255125
0.6815833204763568,549479957.1589162
-0.1091480315035893,287681392.91328144
-0.1365839652922367,161832314.08992165
0.4669656494530891,463494247.7449093
-0.6911957027104885,273596964.76756823
1.0086981115450655,431384987.2755942
0.4393069973116826,472021682.6018623
0.3321104380183952,397890616.1076977
0.0937052781579263,513260827.1243098
-0.0704435787814314,424062724.24226624
-0.4811942314361812,469181934.975838
-0.3106944519737973,337697780.0821493
0.5479338362861957,645892375.1337389
0.0074838347453605,740358003.4714338
-0.0585417700179449,466180809.5995412
0.9494339403855104,45916708.22777724
1.248066568488471,368614820.49373937
0.5897785725041116,300605644.9363276
0.1358991318483078,232120604.6342979
0.0531940844457278,494120820.186408
0.0027753827631709,503134125.75641584
0.557695690933961,337616001.1691234
-0.4410658004195515,382807305.59244543
0.0862329747790017,645608813.2545526
-0.1628127952511747,456733053.02426016
1.7020838432825771,268971750.3220956
0.7685737495888014,457535033.2659609
-0.5670611335404396,773967665.6774755
0.4694330825101492,398318575.8025449
0.0283675532247495,308824712.0917518
-0.8043520829532094,541769738.0131347
0.1206331553162398,563386620.7072151
-0.5157866207671677,413066219.6519115
0.4598228473041708,495554665.5413767
0.5653267852429235,509868715.4571508
-0.687912425969221,627727230.6785624
-0.2502057003900377,274299217.1186295
0.4716042050842334,437985810.6241624
-1.1224418150143056,138312844.14999583
0.3793197784482262,421731918.837568
-0.4698517306708741,657436752.9382536
-0.2846863626546966,503597645.4875655
0.5565020779759885,772401722.199647
-0.089184135266437,722985129.0164701
0.6403937154419705,520725304.457185
0.1327399931233001,641010975.1237345
-0.3523980490413749,522902116.4511855
0.6875238566787193,258114075.9162089
0.7556567183898842,517405146.5511696
-0.4436678576735492,646839825.7375175
0.2175581470061441,465202682.5732132
0.019093881325442,163618282.57029685
-0.7627003205087415,716216447.1710904
-0.613095755915629,713324890.9713409
-0.0045056817810724,356579803.8521995
0.2510672362566446,450228202.1735491
0.4220780697483419,579800969.7066813
0.7427128610256486,373776739.16422826
-0.8154676030509984,658349601.7315905
0.3464179071791082,389192169.9751246
0.1894917907395849,559425728.0388167
0.638823873407183,361839909.8830772
0.9897045909038744,426528057.4635906
0.2970427358389332,479333370.2278973
-0.4882642136675972,301537360.5472465
0.3365369773279512,602536645.331095
-0.5843178941140091,266294162.71245408
0.0415757847396914,498327859.7978728
1.891026715482806,822088671.2031381
0.4816052538602859,613070983.4413245
0.0094603003993155,472055051.5954461
-0.640292969905427,470963104.5523928
1.0158778323518984,275884163.30801404
-0.2704398514151106,384331130.5560446
-0.1672093276687551,510126291.5832607
-1.6358183228145131,515962114.2247331
-0.6695693887487235,501314306.3574779
-0.0426547464333217,133037404.32915844
0.9189218578304796,385504188.3405865
0.9234966253672512,60115151.96492395
0.8797226131882999,527890804.696859
0.729917215592258,351194667.62223834
-1.2836136537168985,620524164.6979043
0.6015397493515418,590714321.5072811
-0.2542474290788322,366541173.2644489
0.3763803363456091,569464986.0008106
-1.096818290988445,704718873.5219238
-0.6620240145915128,393915507.9820056
-0.0512886014563791,517845951.26062006
0.576832277416711,578612178.8627983
0.0950222094640701,444518750.7976048
0.3107232483393987,621347549.3354702
-0.9680939241886872,586453077.8204691
0.2748872679948942,314164386.0090915
0.0768918624630242,650630835.9015325
-0.7401961258005687,390540264.7988695
0.4385870225407773,450975700.08293056
-0.1314456043034291,416999684.8668923
0.3046087092629232,625456781.1945381
-0.2548002376366732,588223712.9436661
1.1713928642763336,231446348.93928137
-0.1311229561974951,396542622.6142019
-0.0403296392157376,519577226.5342097
-0.4182666583434524,400493074.75414896
0.0249084562618175,407626569.2871936
0.0143897390378538,360583294.6824747
1.1783835945028192,322689913.71532375
0.0512660405612948,318532583.7836606
0.0038021999959559,448714841.5698234
0.5616764093086568,470450505.8747322
1.5115091735078927,464508094.180796
-1.2084375646045358,386167964.10234815
-0.4396754621345904,675027717.384454
-0.9368807193568268,596159639.5034885
-0.4624212769662847,366256376.5035824
0.4798389017234354,486045559.934452
1.1863868042010512,516402930.2991808
-0.7556143558018072,495617447.941733
-0.0118620913467545,395370978.8063401
-0.6972708036865976,313757016.78527725
-0.0871082668754033,487323226.9085876
0.1923451353437569,556938956.9558998
0.2992569653048086,507900431.8310239
0.8128218262541379,435122671.5665426
-0.7835898195296682,406787388.3968976
-0.5494911329988109,705345894.5906779
0.1796902542550766,491648736.2546844
-0.0852173601486021,505358529.2912628
0.4120972712160223,495705853.3981385
0.5368194105424489,622685047.6808269
-0.4277385906699562,604002190.8640596
-1.911148176225026,478572236.8396654
1.7567244425054709,569984498.0722148
0.1858966843619168,582298976.0350726
1.6613357124043415,789567111.4325501
-0.4942043544605881,569364897.9132928
-1.9093601255985424,876965742.3623111
0.2848123908603518,310439015.5317516
0.0623045506686771,702196119.4491527
-0.2307606888116975,708443553.0081702
-0.4937134503524923,454689950.830745
-1.1460631161776629,423957327.4525593
0.6237201423383849,673496305.8072197
0.1795731462650254,604654254.4781301
1.7230811466911669,443200523.35101867
-0.2254629686965827,495735036.8585084
0.1769519003386901,389973406.908096
-0.5555059719815111,230857664.293496
0.2893320135176117,522728683.8456844
0.1674460504895547,536275730.6449388
0.0626891783494157,433743591.17825365
0.0565467428336315,641791406.0030698
0.4456380810907793,648182256.0422121
0.3581736030703357,435979067.0007523
-0.6098930995975614,440494241.9565099
0.3699424514373564,529915338.1905204
-1.2056926331176192,271999888.29256827
0.1034717878918131,657918068.3419434
-0.2659970918784317,728717979.109835
0.0033527446909785,537012579.4797493
-1.0224124921315103,397225419.3237579
0.1232945975399,924079437.022673
0.9875373185857736,366980424.5031098
-0.6643719930682989,211801215.96215257
-0.5139748577048271,338856501.5605937
0.0354717124831872,457288426.7186714
-0.0209217976592146,448097100.17075336
-0.1711227057831416,445944986.7252461
-0.5017462619696108,679243936.0935318
-0.3551695799840078,601926435.8518968
-0.1905954186682873,437664422.8391366
-0.4653390665414147,357557308.1942318
0.6803061415911698,479134674.16733503
0.6807552474019061,252546113.03562063
1.1545827632184555,464520514.2244527
-0.0946579358521289,542416528.0918934
1.0920892468905494,528329186.4691931
-0.5785172146997822,394184131.7892055
-0.5444304553315606,251870594.47926435
-0.9275980299904872,118909615.13809007
0.8517463973224587,607563552.0756243
0.1042511486155164,672046526.4176438
-0.7644591153214421,750628998.9302688
0.3553876481615561,553349882.2667536
0.0166931555495549,444557789.85714847
0.800803881932484,513508811.94933033
-0.626769553002833,585455449.3944641
0.5702225632438267,317291244.78217894
-0.0950634104257612,496866744.4977056
0.1151374109930908,430728182.26056
0.4785581173208562,554235893.8889164
-0.0719330300008962,597594390.724312
1.2338872853243097,672088131.7305865
0.4552570859127169,560336631.2662886
-0.0818379352759692,468431049.10713416
0.6876798003135534,444705242.86922807
0.7074055144063705,397470248.9970768
0.7515254076031876,268668653.73534244
0.701537476119193,535606279.44840175
0.1224601143059558,411647590.21200126
-0.1489076561785238,538126495.118342
-0.4620519310033068,356292089.3840207
0.0323334710182221,573521210.4658535
1.4401638890785862,309287009.4672214
-0.4701698167025867,890174091.7749902
0.0634880567941818,574774873.0407131
0.776244560275251,346744637.55988026
-0.0370346173106238,547276545.7105355
-0.0700192880305287,467253776.098904
0.6925053995839594,202688667.62301612
-0.1431124842643732,513407556.6965888
-0.002769534952393,747166763.9319725
-1.0209875589618682,587827415.6780508
-0.3098670150833477,406062045.8468886
0.556236006345538,368334932.1766861
-0.0908515242776353,511643766.6240516
-0.2476473610807185,314320263.2807224
-0.3312819789756036,355703849.96930474
-0.5122580993923377,239518337.62830743
0.7372262052971039,528865450.3396553
-0.438425917515968,419779863.4320685
-0.1696790689834507,439555755.5960487
-0.2779836034561655,482647226.75317895
0.1982280466840834,707886571.6457704
0.4717939445392314,435027686.1653302
0.1570709854755141,525435148.7414977
0.4049133859905195,747570599.2316645
-1.7973593513471613,525964456.33063936
0.0869562327527644,516902413.0712615
-1.6523422662184064,984733730.7578096
0.5423379376598355,695834292.7555944
0.8845738811487796,373712228.78819954
-0.1373277891698841,322896145.05422294
-0.6291740975492834,356658722.7181685
0.1651631257073456,789402213.6894397
0.6265062322454596,431815120.0864334
-0.1750665033081839,464351952.36015
0.6197526884256744,451681136.99950856
1.0842070458957187,395205495.8493731
0.7464643913270299,749663017.2194209
0.8995116608484235,567162681.7006012
-0.2142559900978803,234513244.1164464
0.2329698932234983,318690065.9726857
0.5756808330845914,461900608.0092059
0.4700652433312928,402107786.8528566
-0.0679601122620964,635908144.8164295
0.1227222475204046,536288306.9306922
0.232764940216516,378731848.6119803
-0.3479760758259374,571676187.6849654
-0.088555654510822,571468432.7594783
-0.1963549290058378,657739068.1957426
0.5367181852614078,545402865.8799196
0.1462329297103944,270176816.93127084
0.0631128079641774,394487074.5077294
-0.3594539379380218,514079042.120144
-0.0846481522321517,940677154.5440435
-0.224185338795474,683821880.3186926
0.4382776116318929,951823000.651398
0.3203547256249252,494685902.8935167
-0.2980462467651998,573636049.6800557
-0.1317398335612022,477302775.1083809
-0.7167429691786148,581388238.0726038
-0.1096441705107687,447920682.5133966
-0.5190638093427924,825707782.4317355
0.6964510730967424,436653465.34941405
0.6844288782338035,579410358.1219444
0.1773530948097847,635960252.4221336
0.4267604673290218,552932743.228455
0.5975403670749783,640726359.5582275
1.1452289941768408,370287238.0692242
-0.4089249888482247,476511330.1939564
0.1153125475503443,430615679.7081481
-0.2121570258956975,108284692.29023686
-0.7927777169235971,126605055.64519411
0.9622126329957152,526097950.2099761
0.4196241860643842,496158459.1512972
0.1223628848098071,556958122.2334051
-0.2668843000883776,134769879.418562
-0.8269373284604287,499540981.9314594
0.534344859239004,424679591.0726307
-0.92571091573727,341466265.3412464
0.0237557114642401,381799582.7555504
-0.5543035044235188,545323290.3051363
-0.1357195882127586,111339172.97899276
-1.4275141136375151,387123137.9122125
0.2040162613932578,648743191.7523862
-0.0235497650460997,554745759.2589545
0.0045955114519625,516241698.27110624
0.0620324105134741,553640393.5512034
-1.0177138887198691,558947297.0081801
-0.5350747419792085,588725737.8991191
-0.5719829482394743,417888856.8279677
-0.2081120619911747,673348781.3374323
-1.1116878952889735,552828853.660334
0.1259383977706332,454590536.3267228
-0.0843119120816047,277523051.9566534
-0.0881029817000957,710847750.4785893
-0.4229734212823765,582492438.3681364
0.2779406925286523,672791223.2411833
-0.2099671541212364,448071229.652452
0.1303988900627004,377767806.4794615
-0.8164094328796737,564247948.2905847
-0.5541096508679889,477734564.3771796
0.0072200632388162,312556231.73151207
-0.3381101983164978,527048694.0615786
1.0808976430696218,279240277.3022881
-0.1557020746974625,330100811.6646578
-0.5350911212729172,479384136.7057448
-0.8135195886464313,641385523.1444699
-1.0319123040822045,821409676.0712926
-0.4367327295501426,378949449.5498605
0.1325607320929168,569739953.0243375
0.0412598031752272,661560047.9336078
0.3003194121748973,245564377.56039712
1.6485627572725408,128919136.33630024
0.4442609909363769,315386751.6373402
0.8361173630199018,627898118.6008347
-0.7484263110504559,266678107.34248176
-0.2921473282796819,555474644.4103422
-0.6077272755006586,610910967.4044763
-0.1351812178537373,315890523.73666435
0.0389994634019355,789668793.2885602
1.3169470547624182,901893860.833637
-1.1542766483963738,979029556.671074
-0.8733741355802169,589641412.9512111
-0.5817327094720802,365574445.4824146
-0.6520398396451252,475446816.0407241
1.32267753121139,423923227.51417845
-0.4422906326949889,510232686.8953086
0.4548478034612087,448265646.2179644
0.6079632277636207,249771769.63851032
-0.0518744119944231,809485385.6751139
0.2541139214868385,675530626.5174237
-0.5258325246603672,436738358.01760685
0.8112639746375966,738907958.828132
-0.626165864562171,568998027.2782485
-0.7268581710591215,852270720.4980878
0.2914472711749316,834026215.0879679
-0.1040254434872368,565451078.0911567
1.2772218742413444,444203834.6248697
0.3408096500340403,538720557.7292293
-0.9375946971812932,484848583.69927406
0.8207864204584514,736215912.4932472
0.582388506849389,597202200.8842036
0.1590510729472334,449189472.13081855
0.923422108608668,646149566.9146066
-0.71315004734495,545322423.281454
0.7337394330219035,541829168.4584773
0.2484714462861021,162196767.97555465
0.330396961693536,751307565.0958049
-0.0086968425219636,249320988.68259448
0.5991895142640463,518498044.3650356
-0.0083093502802026,498010414.4967888
1.0893077678691498,458009607.9176168
-0.2595166495709309,563522609.724496
-0.9587553269783776,563178114.3557435
0.3257330767774952,373776954.9503215
-0.0789670751534119,511243588.3808155
0.2716360863765731,331298580.144649
0.6946637923260082,97148145.26101647
-0.4072206684566515,320310438.0874373
0.0296876544898574,412152768.5566261
-0.1301002699346093,394068545.4100676
-0.4154399507819072,516152390.510774
0.2384419863384854,446373336.2623972
0.7808618403661711,806688063.4208364
-0.1647289260700777,210134952.22741508
-0.2838614984859013,307714235.9900282
-0.0174645292669826,558563615.7913796
-0.1631554334693051,295931623.0981645
-0.2076745417200246,683615689.3260999
-0.270321877249099,481441987.54065984
-0.7714469727615805,310221497.64287174
0.0967413296694694,461109776.8158087
0.0381543522932777,341268277.8891399
-0.3313745576492139,722180422.9003
-0.0893567280421607,285594941.49960345
0.3157062360997075,445583086.7738304
-0.5818630419849276,347796436.5343285
0.3209764943146684,351100366.655621
-0.3636435748949519,652790622.9539986
-1.903152146970488,650141561.0191774
-0.3346538490662756,525841302.1411177
-0.2114801045878631,515371881.1995657
0.3369296798422614,618604608.8027309
0.6026650381159766,545012109.7903775
0.0254501379239602,507252750.50177
0.3653748664683462,524851606.98494464
-0.5726603802882063,644349647.8119475
-0.4810939662977692,469459282.9680033
-0.3493359664186489,607198228.5086228
0.6805709205151144,582420364.0416985
-0.586051824400889,395929763.6519048
0.3654918224845331,334762726.47237426
-0.079851988916666,620914357.4172685
0.6708336945784081,652396078.0698307
-0.3407151234977791,588971916.1966778
-1.358534768998089,454751931.4067354
0.0690634581260463,181402573.78997493
-0.4675440493841794,314680573.3899868
1.9426259310531724,41737707.02179693
1.1161981823585974,490321934.8891884
0.5339756405200501,656793757.4852117
0.0903238806055857,514440838.56747526
-0.972731885344627,635879880.0652596
-0.5196571462601662,353129805.0297278
0.5095216965158956,621259321.9478586
-0.7110809260729454,765108132.5360312
-0.1716664956023057,508144778.690296
-0.5806571561739983,506668474.6632842
-0.3336363556250046,500772913.7242834
1.1952175164412704,398997357.52998495
0.2887720996768633,459098209.946182
0.046480713270677,252673861.60878867
-0.5799466201391783,652964572.2120298
-0.214916681814255,551971208.3208296
1.8655936272391245,684298528.4165055
-0.0506395257773417,460937085.88594353
-0.0556309546960591,456880525.962402
0.3332147607252911,576871716.4337876
0.4743071483764762,648807356.3738141
0.0721868426313045,588547168.2046444
-1.2867000716381396,334544776.9301894
0.3781929468527185,164449135.27629015
-0.5972156432380483,675960137.6132871
0.2151358122860192,483333096.7927384
0.3736982707993354,640857597.0624083
-0.0337437944711784,523914504.4202871
1.2510572417852177,701745611.968324
0.2240886111597837,777441759.9699982
-0.0508599415725815,398452192.80954975
0.6842176524774446,468447284.7451618
0.7667976165784648,399109652.8840211
-0.2176240156208048,499517076.0570591
0.4180746551318139,231694269.84672305
1.4406397290669035,563522428.228439
-0.4132776349145935,561705863.8117429
-0.1833965586340792,750130849.7262859
0.4136324069117174,350942455.80416906
0.3222873149251731,505824756.0114732
-0.9308614944589312,676984414.3976909
0.13521239307038,392254716.01971513
-0.5743969242202028,423833510.9266556
0.7010644198334943,557322347.8521147
-1.310846563553031,529650910.34265584
-0.5701334266587517,466961416.53832126
-0.2590315882019215,617006447.5863038
-0.5524117589263733,800727212.4260432
1.003851043587599,600052807.3009026
0.0160371692031903,558063279.4540666
-0.5899629634541845,687832144.8734285
-1.0707101844335547,335430005.08623946
0.100948329058897,448131533.7064622
-0.0908427674813686,485825048.82877713
-0.7763789250349218,483705199.7220886
-1.7834343124737173,440759739.3819989
-0.3334552815248537,462802737.3914979
-0.6886919538413847,642562201.6772321
-0.1464902400372196,69238975.4162682
0.0874359649881239,621315001.5492421
0.2513483488863175,336246183.0723981
-0.1305545211972903,493677298.6197372
-0.7004170596709054,582798655.6141026
-0.4729093924932082,540662660.296392
-0.2402659815722488,666558863.4926227
-0.1933451924375817,228404651.37234733
0.471455256654637,422779727.38409126
0.427597939730906,538176217.6115115
-0.1560890622919784,637795877.3050216
-0.6456762434426997,488969109.14016527
-0.3841867970971631,594662578.8680187
0.0021585779776249,455820936.4132888
0.9371402582092938,562453147.7831197
0.1258248376650161,541721019.15527
0.8609555972435415,405088787.0126816
-1.388423540226016,484233976.9203473
0.1107897838238139,605202402.8972446
0.6279398124182691,669629868.2301494
0.8723994136800896,201309211.2528657
-1.2393215945872649,591628688.2539486
0.7617123290773291,364529513.69837016
0.2782808302750903,547570654.0405699
0.2926438617295313,258578831.4028021
-0.4364833342750843,235403787.9425048
1.0878600402423468,389191607.4900271
0.510133242880333,471209578.6422904
1.050635056288251,575848850.3935158
-0.8786105096800431,584954804.9906665
-0.0421167219301063,417174446.2442584
0.460720138185779,392344116.376259
1.564972687551187,636616978.563505
-0.5578717398135841,562073325.316201
0.2188938988318871,522313372.676582
-0.2661628784211669,238980333.66315493
-0.931545439958478,379810823.6390338
0.1692936077019888,904731563.3399224
-0.6898007020130807,822296600.4696982
0.6376900163381417,655268595.1332747
-0.0326214119735129,600068595.4414551
0.2218218599070738,508150029.5866793
-0.2512812464382321,245127282.9638319
-0.5133101456029409,571484673.2581145
-0.2453850816982627,388092955.1540172
0.2720523968566032,332622415.74710524
-0.3487736607984945,488449919.063939
0.8989641293538796,798266162.2057114
0.8413737052063927,556186967.686235
0.4161095975706937,495224435.4018908
-0.9901412596476836,407219453.36375904
0.0654398097251836,713116797.1160262
-0.0441919139864748,453736779.2744065
0.8572756166017762,605624201.7281169
-0.3486186410028352,446328069.3966774
-0.7900471125105376,476910541.8137941
-0.1022845261330804,556849150.7895608
0.5382251748264798,461498977.8526282
-0.1844428457016888,594924107.626179
0.5594339441915757,528249245.8506132
0.0957397283037678,640364327.6820245
-1.092015647518486,287665223.648375
-0.6433190205767911,784564905.9798238
-0.6402021034446918,483321538.34478647
-0.1043281021914844,651841530.0979686
-0.4115729813293429,541121568.4973929
1.2220947087722998,339928548.1546593
1.1917108254963198,451732276.8022397
-0.3250706444134029,509667787.9663619
-0.258082339871475,339244625.47751725
0.8370119105784837,460868739.567068
1.2929474292904088,944818442.3300184
0.027813653873487,582870793.9318025
0.3551511701634541,469380540.65626585
-0.284676956836037,571795123.5511385
-1.6433765747865938,275480891.5016435
-0.013740865322584,587663899.3548621
-0.2516195812728094,388216347.1662778
0.3201867579797561,503771085.5243511
-0.6656337697060327,233820632.23929125
0.2146343558447744,489365214.66068393
-0.7156561178868138,415156926.0831132
0.973184970664274,645849062.8344064
-0.0080401691671595,682808847.8141079
-0.3917359835466754,554207684.7209705
0.3265458775688569,403361157.4710506
1.27216755857379,497185938.402078
0.3744048922720723,539742748.7779796
-1.0476196396091215,730046851.9817139
0.2110084304010692,795512995.5712757
-0.1147686050243098,684340619.1308346
-0.0388990686219399,477851364.6562819
-0.2665978869554819,409390381.89028007
0.5798569681385091,476721879.7706857
-0.5603631527165033,466365803.7569067
-0.5705983525268274,438628055.47765535
0.666976624693083,638335825.7184122
0.7530486699485882,456555077.0196319
0.0229159058731646,436406675.0005764
1.266190498272325,303595872.0501318
0.554507482774472,390392957.2973623
-0.67817158085105,497241088.7820239
0.2827484264780468,173148362.30159634
-0.2042289428690429,694445437.8078759
-0.1170867140503275,563115208.3840182
-1.2140741555952674,837273665.6601251
-0.2772431779858983,415420431.7679609
0.2305612662053411,504822636.73879
0.1581791537619087,547093612.4648688
1.0556571694387062,642314869.3261062
0.1740044885581237,543106182.8934115
-0.8967619247499159,407869203.9841472
-0.2936761904198556,520874315.0368444
0.9500614319320324,575552241.0039314
-0.3963443233750559,561344280.444995
-0.1574410045487184,434274348.557982
0.1197793175767245,454967226.0333079
-0.1525371723942715,519038149.27580273
0.9561213339636612,434406196.8946829
-0.0862771232014707,277935826.4855233
0.3967212786591523,393244809.6317
1.0485101471523608,432866836.0043125
-1.2527146562155276,579699124.3258411
-1.0192076239195689,551468184.2208296
-0.842598523272378,574800249.832688
-0.4306772637384101,637813650.6276389
0.391031024590456,687704181.5611906
-0.2197110910722065,403122790.34135497
0.3257446855995001,342580643.44392025
0.5629780679287696,485130901.4488245
0.0440857699488036,418637979.7698876
-1.3431858116086948,756615373.5116551
0.0568577543961518,485994880.1435112
-0.1346799711541812,367495968.2567202
1.1350267407295318,870821099.628298
0.373152330804685,393567371.0180794
-0.5626959901208586,898442672.4355443
1.067537898960256,193387228.869686
-0.4089519579647618,425418948.49138045
0.3924078866008567,659626967.5947257
0.090478935952511,433035636.74068177
0.9559608712936668,317097902.4862213
-0.2221379263936309,573521239.9634558
0.030728593129724,616076189.3308427
1.2202031713302566,183434331.76885983
-1.3138921384956677,500804238.515206
-0.4439181366236282,207559077.3059885
0.123268288824521,487906428.8972218
0.9439715363578046,458708986.3017965
0.3178873362675252,467458392.3284341
-0.147476402229857,373621863.782256
-0.4530356367010617,282750236.8602146
-0.092681594844693,122219721.5869664
-0.6700293968617133,529595919.704895
0.307171509279423,453982468.8813254
0.7172024284326624,513400505.71890926
1.5122309984365172,648660376.6220782
-0.3298111382542663,385060294.1319776
-0.0247322726479182,353715365.08019626
0.1546812869893117,244068121.25293517
0.2275435615510723,367979236.9509877
0.251272356086,423219722.55756295
0.9788070354771092,426348509.7836675
0.0141191355823458,578855066.0692136
0.029751172199997,272165271.35416144
-0.4429824912924785,549624947.2228471
0.8456359564097151,421892754.1580024
0.6824363148951582,414512509.348001
-0.847290796898781,741275699.5736381
0.0990719194812514,486094824.2624589
-0.008932430119768,580453125.0092671
0.202431068389971,475839036.1228418
0.0591504462703602,548358861.5135486
-0.5319199408028804,499572135.1282265
0.1245794264029489,642767476.6680574
0.3771060601941771,470077029.0406758
-0.1464683753522199,516768807.1808014
0.5612115378817842,450655058.0641208
0.0427313026834637,359241035.73904705
-0.7059746953794632,430264352.6219812
-0.4247823968364504,548627001.7139015
-0.0967667162290604,254470966.9835578
0.4820304179254866,726196322.2990232
-1.2153630911069313,854636513.8752726
-0.7243339888431973,513086584.1544495
-0.2499349429451574,437018005.230879
-0.1998827743342047,318235979.4933233
1.3242751422374384,529802219.882952
-0.031757870752899,269511146.2840705
0.5273670271905367,439855682.4887087
-0.2411336442728497,574660832.218677
0.699444680216709,457942589.1889386
-1.2051356451195114,380117938.9347246
0.6733133131506063,445323082.39321935
-0.7001879566006872,522672219.5588855
-0.5573333643967772,468441527.9527984
-0.7882945852824004,373326991.822484
0.4900214863748949,434480118.81911045
0.1393641285183943,514033924.6755456
-1.4644938521675617,359031905.0178392
-0.0244224029434378,591380944.0033716
-0.0199789856248539,620257773.7270817
-0.2291031815730475,534986888.9693007
-0.1273644888106457,382037500.5087364
-0.5807641105808914,710020956.0111966
-0.2562031754462837,409653629.8105506
-0.7073811199123832,499327212.874166
-0.2169531607275625,446353134.057129
-0.4966990585276918,376314138.6349194
-0.9814712080800267,610005011.4307836
-0.5391852197459985,507151733.3963183
0.5415289016249591,635511969.8621204
-0.3377663946372259,567995952.7620584
0.1609138196195871,473278397.4998913
-0.3245679294468983,491391173.3736774
-0.060913080296165,179442542.7965505
-1.075376171315833,563263679.7725792
0.323381348109869,586827206.8109831
-0.4806569810252028,891362043.2765921
-0.0971369142363665,621615308.539296
-0.0557007805668061,381119910.2910086
1.110547106397892,258968604.28998572
-0.5601862359336637,407394039.2171883
-1.5323177776177972,440584028.151223
-0.3979873103247093,793494347.102997
1.4054138823175624,278658236.9710715
0.4953108255170469,592398720.1063424
0.359176154655284,851332499.7393459
0.2458954042027158,717160200.7752085
-0.2825089411304874,354246661.93644166
-0.8977119232953505,579269090.5116795
0.6046094460260463,352976971.1522186
0.9038139533521092,615158961.6756799
-0.3103700683693222,548915810.7267094
-0.0582552738176299,453892668.2995213
-0.3253235084253197,449168495.8533654
-0.3477021560207956,570473883.0299042
0.7630507144372567,539728202.3865192
0.4859000526170771,361708985.3844916
0.326888615404597,360668686.59585136
0.3690434652696396,530883506.4342475
0.4386222534595081,741923142.9253181
-0.7155053326920728,496432041.2100947
0.161927365059006,441286972.52887976
-0.7736735314399698,715390817.1919932
0.5267850097272238,396698202.979636
0.1652679110750007,498904859.4291824
0.2792723491942399,499182206.2780377
-0.4766027182363557,260817785.9790231
0.411448671674437,527826496.1465838
-0.0994780323593778,513146763.66552615
0.7642231887924827,545470341.2857654
-0.466952949931982,508360882.293083
0.1224614733186413,586061200.4100157
-0.5257324453215295,665129455.9324504
0.0525719217709832,309701175.732456
-0.4073249924943704,480410114.5306609
1.3686481810566875,330371234.4991206
0.5802564066402407,638801902.2643112
-0.1386899274557185,584111545.2813951
-1.207072994407611,615485029.955519
0.2883236967367423,380913036.7021567
-1.2206862491847132,566246334.3395581
0.5960476041003971,637939207.2350261
-0.1621073013124549,427617466.7174101
0.5446789983188576,403737004.8167035
-0.6593330764237162,674493646.681308
-0.329273544685791,761812426.6599884
-0.8883622336417353,153952694.092695
-0.3954287446954536,336876655.3763321
-0.806123412559505,461539254.295455
0.0714586035677936,488992762.3809832
0.0365124661617893,435683292.0468127
0.2221225334880877,468114550.015924
0.8964888545014418,473981388.5614985
0.2881911183268145,591251646.4423797
0.3888041602561445,449174315.0958553
-0.6508649006415931,498223675.3030455
-0.4133100257966924,249536535.50220808
-0.5140825115184047,882217397.2783178
-0.2014815043251258,475420980.7178066
0.4847822860417135,431024938.0587068
-1.2743061776379512,280702355.3956249
0.1300023227957026,674817882.3912874
-0.2028999582299262,434788057.7851355
0.065751350670657,662540159.0141407
0.1131945969290564,339093254.5963891
0.6408694426591894,485460561.8244597
0.3500571048630959,445023649.22217655
-1.4830540373272745,408463934.74111205
0.2182705828719271,484016183.1264555
-0.4293261913971766,575122906.6198406
-0.3353559991811951,335429399.69935834
-0.3008573301783598,456189067.8212408
0.4825051832086791,559173464.1994692
0.520043756563251,722166873.046634
0.0395105732558877,429909567.2020721
-1.126875464798903,480264677.4740839
0.5467115151358829,490907330.9893267
-0.197331168286057,448010339.9182062
-0.6990635576903387,532647675.5238447
-0.1300075828670052,501361321.5795192
-0.8997858748311968,381578502.68795466
0.06912779200929,729870216.737864
-0.183314615820248,324125357.6327332
0.7117159914165667,639993255.6630073
0.1217959016271088,535414671.8800035
-0.0598453677868106,529181341.9230027
-0.2667148024281988,280541028.5510946
0.3207423159455912,289725598.6723409
-0.2536220810342637,451437511.61819744
0.6669761782559543,598062084.224624
0.0062233175901188,515489602.0809104
-1.0451009475467408,355138542.1016692
0.3723323536297161,269319648.7018792
-0.5305404481307776,336209383.0699281
1.0327918105158076,231430352.9791515
0.2379936888926958,533687892.02776366
0.08142970720929,599226021.1239134
0.1087071377602834,540247163.2002311
-0.805607741605395,491542249.2969568
-1.4359417971539217,372623598.8746178
0.2147602668418789,654641658.361261
0.4199868995669338,615093946.7081078
0.6459454791744635,465192848.8246864
0.1861493959806024,491671575.4156916
0.5299127811586832,541199037.2298006
-0.191689776837008,531214574.8696799
0.6839709530307334,721649300.7394791
-0.5115273742236129,326969551.56323475
-0.125461788183147,236502605.07772955
-0.5999205672415463,655074777.9147319
-0.5917850707526519,300605628.2268143
-0.3108252353611212,641505626.062626
0.314318517399567,751414702.3470446
-0.1374264691275678,785553202.4475807
0.3320979925601925,730620340.8632803
0.5674410536839556,664044513.5423504
0.2743752703737244,254588579.33062404
-0.5861098496829602,717227085.6916332
-0.9603553919794984,539776389.1529654
-0.5232022117754249,447988337.6467392
0.1064702387447424,714326496.838777
1.4009687713779626,563786310.5676074
0.553385877126362,471533257.6194552
0.647312450867414,633831439.9891448
0.6036175373447475,505410822.80307007
-0.2519906174548852,558144278.1838201
1.3738725789893769,81655486.89487748
-0.2139111771673019,655412324.9466995
0.4528049366583351,395802445.7262159
0.3258136073597994,419042313.5147038
0.7713167338061516,305291460.28291565
-0.436134061956148,582358451.7911067
0.0982630758206426,592181182.7078921
0.0006476706742112,437741791.3971203
0.7271097302368286,688609781.2091619
-1.6337537250950924,151420646.29444894
-0.7145008347884493,554108500.1899301
0.0444511531739251,529323294.387671
-0.5069686943696777,494591517.29262185
-0.5799481403222414,682096246.1861259
-1.309511371995488,305031593.9206923
0.2497226515176161,411310141.1697045
0.0536980678565149,954154863.3940524
0.4867762678229761,631742932.924298
-0.6824603295145425,606435103.4426111
-0.3385991456237591,188245227.0411437
0.0556508680483727,441323577.5874912
0.2088395465291713,428741000.51506734
0.5574181107351694,700324438.6103771
0.4851013277207824,411411621.5755518
-0.6512902109334792,401193440.0777689
1.65148321522536,542749697.1049728
-0.4687170361113003,483675876.7943477
-0.0517184332810198,487673649.1194427
-0.2814643800171367,545860146.0245931
-0.109812704785768,524500612.1202112
0.3552845795816123,444720964.9017956
0.5319085541059796,446548471.0197174
0.8412560480693339,273345641.71422863
-0.4510954536502974,502255527.1346339
-0.2556085273336383,467436698.4620304
-0.6948726608822198,124801038.68291888
-0.9081278903223792,577717931.6287538
-0.371255329082635,530556551.2608919
-1.5287477834109278,693622629.4272354
-0.8224782046832617,962424144.6687026
-0.2322783894176697,638079310.2826972
-1.2692272078092643,575003030.57964
-0.5284131372621562,590103102.5471447
0.6124738820484152,451879255.68010855
-0.8002978310438893,417951926.5567251
0.3803421755588037,680236684.2254351
0.4367777787688899,506728406.2672697
0.4201151022153961,472064339.0481631
-0.4507581631899,583617607.584451
-1.632584276801205,511848624.2453512
-0.1747775046186884,622676730.3112047
-0.0041736629696472,276992579.123496
-0.6761501334783967,455166601.03418726
-0.2204409775958943,517768921.4934915
-0.1517604920022834,629698635.8572974
-0.8011910964505091,581772251.2515249
0.1025282488430674,679250124.4327725
-0.6119368508043899,479557929.9808128
0.3650185797262782,565764107.3314779
-0.2756323715865149,436875104.8104916
-0.2545689868637391,153680846.70166495
-0.2087249611855661,262503927.80494043
-0.2147327277536392,505299021.1522163
-0.9773109493676014,140849786.632616
-0.0230411916414426,760823822.6658845
1.9610631950739397,619542739.9547743
1.5451517616427437,500569431.1982838
-0.096368907744649,223478290.35844463
-0.1800217523582651,629028621.4861885
0.8676221119813596,670357658.3110034
-1.2279902581614202,418260257.2584956
0.4012154726773337,461354493.4268778
-0.2432559766394884,56104433.631117634
-0.1083344747533319,266550482.37136796
-0.5605129426376287,288952567.65847373
-0.1977985472202114,580738302.5264016
0.2836943132994598,293778884.27957046
0.6276655706925628,356432566.1387559
-0.5365292030390373,727685634.9832467
-0.0877682356479029,895914172.65732
-0.3509231395638301,418016552.5288454
0.4710186212262149,455275895.3903342
-0.08651662903876,439767633.25460815
-0.5565019936751197,578142820.4268476
-0.1465012293341701,501396975.542625
0.4217666436707829,272460573.63408166
1.9809725531093283,552032552.3261795
0.4265918598891002,568799790.9794468
-0.2149619689891319,299808054.1755327
-0.6290891083597884,547388226.2235564
0.2286011848918273,566642500.2945491
0.1916110736749446,670611703.8597568
0.269794223682254,536139544.812342
-1.1978897941883426,349366539.30331403
0.3758858606516192,477652744.2912673
-0.486644050241567,627564631.1976268
1.8090767384217803,767528212.3083318
0.1409519846817592,389576046.8979634
-0.4017529562657634,442642524.6009342
-0.1411707883857991,566520568.1589842
-0.1447240052040126,432414781.83785015
-0.4927867330885679,552533717.6526691
-0.6514437473821534,546434897.9160672
0.1860190917079537,529951661.5631492
-0.1512730226363365,607099420.0807698
0.648951427686475,642408075.1937696
0.213105641240186,674526596.1437742
-0.1131140298184064,254560189.87804335
0.768591534069993,423303598.91683817
-0.3676937602012962,715097802.8119397
0.976330622388824,651411672.9092599
0.0763541244749843,771221156.7517815
-0.4123956681159149,328808265.58704275
-0.8475039447727587,825830622.8789934
-0.1253208372637519,322028289.7292597
1.0648538359023108,385335860.2166597
0.8373839588944471,468890009.85569817
0.6650586786471857,850574200.7620884
-0.5453184576802161,152383874.24733204
-0.3758165585605436,505586110.0268515
-0.6165818888629875,355753867.9733377
1.2249406389541646,488109471.685969
-0.7911282603200596,464521064.6909821
0.1449286003927412,414169903.07823646
0.8006551826739681,549271888.24106
0.3920660293904587,502305646.0419493
-1.4967306144316053,737249159.3348953
0.6304056164614613,637772417.3683574
0.275915256420049,567484490.540245
0.0443825137622656,478950876.3266335
0.3658330228956941,629344499.3662221
0.442167379551509,468469620.0948659
-1.1189336595204895,420320021.4102544
0.1624068580445782,576315193.3206607
-0.1313438598425629,524738429.427544
-0.7893029692416491,315608368.8158842
0.8245789856914507,567701670.552396
-0.5895065084659031,378410454.1220078
-0.1451154112081936,455122454.6852775
0.1742283220340197,314635850.41647345
1.190008911398016,501405190.017623
-0.0019586676071982,547276365.444847
-1.186597459793845,511252681.5389269
0.9146558691990908,920188201.4681576
-0.0512398125840565,612009336.2972051
-0.5106261573961749,336133180.476107
-0.0314771409443161,561132511.473455
-0.4442441132181525,649920864.1714885
0.183832247283037,348933065.567745
0.4894442342896747,569425596.7940565
0.9128242447366852,491124703.23831815
-0.1513119468505548,652474709.576032
0.3849706863100878,763363470.9518878
0.5835134088830602,517248449.65171546
-0.1983853627920432,525078633.9030293
0.9165246993806392,364543205.38646346
0.5427690832271957,506123474.69104666
-0.7746375671777286,473435717.0324762
0.843637466042591,578637117.1184285
1.0261573781317908,732523817.9484782
-0.045682908602705,423164772.9294022
-0.2372953081622482,659838692.5428804
-0.8513895530216442,470983024.8706589
-0.4503512654042798,516978552.204641
0.1567323227942407,631432159.0710552
-0.2455029095350173,458602335.4066221
0.3214342543383541,220021426.1946868
-1.373251610482097,466147311.62840426
-1.2713400628267435,372679343.5673245
-0.0549628649716622,501949524.4476597
-0.0607652839763965,566677107.0249517
-0.0090048244039547,391657520.9213266
0.2756144717288094,547921798.6825011
1.6296994717599869,520102661.9164998
-1.2077421043455725,518480400.9602835
-1.2153785549120106,248573253.5523185
0.4045954807062588,454732310.4190446
-1.1787447755399376,448839713.6570586
-1.0582315569016292,619912899.0228553
-0.6161002074685897,583572133.8624995
-0.0371131165174427,349410452.8649937
0.2154258300223328,805290666.9321033
0.624843385028642,475360899.0206153
0.6798783699735047,431003886.2871624
0.1469349613552588,636304906.956116
-0.4580746359056468,461415195.6997345
0.3579979504091192,360869274.5570506
0.3366663175419129,652060753.8211637
-0.2620382359126615,584869520.4755446
-0.1918198467509288,311816894.65231115
0.5103635148530548,509576990.8149753
-0.7453491826761807,700715065.5137949
1.8633930579985656,896023011.8836799
-0.1320639548796668,504227983.91212255
-0.6505614489611172,532044478.89491206
-0.3903827135514071,364859187.1011562
1.016840603007082,826714153.1823654
0.6592420580063303,869942656.7935553
-1.0654443436497525,548389317.5031368
-0.9247219588540896,745639454.661385
-0.5157672098572308,329923836.9025274
-0.5158038134359693,668571824.932333
0.3655560168182728,872880498.6544592
-1.1471469467605666,952118973.41232
-0.6860471285439154,828076333.1217997
0.1128591097420809,607145178.0386227
-0.3480024248941408,569083450.536151
0.2041934923233004,522019747.5713729
0.9379516952232718,745944579.6799127
0.1137791467776679,299086695.3465304
-0.9362168492309704,496098977.16060674
0.5676735379824064,411472861.42541087
1.1112264836934027,627235224.4234805
0.1827997017891252,439784157.9154933
-0.4556245577733718,577555071.2712976
0.1619368723438545,405551103.0417967
-0.0543107238999508,448800280.8837898
0.4627989826225763,506335189.4729855
-1.8292811852270288,174470698.28657374
-0.0976538291879716,741250294.8610055
0.6373157498857392,406422580.8673679
-0.6033852729560785,821443374.2477127
-1.0772304529371262,511259702.5442822
-0.1018908928397928,319585640.8075653
-0.6098329596587554,516753319.6307435
-0.7534661500285685,451244654.3047413
0.4110114794121564,328490368.4169438
-0.5217964153165959,530581167.23595136
0.0533721723677737,523667898.16508895
-0.0662845855583263,414077111.2264697
-0.7159025054986184,545753426.7544712
-0.0589900980295608,668706076.5844094
-0.5748955161406748,468271174.8429013
-0.7291286776879708,527984623.116816
0.026492468267997,416789566.1805416
0.6189565253533496,417384677.3664631
-0.5840813858912817,474177107.4565306
0.0881314375132153,667561114.9141167
-0.8791485449884302,453689041.1231501
-0.7844502173201351,899861205.6761205
0.1858486193228724,754007744.8371989
0.3895372589002628,383082159.8254104
1.0618401443563652,382707255.0340881
-0.2224142344510323,516349546.3798225
-0.5823040644614266,270244029.27306783
0.164615405175226,519617643.3213269
-0.4790592683032194,294814126.8430269
0.2406193688275886,235910239.54679224
-0.0529108380179406,652705521.733036
0.1359132554988955,369703157.9240714
-0.8710264463530639,339091220.17909896
-1.318278121200352,483652089.0021372
0.4433704448746707,268243278.4497226
0.6548167358962346,517791473.6454204
-0.3076718659372246,181306899.55056643
0.7741501766032939,806655823.9337251
0.7841291150531348,504120616.1174528
0.7628246809147693,450235997.5020461
-0.2353939368271495,320382105.9133611
-1.6946321479312818,636973680.3380849
-0.5750259733205917,583015096.0757444
-0.7865623141437827,77839432.92232803
-1.1468916992596332,673209334.338306
0.8769645832010312,589258134.8166931
-0.801163359749764,383764611.2735796
-0.4932232627474978,547554703.8780359
0.1376806748937859,466264728.60380566
0.2190786410186049,621310185.8116589
0.6021382536349926,416316334.2786158
-1.663230397151597,530615933.7482848
0.800908133710363,132381846.61868247
-0.3377396478176937,368680144.7069625
-0.4938114734969127,506230726.16664827
-0.3357800897960663,501153120.8517038
0.3524771628505903,489751296.50971097
-0.3572344685434256,366861189.8858382
0.858068551666508,564239263.3993933
-0.0310109674498964,432843944.0785906
0.1393764206472549,353937133.8222181
0.7110467995484795,763942867.4971727
0.7379889431785834,749760721.2046461
-0.891396366165465,588878830.244548
0.9832068972996136,303725681.4698484
-0.0815863626504864,309101093.45848304
-0.8260384999663439,26376526.12356518
-0.4266920884844674,779250784.0288799
0.6187593087710378,240925955.03655183
0.3376494932507525,359689768.57348835
-0.6149335268778463,500801887.4913689
-0.736348760591688,549941148.4433825
-0.2462502151609111,294407865.34785527
0.0918067340680782,539014970.269578
0.6363449153739539,208981563.54210544
0.2212975270430296,545191135.2829002
-0.04040244508018,188297921.54586372
0.1035370026861854,582244048.1092126
-0.6547823539098515,625665308.5958408
-0.2282246542075938,552878340.3668448
-0.2049881559303981,407105695.7294033
-0.0072300743847249,585439115.0681809
-0.1081587748904097,671446103.1527418
0.0274795453147342,449193288.0218724
0.1984718525221349,417045227.6063596
-0.378333242655623,456872754.5093976
0.874671385152414,392591996.1672379
-0.4127706184996823,419533155.691506
1.1793008783953367,658464772.3791386
0.8107729323281359,525989313.0473473
-0.3383520658456804,653971974.604102
0.3132286923902412,466038733.0385422
0.6348199477906991,380416909.6183725
0.5202851991920355,560069560.2336167
-1.4247748882382925,359812575.4675597
0.233994958860646,414309611.09289193
-0.075307411198112,333025500.270168
0.1304474970456412,457193924.637989
-0.046201308407515,659639872.5988147
-0.35889835216858,505006760.9921883
0.1777008042669909,409515446.7918415
-0.2246852873814148,373926147.3643716
1.0171859968167174,565168081.552299
0.0200393702894471,591281906.9597925
0.7106721156070234,428037529.78456485
-0.1132505064451133,671985854.033324
-1.935542868337393,999662932.540967
0.0529591409711713,534491330.390377
0.7913795469707674,453433675.710847
0.7696621612996953,338368203.3344856
-0.3385685392271909,191539942.13572225
0.194659501051285,602069829.4451054
-0.0144392900889812,609018343.1754208
1.1205031134003014,554357992.2366127
0.2117085641985339,554178289.6115927
-0.1477625998396445,558892430.591304
-0.2230518132134155,502165682.3461331
0.1853863561392144,539333969.2660012
0.1518520132162337,279742195.6309744
-0.2075652715668399,393700026.81096506
-0.6588927194038394,482796733.74575865
0.6716652870242642,302050100.53812754
-0.0217854618692512,404630817.6278697
0.1094255157284666,586355332.0630697
1.9773704654588296,939020057.3342632
-1.5518272268097588,872175100.976416
-0.7609768565389666,430561388.2488256
0.3818572314355744,647138447.2316357
-0.5714146514333338,607251884.8531618
-0.3463416377957443,467617002.4317333
0.5678358334592739,766667846.6235769
0.0290563705429258,831489180.3953475
-0.1616640830291,537427047.7704668
-0.0354053605128905,585705338.9882418
-0.3028611784024777,508731386.7730858
0.386588893601114,387374382.4192485
-0.6483542996575768,550360747.3012182
-0.1194122241856858,601784015.5296859
-0.3873720337499438,364093706.6148912
0.5641837247927032,281657967.2259303
-0.1110022182335733,693580181.8683833
-1.519731497992262,524199385.4620092
-0.8183646714109993,318694265.87678087
-0.0088626925355488,706605243.2635459
-0.164989015381787,449801186.6500984
0.6778947298878505,650849067.3719131
-0.6161730023927,648939402.3985399
0.1941194395434064,563640054.2084762
-0.4900760264764332,618376841.8060954
-0.3453193728345285,279376092.3390703
-0.3051374340722339,676974644.9661828
0.0405762226453328,408131517.6058058
0.2273183011060362,522870223.23791337
-1.232526037008375,570539580.2339793
-0.1594525401743644,518472183.8683252
0.1939426822263708,479163383.5704901
0.2351549192278681,591739845.41711
-1.938837803231729,684047618.7698784
0.1125460420676505,400687067.263693
-0.0065122339942419,585739852.8897759
-1.489902961726512,734227209.7027469
0.300092503768867,457472222.7503125
-0.3739314815942336,330672612.79641265
0.8849546448672144,472082358.7231224
0.5796624842374951,655442323.8020515
0.1968208930450912,647180930.8470936
0.5100687768138292,706837427.1611047
-0.1723439680301988,411357640.2023723
0.4449626785691574,539996216.2433527
-0.4912232559442752,544133068.3511717
-0.669769288824711,339493978.64461446
-0.2861530369360605,448886593.0828941
0.3060627829449976,394561392.5528269
0.0017489277089097,612231855.0936009
0.1297625251708521,562521268.6108564
-0.2525432913655442,620209034.738051
0.5431384343390813,453827266.36917
-0.138788429058386,481165733.3174084
0.3978262634826819,412045622.2494278
-0.49422297932295,516459120.1389912
0.7330189441074987,415358604.4930293
0.3260682508502435,472435238.7101178
0.1294801951323786,490093655.15859306
-0.4220177062532627,472253748.1622548
-1.329546057113001,535131414.2582099
0.3492196665863891,60185213.22610885
-0.1476038250814305,449942289.5181125
-0.3610591465117979,422885115.0716597
-0.2350100114553237,580571262.5528833
0.4432172195146101,884427730.1061945
-0.2414579684084509,503297937.2211908
0.3107831990843978,391962233.8604833
-0.2808237477876716,476924380.93222415
0.9077045054966248,746204589.3962605
1.7298997620196164,473865166.1292585
0.5945085672092361,500639200.1928991
0.0507858783653384,244303763.3738667
-0.7499434940243274,622346939.8200893
0.2364216368413499,481159553.57222223
-0.6231431292263783,371778314.0708625
0.3735280383039857,712021935.2076818
1.024512277662705,209968726.86605185
1.1271970417171455,976550980.5808232
-0.1977306972173747,579167413.4076627
0.6348054655525837,718379323.3517549
-1.2605918074356175,201774385.3590656
-0.1561707496347565,528761579.3562562
-0.4096317738499307,536754597.63001424
-0.2365103762166984,435672513.0175022
1.1481767180224576,245111293.6503727
0.0255069771263999,604309306.1437829
-1.728797737063322,448494346.2602919
0.618689561374238,548708397.3658893
0.9653655992731712,406588896.5443576
-0.0551905573655988,632890722.143016
-0.6611814518843544,460553342.7868003
0.3796573501753539,508083725.02435046
-0.3895468349995366,472121787.0845344
-1.7890402433705308,910384475.6951448
-0.8443357437653018,223473811.6905191
-0.3594986171360793,567197778.9064233
0.8408165264608934,458907613.499292
0.4229807020504128,833630777.3316157
-0.4979769727620047,314744499.27364993
1.247733930099302,623788594.5407504
-0.2096096688215802,548019779.9773133
0.2919438024999023,517470770.6077727
-0.0814175647950568,517398352.7310672
0.1219761123036327,403420137.6265021
1.0993917315164867,251297574.2624434
-0.4410523964077677,584329064.1978117
0.5063207890703693,433383000.9381263
0.280865514772704,546314426.466057
0.1614824479087652,222183065.3636844
-0.5005765478411354,599133685.1649247
-0.9757616741737544,208180229.43448144
0.8262574947869343,526797335.3960544
0.039118662362462,845258833.132646
0.1426329616092667,484795839.1639234
0.6143247133696721,118941528.45625935
-0.0587831324353665,810109095.4942029
-0.7663226340782284,391053616.9612059
-0.6054980708799707,516781249.6149882
-0.5567194445422802,551784441.4777229
-0.6596292604167384,582484456.4091055
-0.1802202189797465,542119448.2984267
-0.2802736899952028,397063593.17735744
1.0749198720427806,645222949.848592
-0.415617390250157,684185099.8700507
-0.4741368842301473,804829633.7135702
0.0930736241700946,582633808.3396074
0.0573200451838563,539850627.4475411
0.2271884640374124,482131779.6959465
0.8036391614458522,440749792.22791326
-0.0128671371862446,293269958.3130238
-0.6616835420396522,370351136.1487733
-0.1917192066022975,460356879.2909888
0.9742794130015484,369568580.09077793
-0.4375419847690289,535521471.51154536
-0.5105337850493505,539955857.532195
0.9063826979830092,344025184.4411004
0.5253493708713044,602088203.3740152
-0.1756729394207637,604117662.568756
0.4532335891541702,233893399.73034623
-0.8621931946369071,639402629.7221985
0.2759051421190012,639504681.0837018
-0.5919069268734852,622902164.3682951
-0.7884980372177083,558107109.6584332
-0.6946817559128456,475035523.28557205
-0.2907806693063969,473230067.9335791
-0.6779530088840705,482721468.198042
-0.8947339046776491,603158681.3237388
1.0218166976278835,177052831.89931512
-0.044809037248875,464477881.60022783
0.5274514967783597,794168074.1197088
-0.0816387034301605,657848188.6293129
-0.9588818022250976,570600624.3655074
-0.3072065101256394,609309712.362815
0.4367505149037237,554886046.4564086
-0.2396354041780455,643747713.5567061
0.3494844468412654,614811210.0837144
0.1377634856892716,521656804.57199246
-0.5420470745450081,680163655.6878294
-0.2335224368798284,549785775.7097615
-1.1207456498774069,992741751.9597932
0.5555355500822221,415263812.5899416
0.8094815173163331,243141987.4129397
0.3329278531047607,595889331.7679808
-0.383823804634918,617504684.2276378
0.695166871519632,780250407.3428249
0.8710325921890502,298463769.5082793
0.0705724766953045,596629557.9135303
-0.972270066290967,818810509.5675596
0.0568785556235984,519015107.0966423
0.4343287637208803,692891407.8134316
0.7592255318438007,420711356.5315157
-0.6196732439590494,412838071.9873125
0.6092913206572288,539016026.8478756
-0.3571396742594146,673487764.6012131
0.6248388684146406,475448237.2374078
-0.0423803724573393,461358302.26475686
-0.7135108723075918,670532932.1371975
0.1614629137473442,532847466.2615726
-1.2272256878885026,528057949.3378196
-0.1522589718470475,440229174.05428135
-0.3001885753920329,299195085.5649718
-0.8583133804814024,619789149.5445633
0.1876736052228138,646414446.9338697
0.2244406288985853,553202649.4253124
-0.6109913406405969,177728891.2112601
-0.9828322859018424,432255907.8866967
0.338545282945221,526295248.7776852
0.0480480605462842,640894216.522527
-0.1510013806108131,452124442.335035
0.6462928982795798,479626092.0896524
0.4157413073431488,526214930.9691741
-0.3588833647249824,619663482.1074132
-1.5769650993710325,311420551.55757457
0.3350436013824948,594802360.9700832
-0.8000300844124735,297282892.7170365
0.1910669865406432,303180979.5060875
-0.1274898304419004,472619239.1117766
0.1776596736376175,532221325.66597193
-0.9118682111564254,768751498.7643493
-0.1268589595347266,724105482.3609195
-0.943928595005104,636707840.5254198
0.3874058886764611,509967978.3447636
0.5068301738997109,568254296.9356637
-0.7340565982120746,704722783.4119217
-0.3551275575881452,249964685.31206697
-0.434892366008671,403745176.4224688
0.0548044572096688,506131838.73341584
-0.5825564977028389,709390967.9895974
-0.0587394192109932,601206081.8797176
0.905768318008466,699255390.6176354
-0.292008857561272,370232501.0585962
-0.3369332870180107,411108553.7536853
-0.3467979414789202,302748618.951549
0.6150746522553876,575340603.4331785
-0.0336174635401903,610290773.6753519
0.2374312115616833,598374592.105057
0.3258057629361442,494468000.8095242
-0.2086701143968551,547340639.5856287
0.2297223047660204,527721115.6957036
0.5349459411155857,705907744.6202543
0.9580004124983968,254585123.4201375
-1.9357439796514455,558811537.9709849
-0.3035158549437042,606296726.5402634
-0.7896192615862713,436666426.6356562
1.0499933938102963,708577721.9564289
0.3598632119201995,648569612.3910506
-0.4132666328551463,522569683.73657817
-0.2171400604542789,185892530.90698016
0.114398492971929,523017113.4955608
-0.1194848550784408,457942600.06041694
-0.6573781948051244,508931341.6557846
0.2035894423678593,281771734.8529406
-0.4316621598040104,775272547.8272792
0.361437838463088,733989275.239709
-0.3839285669677999,288489285.16922
-0.6010155695955439,184513791.45721507
0.3400036078114373,415637513.49122137
-1.3356153850693646,353673488.9242774
-0.8471992032288602,670048814.2130793
0.0839654279014884,344315017.3318411
0.7585088657508925,567006848.719182
-0.7307313611976797,352978899.97018814
0.4894919419353034,408741616.3817845
0.4286611450580718,671330108.5937613
0.1876361339558281,575542708.6627474
-0.2315772495670599,576639332.473732
-0.2530648619597981,392709681.018093
0.3011472839527599,607718723.8052884
0.2945774133100481,630772359.038914
0.2681993696930429,231848369.48574
0.161795104358085,459253863.2976638
-0.5433263073124008,500236758.9940833
0.4771047241457847,490602399.4281728
-0.7284095293254635,755120203.8970839
1.3169518111925695,781514540.3495771
-0.1213471397832858,760442933.7604828
-0.5776008331802397,391797482.52269626
-0.327732063410442,482284310.8750509
-0.4606041340979199,503730580.4077765
-0.747600391265723,346986350.5338426
-0.4734357520179865,415231022.3397391
-0.5790869384186846,501261171.6681881
-0.3863119597341404,404218472.50448304
1.3534008885512545,645243030.8942437
-0.1984721253819459,517679591.1207209
-1.0000328648114294,565343921.7624599
0.312919449940324,587610073.8959688
-0.274026418318173,359847731.5996577
1.179809459628541,709153218.2754873
-0.8845774248131633,369001951.9389354
-0.008940259896386,409709128.7217813
-0.2517019257435333,440283621.88442
-0.1005657221866788,430646025.27901393
-1.7866907498696265,254890540.4831056
0.7061518151392534,451448592.2346355
-0.7110871049865233,611277656.8020496
0.1367793067930058,508756606.1143792
-0.4822240574781152,460465406.35610914
-0.6112722086491024,593498134.5141314
0.2666856864815675,402309944.6014178
-0.0632001670006123,537153612.3334723
0.2780192808341836,283559386.7791641
1.1389116197875833,469268952.5609851
-0.8334554345196898,475049982.64648336
-1.046462650597506,238383144.1060649
-0.6350980790072589,659448007.5913205
-0.3580841377352426,537800801.764043
0.0182756816819696,594801373.4911658
-1.1331039864987056,313096788.9969502
-0.6884888887509599,510861025.21176255
0.294604842474264,674040515.6879051
0.4715498863515721,952051069.4427096
-0.9810668308864152,581498019.3837684
0.9277577502035664,260743790.24501204
0.3214243634748646,764462348.7489697
1.3346025117196654,339809414.687159
-0.1411075230307224,250869484.22838387
-0.1747026430178234,571134536.0249885
-0.5834355671373734,436127142.2681164
1.2322333642981247,645718838.6209803
-0.3134595491654742,296751269.2130288
0.7879604351347557,488786663.544971
0.0349743386008153,762395918.4094213
0.3565624408052968,778676252.5685939
-0.2760041976088054,490911690.3825496
0.3251565779455703,813329999.8581418
-0.2824034389690724,683331736.9163173
0.6209194544859922,366719522.28266346
-0.1106775373115927,360074030.90141225
0.8221216264735074,992598133.8923428
-0.118672156180109,592703285.8753306
0.8867967884058273,473243096.6524921
-0.0126435745224897,71699992.2204871
0.7518166149377074,381181468.02336544
0.0907078986343863,343010202.5876167
-0.6899131758891183,521623680.39977175
-0.194829196055884,491278944.79041785
-0.5809658148387828,589017633.7438096
-0.2170176892500208,675335184.0380228
-0.0774711985703251,672713250.1846541
0.2293765372797979,460033574.08714336
-0.2088318786172383,499022842.8362783
1.306611211072633,678071275.63619
-0.8513442652044869,78165251.35522194
0.5044525835428839,687304918.0783201
1.5003212338860945,127416284.19813244
-0.4628625726974775,375854329.79960674
-0.180681633714453,551711793.1423378
0.8272549985033761,595812833.4296632
0.3681556403244899,690537032.6238006
0.9051050138103872,67744959.83265646
-0.2150887016205998,574067849.5439138
0.1970692842435371,545051242.2072111
-0.199449641063617,563923363.3909034
0.4889552722349591,804210562.4040257
-0.8041681945320353,543343453.380858
-0.1953356091906926,666060456.8596057
-0.4448769650545862,494137186.4988634
-0.8974857777390094,436766878.2672629
1.0430233248934315,417262419.2384188
0.338856002562122,420712513.97573024
-0.8092175185997664,483266805.3692455
-0.5133150275636374,743839279.0325857
-0.6675908113065026,166913424.90477353
-0.5725033512363096,599338335.7454195
-0.977390158778896,661542234.5763
0.7380286064052402,407541738.3111768
1.0076843059012346,352284644.25846326
-0.5859299001214977,375740254.0063538
0.9775374981404548,545789303.7910987
-0.5966496516210356,357459830.8725616
-0.0351683813119906,461433033.6890898
-0.0364121862227295,375038926.483096
0.2989968204582929,276130631.585261
-0.9820791680838172,355895641.59042394
0.8831345356119767,340774638.4254648
-0.3851530199972097,192230193.3795028
-0.0894986678383301,713403008.123825
-1.0642654554049116,600345001.9550503
0.5448503325790772,522366451.0748629
-0.2451251348226681,533016757.4721257
-0.028490571103703,580872470.658299
-0.2826346671748441,635641198.1386685
-0.3165255975161747,528349311.4288041
-0.2110997005388583,407455432.98768216
1.4075792176848092,340578625.4019797
-0.582417167884556,22113504.944733888
1.5165816952140805,728324356.0641489
-0.4954391611307467,716763408.60371
-0.9820312576414224,906452564.833939
0.7458585786211501,613851650.6173733
-0.1651401120600766,147882078.3960915
-0.3021102242787111,444760737.4060868
-0.7488071387356625,293497126.7055533
0.668486669131711,546230672.8866612
-0.5255884006222056,592289433.0548635
-0.7592137825601952,508556010.15366566
0.5695168581018485,683602932.1402817
0.3066879682926292,603352741.192235
1.40793675592006,386667781.2244693
-1.0170355437452798,604457541.5093246
-0.1471450601403123,410334639.7841778
0.9095612698716136,558888455.8167177
-0.1771600212132487,278022002.91962224
-1.0986566499164605,311937326.7772176
0.4787038083089964,457380196.35043305
0.5084840745846395,491953951.1210124
-0.3452874947481869,511781630.3929284
-0.2075131814117698,563954756.0715069
0.7116420131029194,626489222.6245799
1.0439781993540254,584832866.2759038
-0.2948907962247032,439954000.7963511
0.6679610342031542,474062108.00213057
0.2911010967091615,422571962.3441692
-0.3726420424842052,477871159.3695186
-0.2715581028271981,161516139.36875463
-1.1625205420398372,971310165.2067592
-0.1188468803952423,310373522.2334976
-0.535246692724481,468512454.3525299
-0.9305249527160356,779853314.8698934
-0.1572335239771677,578743236.7595093
-0.085847853761471,578887299.2225484
-0.0699314550145798,417399007.5553722
-0.4756945939041936,705348100.5233804
-0.4996733956296027,359996522.1677116
0.1849529866382374,711501495.354325
0.7263985665233264,726782194.2658783
-1.4218869405812402,554591211.7306393
0.620814194247362,728968898.8410829
-0.2670707006960874,498729549.7824879
0.7707023066124618,438680068.4125854
0.0579044195645759,443033392.5703581
0.6575627651354252,916318150.3440512
-1.0218102149263877,542173333.7580059
0.9697115274796227,488314295.0912471
-1.4373894137034944,708942117.1543227
0.7289315899056521,445088776.0974864
-0.3011160853633705,517200082.14712864
-0.1969938819344922,374514027.5511749
0.5447630957582807,643510672.865433
-0.7441120529631412,625095809.6439137
0.2202519320071778,873000421.6613678
-0.1240512989085882,545445645.3833213
-0.2368704624444781,147161272.0387044
-0.3430926433169491,259272608.81137535
0.4049058001415857,170462277.80680427
-0.4139076833715477,607186850.1827872
-0.2013602722121557,264503341.19706383
-1.3664996993580063,920506697.8929012
-0.0133860458812042,496132317.5209062
-0.7463259568308602,558319289.6219461
-0.6362949853843317,351023915.67569894
0.2237416003938274,354416071.74501365
-0.115470609290742,455279010.3980911
0.4306600642489429,680430711.479766
0.5667687867003715,318400299.4346942
0.3671468256685255,256261465.87747872
-0.5746609964519629,444996112.36155605
-0.8981623183517093,663677994.9964293
-0.5533683705014651,444666748.0761675
-0.5141035905670125,638926193.7467643
0.2604999653401075,326362122.42824644
-0.5790067084017385,606911627.7513269
-0.5640076331834082,482494339.90590745
-0.1913829390101155,465225105.43325466
-0.06078343007924,387043400.308434
0.4204404968921552,667205139.6383004
0.850361679976093,144433385.51765457
1.3739332391180072,496416297.5680969
0.6614671140032348,373926732.6798776
-1.6312719914624694,609538165.011333
0.9236297454086616,390266384.901718
0.4138717570736784,447947938.9872507
-0.8660488545972428,377725983.4785245
-0.4190373207112364,680569321.4370005
0.241291255338155,426834297.7485402
-1.245644535590999,449704531.9049168
0.76313103880509,485430410.6930666
-0.741831520628213,734407814.803464
1.4934995728656382,462268233.8864335
0.7427079005904869,496564070.05145264
-0.0771057222129039,281810512.6436822
-1.0793907993288463,401490798.8520647
1.6872004099851723,40473474.00708405
1.168086602056774,406299624.19953394
-0.2242902689454373,399143774.43981606
0.0971269382960945,404571003.0088356
0.3240658556672937,542982095.1642588
-0.7598287728649917,655306773.441012
0.5090602424592333,584957535.1040554
0.3474846749921164,482439703.49508953
-0.0088903825840733,372478923.3256241
1.0095685385003808,465455458.5175936
0.1044647758437224,375240175.2885286
-0.0469147738322795,489668173.1311184
-0.0325253005518599,537962019.0177263
0.7120603625515451,663649476.2442002
0.1489191110408757,611356105.276875
-0.565602535180919,573436128.5680814
-0.0585246121537377,401124560.4372671
0.1094328710555335,504592943.9886657
0.2696181858957516,357519666.0375034
0.05308962497222,540438674.7905433
0.0031719836284418,438931354.2458314
0.978815772012092,618075849.732909
0.0334881947057883,811571548.5946671
-0.0848401435738469,514778446.2023972
-0.4748820945871544,519040482.5099478
-0.3429865579448887,717115256.3816601
-0.3813572469738173,561516945.6976091
-0.2746431271310944,431056414.0976625
-0.3716005937081976,542808188.4494519
0.65031371232124,581302726.9006912
0.1696118711854272,849838181.6841508
-0.8690533051164884,858814402.01296
0.2263816958729561,480849341.5580939
-0.0108512925336779,428052103.192594
-0.2121524352660402,440825466.54499775
0.1503747026689511,540545564.224838
0.8330695488921527,316667532.15273064
-1.1310182296558398,386244022.2096824
0.4712797517840628,379580506.7278805
0.2078087231764558,562136678.6922339
-0.0867670509050828,652649394.4629045
1.314959576324641,340322089.9718381
-0.5159004577156316,615728514.1442468
0.3469127594309391,556535812.3846312
0.916803611967122,600830916.0237814
1.5128645249715698,690965510.8090515
0.0900669538696495,500437933.708178
0.6721522610135352,427126994.105876
0.4863531821055772,435794388.0958915
0.1508697317954218,419692706.3107229
-0.7884639402244704,479182160.5502533
1.0988088150650788,638665492.4637146
0.1103470247214872,425062343.7389887
-0.5805891607440997,548272509.049416
-0.5423090836167547,401415326.20817983
-0.6329993602375881,328041194.9854462
0.1126066406108941,687690256.0773762
-0.5156305872814048,484804266.6233541
-0.9247584260124768,376622817.8709156
-1.0545640893572013,426920409.8428157
-0.9163232303504664,203689072.44620696
0.2723392655661098,549855131.957653
0.8500219769175527,618952365.2899982
0.365561393150537,497941221.1890224
0.2145091628834086,404998762.2920337
-1.242966809139615,560777403.6859887
0.6751168849624551,585952540.0950068
-0.280176910432803,530278008.14930505
-0.7115008704164673,792800840.5345017
-0.295086207853058,498940122.6926132
-0.2352630434220656,567812900.4111706
0.4299820794088884,812164189.6084516
0.1803509359764025,580870114.9917603
-0.2761908784282512,852747561.9503179
0.5191449170121252,568902394.7958512
-0.2588147347128233,446597524.4578622
-1.441151076492558,533384716.1093233
-0.3112197517162361,659877687.0428927
-0.1205217858977051,561872487.468836
0.3288762416036466,583154847.1470939
0.301167815592979,577886024.9760834
0.3506213188925459,608056197.4087468
1.4789379830197622,646549871.9441024
-1.0652893959712726,262098126.6164704
-0.0257546387988965,474183884.3624003
-0.0700224295087875,407591028.4515876
-1.0332226630770265,476645281.4168727
-0.2963787922295613,908478750.3203968
0.7611246018937141,511663110.4086016
-0.1467145496647359,570850928.4350278
-0.525769983841964,398312605.4369517
-0.3864830287999898,185970476.47849
-0.43898264184015,551610400.3784813
-0.85115198503965,341266058.15170044
0.5893814018773276,330267125.8476308
-1.4759391277206104,245232611.04508737
1.0006743813792571,589212171.3855484
0.118425026898703,712631616.7171038
0.5961066138001585,561561945.6731974
-0.6809720836794613,497351500.7045261
-0.1808537322194715,557135219.3637031
-0.1854952008264909,108549787.60004716
0.0360876575965271,572540873.5788279
-0.3206662348604577,418149240.4531178
-0.633937230368005,489766339.0405138
0.5649553051216658,707626920.1806955
-0.5499860314515276,168423640.13781503
0.1880673000053324,550646991.8500037
0.1642663843677987,350532274.4798611
-0.3357375942843014,567472158.0172747
1.1162093598283458,384499932.82898617
0.0485497487314078,379669433.5071285
-0.838275781299752,576258260.5182592
1.1205810451155491,528948823.93148696
0.0498692773284496,835698726.638205
-0.1929782165929306,502727146.6488016
1.0221977507928643,829491830.6785908
1.1923980934220513,960009870.1401004
-0.6590002167280061,466804210.5937794
0.1617162337906779,476818220.9190532
-0.8226623458979357,458081101.6159903
-0.0629241702535944,263314391.37901703
0.47147374201489,647679265.0924634
1.0800585312634057,481876065.8742302
-0.1387729490223879,401180317.05546
0.1140299320264119,546854058.8698041
0.0165533256866891,553511554.7969948
0.9134526441911266,731879314.3086506
-0.7885137567571062,336234570.4954168
0.3206342288342231,788853178.8358597
0.3658731190720502,614129543.8548539
1.383739396261223,311544551.8757572
-0.3141696587925932,530701543.966736
0.7238399584201523,482706443.1336922
0.0497921562346083,572968114.9848975
-0.1771899582211646,628993661.6241932
-0.4819576877295938,675371101.6972362
0.1948056569928196,364475796.4744546
-0.2667457903453834,452439398.975218
-1.291646367085887,591924793.8771782
-0.3795658289623885,556609648.5008323
-0.3226152344315568,473041148.2178362
-0.7055288628833826,389503867.0404
0.1233054487810358,396648203.9328819
0.3617812864218457,461367530.13922846
-0.7504063747262881,492934139.5013597
-0.1913726855228577,507917097.8072617
1.380832167658173,110557547.24631672
-0.6165121289487049,594519372.8492604
-0.3243184979727514,632721409.1123589
0.2109586020895706,448039338.1655196
-0.391629929752269,435535353.6736853
-0.3540445204423091,430460387.3881745
0.4553881382418894,450032437.8048747
0.1762654631277331,633608324.4736608
-1.4512670706457578,569401780.584611
-0.0387180699410086,589035630.7538551
-0.055760847153425,624919092.0510547
-1.0037773084516737,491500829.6257291
0.6091465046189448,535072365.3722609
0.3907021643967606,824043709.717104
1.2951639131813892,623365568.0997989
0.729477264560316,616851437.1055752
0.3413303595204813,421748363.8550576
-0.3575881631079342,413000100.4228493
-0.5810943746977221,201905449.8608406
0.7490587874644974,590091731.4904352
-0.3294813968281396,652291943.2951884
-0.0702644707333099,474205199.5573717
-0.2062847492746164,629906222.4610921
0.6791189647749485,478598879.93331146
0.9733600499556966,567862605.4668651
0.1539995677760062,476638929.57941103
0.3927374065132318,646996485.2847662
-0.494684362687168,536590292.7618272
0.7642132188301716,580275757.6524694
-0.3180218448003468,605815216.5509067
-0.2717644389074049,385566178.9918097
0.2131272906377749,429982351.75933975
-0.638275479260225,651054228.1349239
0.4260436398506385,703517658.7316
0.1510299146743724,684459815.3029284
0.0713826280305267,464516322.3451397
-0.5265985909382865,256053343.6464111
-0.1823033023155945,341257171.4161283
-0.1596218525668077,582294756.5304087
-0.5172632620632075,472089559.76627445
-0.1884451947292425,451330735.3377764
-0.3441980353341126,383150565.44762486
0.5167377366178995,522612609.4756572
-0.6074374674540509,455930351.894412
-0.1571746362843349,469624832.8711326
0.0046747398268659,585011949.6108853
-0.0332006776660369,373533839.3560327
-0.6656698364698207,516671960.3906565
0.0218615023628332,456561490.64712346
-0.2773865563819715,387075148.30187815
0.1223275584266837,388834997.26765865
1.4751576968601274,529642779.1558543
-0.9500790921213912,673051655.717745
0.7856973443196048,361758344.5708671
-1.0678023264909722,458848625.4332769
-0.5730283649609786,903927189.7297924
0.0597239913809202,409900779.971679
-0.6189316344304093,907333137.9435664
-1.246631647238131,906041667.7839204
0.4682980254490508,344016678.1360274
-0.1724134305686452,485387750.9287028
-1.0373075774158027,629012428.666762
0.4924634935271598,418541176.8089826
0.6190823075982113,448502662.7510056
-0.1919000054757963,205721049.89730167
-0.1239145305594148,455354450.7029513
-0.0864470773069723,495459127.5880882
0.3106914569084201,203598638.4583702
-1.6709499718521728,545274458.6523457
0.1272515939642151,655481101.2288778
0.0288259933802949,587932292.0376829
1.0330926235788676,609560279.4502228
0.7633429634854714,559864570.0116408
-0.1753675145051915,501992492.5260442
-0.6376341784690974,698550776.5214045
1.7592072381435255,732024101.5439056
-0.9524531686931116,509881523.5529096
-0.1095631601154644,463941921.14614624
-0.6946230386381146,679643996.8189558
-0.0042291994726661,453679437.7768017
-1.3334979796399042,939093038.527262
-0.1041709095981902,570746411.5764352
0.4635679909475333,419695444.639106
0.8446487146270354,552203853.8567406
-1.330906477188793,484595503.1801024
-0.1954538221588855,686487118.3965548
0.6573231280253157,496600999.6409572
0.4616404150735411,535254534.2739546
0.6949627023669036,982356873.0137292
0.2902478315824675,394259404.8065173
-0.3912906441368092,438210882.2074812
-0.4719557298980368,381368675.02913874
-0.7086100967043769,362380714.7585724
0.0349966154908865,515278825.54749554
-0.4578799374135265,687361000.2598395
0.9421819207854076,641588151.968981
0.053212112764536,714444704.2581847
-1.007774552851037,674288556.2549844
-0.3443631666807085,410603992.0020342
0.2562677465834379,538877300.7654259
0.7433656440880784,598678145.1032982
0.0565540218663973,444885588.1140753
-0.1988357111438705,347164860.53683925
0.2981848143804358,521701032.0400674
0.0784567928030613,435393935.7117734
-1.255075637595638,230136291.1722043
0.0852395610293886,615519350.2214652
-0.4512124887937815,474852812.52781135
0.99434547868074,646209301.0583144
-0.1946901232294111,139579848.07484728
-0.7405345578290351,438666619.5554474
0.6824312065664166,779206170.3051718
0.7985687186211606,630601411.0415884
1.1587200293312052,639298978.7694075
-0.4225868912882731,647186800.1270473
-0.7636514994184087,867445755.2856772
0.073792126142571,203264400.32472265
-0.68718147445733,404013977.5917651
0.2870027431811925,386961707.5283661
0.5653489394896414,580411761.4263008
0.3576127957711421,295346512.3205539
-0.6899233173808936,485590470.33417046
-0.4772210344975335,611353349.2423081
-0.5184128342035255,656374326.9730542
0.3751161592952418,272705271.45550454
0.6374442628026018,569104329.3182874
-0.3798716856362395,483975313.7607027
-0.8588799859154094,818165422.5529476
0.6955577680775995,382896244.9534996
0.211359576324882,172322096.24170917
-0.6725292664827277,539879815.8398416
1.2931792994508498,843383060.4725983
0.4262199103223829,589766112.6922429
0.2740334494286978,556315280.2051656
0.3293970599988123,547287704.5868092
0.4679783797094181,360759512.68736255
-1.2463495739007182,494535891.7615511
-0.5950495626379557,523020036.1181327
-0.2491673776974825,240480713.32293972
0.728216172858648,253513826.86735284
0.0375311438388993,273593096.0946724
-0.4480127899495003,501217128.6634431
0.6250007017774496,199291470.34112453
-0.4995968679596686,506520107.392264
0.4178019673755391,561925800.3591485
-0.0651073915661627,79995232.75795414
0.4282971118920846,525396631.4576504
0.2567477751097191,603311007.8872992
-0.9648132533828646,457494482.82703966
0.3800078114531404,381312490.5828524
0.8800822102200048,483916305.9458081
-0.899523525797465,459263023.3480686
0.1445125417272753,584250647.7086942
-0.4536989449826134,440183849.38419294
-0.4066512735680409,675067262.7724913
1.2191749250183668,599185464.850561
-0.6260267508940658,312029826.85646486
-0.04986358834638,231708917.37012836
0.0213440852969449,482867857.1883423
-1.016551173266527,897762868.5492772
-1.0549835308248536,505426630.7352709
1.3334218245879628,298389398.54948825
0.0053147096354194,457277672.07977086
0.2714707663666982,456068202.7774908
-0.0259676331910645,284542577.7553629
-0.5034300922583287,319553353.6067461
0.6240212744072157,552635621.310613
-0.1271834936103816,518371976.624574
0.0323166196339151,880758113.907758
0.484585818173874,356075138.7491455
0.8427329083489747,619257701.6185544
-0.3141309265267696,445263508.058938
0.8407302765907929,394750155.1986362
-0.8334604033309924,646422384.7438725
0.91958398223217,552223610.6764822
0.1083565094589553,548635560.0254732
0.1821585670493051,172886362.58051744
0.3905445514115082,670748348.274441
-0.3384402268650614,458633480.2151847
-0.5215859963114986,660424925.6734606
0.2401228992720987,901727405.2775624
0.2444726540557105,725142648.5926268
-0.335785799008217,591543754.626822
0.1128336147801074,361853277.2759659
-0.760601660765345,407683603.5793514
0.3544118359253241,518909560.5528458
-0.0505038927344219,527488226.9392305
0.0048994066867766,634070383.1352943
-0.5665352880105751,658526309.6987169
-0.3928527265963742,576161307.7178531
0.7653299792683697,692500756.3645138
-0.0381514095385849,820438478.3067904
0.1130856296445445,440885494.93346536
-1.0049724082165792,326862702.7197804
0.6869643385772818,510524837.8604201
-0.801109119592714,508630241.0360788
-0.2213395553450954,722015542.4872065
0.4348279312686947,491949487.01510286
-1.3876052480933885,429170854.3954109
-0.4071162624220852,319794740.8433081
-0.6812860534973545,371543902.0136625
-0.8897125939665133,337065210.02679485
0.7044331990231182,216617056.23059225
0.0562107695674356,197913109.55723712
-0.0705354529091035,527347972.9340347
-0.0806241107421,757163423.9021127
-0.578593536445138,483215393.92467856
-0.9651564711537668,559156007.7786306
0.0818024592213497,460666709.7037028
-0.1878316228021709,430841699.0204024
-0.4407579849165545,626813170.1325406
-0.0754738250032187,462554279.6117862
0.2075932857631112,562391871.9145923
1.943545016785026,561496331.3453943
-0.075537033963472,502435306.5848438
-0.3782695672565664,105267642.19792505
0.5543714686827372,458488228.7606511
0.3119270497319982,224686395.0264565
0.4696851687344414,432006458.45665455
0.7593221668092666,252574348.42861092
0.475398982574482,312946133.02572143
0.4709533943761936,147427844.61191398
0.017451786242656,184840836.2565059
-0.5396343850070112,567167384.340254
-0.0869706563943131,664305509.5473965
1.2652619955630686,683287243.9932439
-1.066434496913793,258276125.97319785
0.7220041411132351,320996508.83043355
-0.4449121780081683,439523774.0901496
-0.3211365632107671,482356720.45058376
1.9028929125581664,947902434.9414284
0.3158089748574368,703869406.1019237
0.2420511624040203,549799416.0529512
0.5143589445481389,537952927.5144638
0.7511347786360459,737171996.0851096
-0.0015579762597974,472647038.93431306
-0.1831905750475334,477140452.5895715
-1.1482801055481011,483845622.8807689
1.7297521542883167,620648395.5180368
0.0181438993003188,411545701.7221799
-0.6032633894700532,412470910.1760004
0.9631343418316028,615260107.1628404
-0.4188553602464546,561656574.4205625
-1.220353804613073,954835261.5609992
1.1763590055682809,421110990.84164816
0.119008134385286,735244701.2359203
0.7895259679044162,660115006.9917789
0.4730950978606558,493265130.6100113
-0.1845922870180854,421745903.8434145
-0.1713731237868988,595068981.4352608
0.2224100205739393,624362097.6263672
-0.8971240205265153,622955655.211543
-0.8846870184236668,442663959.27730304
0.0051910915102991,644672980.7368151
-0.5033349542790618,448057434.76016647
1.5161894576409396,490967212.67829216
-0.0825444138023128,147892967.99652526
-0.6379392047982788,763661781.8733013
0.2088609211082648,581965188.7291989
-0.0123002163844014,592982371.0254221
0.2250390967668611,551868328.7732921
-1.196866855892984,244198654.6884128
-1.4321776775445518,992909970.764128
0.7387684471059707,674586076.055046
0.7341341631134819,524892708.6975953
0.9006867727654214,512303000.2992899
0.6654683806724869,386998798.634932
-0.6269548091142051,625459271.5505632
0.2785898227250256,244672168.21678263
1.5050864310722454,412287855.1792256
-0.2541144144232126,555105462.5099458
0.7956042227467734,555014371.8987393
1.5976627903426115,828849100.7921939
0.3388943466096832,489332683.3549272
0.0397425472656688,686908588.9731799
0.2382417432686534,365506605.07662535
-0.6913461743231158,209923986.24252343
0.4529126700583153,645739424.7625256
0.0609948824518453,277338673.28476113
-0.6191136672810704,584334240.8465039
1.1822284419057545,566524167.1984887
-0.4240321963991273,615112305.3157642
-0.0953763948474692,905576255.4924308
-0.5354145696912018,513814571.99252015
-1.24307714158306,560927865.2327225
-0.7333718217476742,607626678.942757
0.4625816370078632,560470379.7990277
-0.9662958911280288,386947892.3918795
0.553161367249871,181716732.0419888
0.6071068573490422,546589929.7267685
0.7325936796728914,522565969.9670796
-1.0489694875199231,205298463.1807089
0.0677693373431972,326945370.7339292
0.2026312337744141,522049884.70288897
0.0985870262190892,419553734.7273336
-0.5066741830152252,554464156.5678977
-1.4893807995150266,585546421.0940452
-0.9935630910692445,477375313.1283637
0.3092772571350523,404755335.0649017
-0.6113524468702889,691516024.4803106
0.4407595780453101,461243098.5724689
0.8394966018396005,552988262.3415935
-0.2934329597982569,532082159.97741926
-1.0774805690024327,327058958.61283726
-0.1948093891139783,444002891.4269143
1.1009721301698083,521176170.8141812
-0.0128530976105813,400091148.9114677
0.2412434102150824,637564167.7936833
-0.1792588362150864,515255709.97766125
-0.2837225410165789,500401810.7940978
0.0818507499231034,381390276.7839435
-0.4534494063587138,722089535.0622623
-0.0531816331151003,329127785.63096666
0.8788320663967952,705798183.4193869
0.7985988614475815,351890064.9531317
0.7825621476315703,444711358.5115146
-0.237580123471779,444498913.9893554
-0.7489696872210321,496758695.4389781
-0.3271811962534587,455158860.3803572
0.0636365297993582,591571271.1085707
-0.2732871537276775,508217744.6641178
0.8415350349549882,478880081.2799943
0.1752383817250846,468677508.0012106
-0.9784429529013154,180935529.39912564
0.1544315061197217,518680956.58396506
0.6074057409861756,414434654.4725207
0.6231724026797406,544141362.598433
-1.3502699658549668,324119090.1839879
-0.3130507294834445,506303756.2378346
0.0084233540013768,509518637.1027744
0.6895359216496455,375138624.61499465
-0.5356815624393603,520182606.7405011
-0.5462573843431145,325418006.8435005
0.6670539642958954,645733441.4276809
-1.765695198704748,149259850.90047947
0.1203474043675612,607593215.5685476
-0.1480866050870654,670847352.3073381
-0.4957280406512853,585887195.9544495
0.5821163097603144,617446677.2311608
-0.4799866127281149,602759067.8902103
1.1659461963738609,480050318.0532005
0.2398292353696157,326089729.5785561
-0.3794400327514094,593069817.3739135
0.5782566783530864,576292271.4967085
-0.2868023298373161,481582399.7751809
-0.5208699656001049,259846916.8156562
0.3119259879432293,296188775.57312703
-0.9505610387271214,544298239.9456904
-1.577471741835753,628625686.2266364
0.2867885076910269,423678602.9014983
-0.4799359449242234,562082693.444582
-0.1786974718915997,427058828.3598419
0.1143917642669127,594769514.3327547
-0.5696870648988251,436434819.2091332
0.2615270691314872,616226446.6623492
0.8096509724354346,386568081.3507041
0.0264128242210039,572590138.330379
-0.3772588628101237,637690839.2026166
-1.7182264676687349,758399685.2144245
0.3209687039344078,471371662.25838137
0.0581423329801907,466561861.3723312
0.1501654836589078,677320399.0498753
-0.3610901696167199,537145916.3301737
-0.3606691391889365,490057135.5527012
0.7353212047219313,464422029.1895597
0.0459203122623321,363961370.3979668
-0.5612167499911893,278805815.634195
-0.6024245783897739,394419227.8985593
0.6528941548538824,577675839.0992613
-0.3998166708886958,685896111.5595047
-0.5412872761068263,585719120.9121656
-0.1312720052534844,427656682.11468166
1.063042195097927,192545556.5703684
-0.7810323449184009,293940745.5086671
0.4440123326681334,477837786.9907919
0.3948258923586696,523881824.0990006
-0.6260448027351647,634003778.302415
0.1053324778445528,590941046.1070579
-0.3036819116575501,498126627.94428736
0.4335950874329325,413003143.9558315
0.600366957855324,277393165.8134151
-1.070375563535786,835014287.9854448
-0.7663490397297426,643744866.1935287
0.5317946053649525,333267636.90713984
1.119742853521,491034041.35184616
-1.422314708842178,310385265.0805361
0.1354592571775887,597973943.2297924
0.3164819578945104,57858803.08425021
-0.9270107028157484,420858967.32442087
-1.307648900428618,601492254.3857027
-0.7030114087197696,754574289.8969661
-0.0712881753007166,371145750.369993
-0.1515085318128018,373719150.4019697
0.4295634819774461,214643875.4213074
-0.5812383786582282,441187027.2136854
0.0249928906051066,551931698.7603647
-0.3291450293593257,964171429.3642936
-1.2458437864447025,386583040.6765524
-0.5515828462122803,382454114.53964543
0.041413481755843,150262682.13709876
-0.9717681583437128,604856360.2792308
0.2340252307045438,314835901.3620294
-0.0804480879231963,597512951.0157654
0.2778117412118106,455846651.3241221
-0.785322754097732,598276946.5067612
-0.375433568147654,422978656.3655908
-0.0200724256311633,519223338.3156407
-1.2607935720233328,299504816.4886555
0.7458119047611973,675092914.2350215
-0.1630069231012461,536476836.90355456
-0.6550025720714356,706676231.9484564
-0.4834409373397833,634011385.1625137
-1.409156749329885,731898045.8841792
0.2989566525925879,384639944.3102287
0.3408491830341874,732482722.7748364
0.2767697342571388,415305382.3369091
-0.9042981348704908,482838642.3187061
-1.1354440534657666,304696169.97698903
-0.1280310599369846,354995944.1498829
-0.73459152861404,584190222.165995
-0.7856833107752343,384440229.4110156
-0.2569555391921576,552713803.8905373
0.1764235927224926,419495904.4835963
0.0973573502773289,318669419.6287511
0.3288812772359204,593432532.0551772
0.5562072795167547,907050322.3816614
0.3176572496107556,881086341.2138988
0.3359892354170824,629556530.0543543
-0.0726146046804746,653815830.0790272
1.1962257336220663,392908995.1895956
-0.5464279064331963,343678187.1672223
-0.598367547502006,430496888.5528648
0.1634190889529274,713036483.0353208
-0.578322544289982,772703027.8659627
-0.303308652046114,507283377.4177765
-0.2448557283273923,375315165.08152217
1.8276319350793755,177843589.83039886
-0.5531132418599145,384955869.1312652
-0.2008889870694525,637592086.298365
0.5758064502272112,640685767.7688947
0.8960169432874944,690319347.8717386
-0.1631534070317444,495908791.5963669
-0.5397723600876688,624866950.1657718
0.4441061686829707,424710796.89563626
0.2812402559149084,423523946.3536962
0.0373186651422802,550306154.5326087
0.0700258115469883,475232025.8214307
0.3721842019470247,666880968.1540818
1.2041112927303734,603023514.2401465
0.4599454148566543,484843167.3766736
-0.0056588604785623,545736166.8940893
-0.0030889731715754,433002103.5206204
0.7643542747288942,606322465.9403102
1.5489378213498248,619787538.5178117
1.690060508606992,333650366.398366
-0.542097688493196,545615877.9642909
-0.1532971345084507,531570104.84672815
-0.085726291062451,565787554.6805675
-0.4390044774126197,454313197.9484956
1.4786443443138912,263003873.7201372
-0.9598400910289518,261663809.7826378
-0.0589344443677639,225918592.8488308
-0.0634073315988336,525336692.7288365
-0.5688525179922654,392554738.2656809
-1.3209798878545145,466455334.1266782
-0.4590027126893744,347206139.9470391
-0.2978695763505647,354983596.9517313
0.7384790767753812,461792820.2880559
0.5095141900780569,350847539.6399693
0.5621171462576173,561384033.5353028
1.1128260633547509,508361345.58546174
0.2260884969081464,544003323.3862839
-1.1245519227070009,279090818.37463784
-0.3114847444442419,704571149.2464408
0.3414632673527904,560506407.5161408
-0.0141094715931219,632877660.9539837
0.392816589737402,320572212.7428827
1.9917859916361715,12318147.116861816
-1.7926852862455052,929766324.489344
0.5378105818295259,340227908.9043127
-0.0528541281136543,580360450.8924524
0.0586833097264115,523704578.6031063
-1.4729307983717037,745239876.9435874
0.1409597598826431,673480796.8892602
0.2384228025060126,795570019.1047387
0.4767992957184148,559676910.2491595
0.4689099868372295,633475162.8143085
-0.3859645861340646,390029570.8584638
-0.2570016159151216,547604653.7133877
0.2247736282927831,411034993.9687429
0.2172094318201121,412564473.00239205
1.469929033458783,707223928.0565789
0.6980559987121917,519180110.0536245
0.1212587147145312,406460278.403172
1.1445193803464713,650074666.6658778
-0.9240593845419728,707095724.6374345
-0.9740802539075096,697758569.5283966
-0.5233714513327028,62414609.81034023
0.4314462263899651,291015173.3064469
-0.4390799196896867,528076330.2993463
0.038596265535936,503656719.5123619
-0.9370092469270216,527030805.1130734
0.1113690897979901,166140573.88925102
-0.3148728817286691,238728478.82494432
0.94610063879621,642858183.8839195
-0.1521611123202804,618364830.4409709
-1.009783820284624,481333325.9717589
0.2114279893549253,578775842.7959735
-0.1037063241292151,475859869.2308517
-0.5128023239172953,571267709.2137357
0.4414328948590857,529903351.1377558
0.1729916737768644,656512829.2366858
0.0595839137668453,489100492.94933087
-0.6972092827499207,337039482.76119834
-0.0424379273308559,578580525.9304831
-0.6922490896501119,328378011.87857705
-0.0106343141408549,573878684.5982412
-0.485514984212472,322630582.00582004
0.5954350235447203,766944987.5161092
-0.2412924041772154,312780650.1794884
-0.1395464118600437,260413595.47454855
-0.3708328639102695,544565171.4806709
0.1912163305732708,487013420.2926709
0.1913146364050684,461482279.824578
-0.1687597976963243,431315011.5092513
0.2090343204160464,568673365.2748041
0.3134612263062761,267925930.07672656
-0.653460047229425,751289026.835621
-0.5105148887272185,415733287.8953784
-0.4833156819383116,552696855.1042681
-0.8294252056908308,570733761.7454695
-0.2579878966062545,266711976.20815423
-0.6654216611855667,338703550.04961467
0.4387554284046262,427588797.7196952
1.0120961706304128,405927422.2948438
-0.7839255520831869,522920241.35906506
0.3552805771717234,489949811.1023587
1.128212278398234,166112868.08832496
-1.10973987584399,205597807.2848896
-1.9661050257678443,493014687.4314025
-0.6159713969828756,471580682.9786795
0.6712480102290451,660975050.8746184
-0.1959227824395461,612212029.1612843
0.8329127027666757,399181268.4608429
0.6306573590346584,409376644.4924778
-0.5396789014883769,592759574.00877
-0.2027859763809825,556504092.3934056
0.5626776968210655,355462121.4445597
-1.4461908226066766,623146575.2776452
0.3341228660517654,447456054.9195687
0.1002776715197298,810905843.3364766
0.2051430181187238,429535269.9430601
0.0175781764828423,560720581.9464204
-0.0410161230971692,405339203.2305032
0.3784704002874451,331847570.01358473
0.3387392427898908,617786163.8790684
0.6706786383612299,651886464.1640338
0.0149436198243281,412783457.1974108
0.4914669552107686,546860588.657624
0.6476946191121583,381913942.4550855
0.2083637936832925,502716847.9651226
-1.9519897560589488,300043292.1199312
0.4491026705167891,572599203.6179613
0.7506211893609146,651177301.1446548
-0.3667292093639157,413574508.3188743
0.6932725467462274,516423942.8751609
0.0952887326181157,548198368.823792
-0.6919428142132095,205474617.45109543
-0.5182291476558406,403366735.30725056
-0.7021176897194186,345732581.25253725
0.5193497239755723,430595171.5719018
-0.9018625851799188,390721948.4941328
0.2601277668289372,624789047.3636032
0.124438474723815,278376852.6977168
-0.6601630604515404,395235019.5605714
0.6255386575122663,467884977.1203741
-0.9686127697824656,479623562.6436928
-1.279779183057752,623370101.3261724
0.5071068666155489,333162018.55790865
-0.8090111715708861,208856254.5793375
-1.3500579462994682,644301392.5000584
-0.2700314991053062,301758704.3153093
-0.9250366569607889,641990858.6130794
-0.5168247396012342,140709479.600419
0.5519725384746917,508676942.5847458
0.3693896948366225,411409061.3737095
-0.6462842712408366,347309918.7767433
-0.2811005216553996,797004923.9047852
-0.3200555711730856,804728912.4412047
-1.3037672504092988,896022774.624219
-0.4769621186983806,129036672.86113116
-0.6574037059308947,469578653.7965517
1.0144855233644507,408570328.1917187
-1.5004577022368553,194400434.8953541
0.8330878969415934,536291802.0277701
0.4361674897356131,553514359.7092646
-0.1904191478037281,399296786.7896222
-1.0738582007786874,604818344.7814567
0.5811939139644384,586482765.3152654
-0.4690490764422321,532500581.8683414
-0.3735404369290258,524377049.4768392
0.6778025307763887,467496509.93220097
0.4152293899952697,308579462.2325463
-0.0085258361494965,302863013.0835527
0.3589072125421862,310436935.12769246
-0.6161457765695194,549390007.6803771
0.4662298626208266,489006560.08733606
-1.6022491715357825,636024670.3880132
-0.5916006946542786,547483834.9238298
-0.1789600775074292,288794714.41856456
-0.5154054974924226,555573866.7829407
-0.0869627749756483,454088146.8537536
-0.3166538549023405,357192649.65565985
-0.2945369633345195,661794063.7680608
-0.181432940865246,480103369.7655044
1.2812478709376396,469303177.7914677
-0.0242296570769248,657019675.9883155
-0.9685308638232392,502539230.9569877
0.6604010380537226,358041074.30002683
0.9994221208078472,89863269.07894847
0.0763741170989577,377567684.3654429
-0.3269031582174516,495116673.3699303
-0.8403155900719868,564205150.9655135
0.8498083235464936,673230223.5050441
-0.9347448411230616,154095681.67087865
0.1266540622035668,389768219.3736463
0.5061340325004474,464466968.986195
0.0569391807483852,580321199.0912638
-0.0930845967554308,352326178.0788878
1.63100190558906,116044946.49370971
0.2711426769735355,418852887.8109716
0.111980262679973,712249723.028363
-0.586656783558145,397728994.2092766
-0.6869983320502252,528697393.6077566
1.180156022671043,174872741.82494918
0.5639578047409759,602035272.6711111
1.068288667480631,602100264.5293206
0.2137965853859782,421980666.0077783
0.1608270668177515,511894343.1968366
0.2092536859553559,487122245.1392771
-0.4484520842248141,694034985.8526345
-0.0029116303515641,301815551.8342837
0.5858357668379544,343366480.933831
-0.2383625220574489,669395862.0658098
-0.7056548926895442,544787845.9396539
-0.0864955391888722,293251682.76329285
-0.2197149829046499,407842806.3106512
0.6076914769324742,577324313.4782706
-0.5278465089119463,290024073.2711067
0.3359487632538198,531959865.77847934
0.1288096473950668,168083431.63651595
-0.0034091466144514,430119286.6090666
-1.0111489548939416,367387501.8209412
0.6925705048571161,477755602.0410192
-0.5356978494881499,653604744.3180553
-0.4197720506718361,598012540.9627745
-0.9291570913901924,242452940.9909708
0.8206110106251338,424502984.502453
0.2104436034542609,682674668.037203
0.5917914961586943,550110815.156536
0.5333906313921173,810758246.7047931
0.3443094088669507,570597993.3341174
0.3973097990616763,880458530.6063646
0.0133062524539277,585739973.394841
0.7729013377506505,470194799.6346047
-0.3285999779546689,452605321.4732282
0.1761494391007438,405360705.2544924
1.346685370465373,270785711.5727287
-0.7517932091964008,613648252.1496973
0.2803041278725737,419067111.8902584
0.8620143930517914,783709287.6274307
0.2142978151386065,641199549.9632299
-0.1125390238114522,443947522.1501133
-0.8141526924311797,576695790.3770621
-0.3746430322634447,698088240.9308292
0.5888262443078508,417489753.7135396
1.0849913168775518,848702463.3920715
-1.2918833804609653,401102646.2138315
-0.4971790710006825,675370089.472009
-1.3605851903854451,323979908.1177355
-0.677290323122833,553380189.4619071
-0.5298086372753759,830343531.7203119
-1.015893119756687,442179194.2121774
-0.2036231158513607,515035192.9017525
-0.2281629220629379,526696634.2650628
0.1309658799181272,568944125.641933
0.2727893252308519,358367187.0851537
-1.337418287510359,766385978.6945472
0.0808554819555542,598092904.397855
1.1568567810808028,539053795.2810566
0.026206132465865,384347409.37647706
0.7982248503230241,673188303.2001605
0.2949397657820727,653856756.0195351
-0.3150239475498356,395177170.1720527
-1.2067835024187528,419493251.4130376
0.283874636334189,470409731.1722943
-0.7914982941024618,724960288.7568896
-0.1478230270275287,576242076.6798646
-0.7872430806714453,160445715.03303024
0.2147327035490969,610088958.8432071
-1.0025008222810854,283446155.0165694
0.3885068967858784,540874958.4925212
0.0878243803210502,465197254.50988656
0.2914737916765743,396422921.53000593
0.2617033914947088,486965432.0356869
0.7679039401679145,647171573.5304679
-0.0352511706330502,488501877.5436895
0.3125759582354718,526887948.8071937
0.6432881143315666,287922825.1291304
-0.7805437823393508,316588307.68977964
0.3808988064122032,273908467.05732626
-0.1349237065510004,523643840.5889428
-0.2264213104504302,497450167.9497544
-0.406059962706473,565132658.2455628
1.0509621017607895,482107047.20679736
0.2270734377381629,366322050.0498468
0.6734571874046227,279202000.7286033
-0.4139586266356833,494031875.7004908
0.4851094875109755,346095838.0125616
-0.9911801139319232,127576876.14076345
-0.5992569535895471,468275270.1664877
1.0604221907583673,575922626.929194
1.3481095140726338,817325781.8036834
-0.6251618234942756,396643831.5609806
0.7851278762665894,445908638.5143744
0.4139041872782198,384061932.4465905
0.2301680049360586,697066401.2125412
0.1747173317490729,346814288.12358844
0.3202680708069797,614305517.2164133
-0.2885203276420989,995305930.4908488
-0.4423292878806388,522047443.34582543
-0.2412273018270647,979207832.3836776
0.0532012464039349,622168150.865073
0.2721792249648408,579224002.6394328
0.6655953868316095,675140217.9581409
-0.3059634302551859,498012752.2810923
0.6283865234701249,696578406.2028289
-0.2872201657222908,413532613.9227105
-0.0558759489878096,367431737.5693524
0.2090776450831847,545284022.2247522
-1.535292654515195,836502498.6867431
-0.7952615819621521,557102134.5622176
0.1243030376994989,505155917.3569088
0.307333232092283,487532279.7785077
-0.4377753925191876,497452953.55397695
-0.4704465593622033,400943026.7114952
-0.6126940517535763,498357366.0139648
-0.3336898378131492,240625112.67942375
-0.4346680714422014,523447106.033591
0.7079346956697116,511828558.0849888
-0.7975443612214863,205245315.78995627
0.5236992830228385,598148278.965698
0.3677038423926326,656635136.1202153
-0.5616647771466644,266624502.88250068
0.4348396780056305,500029283.4085403
0.0571342755069456,512172601.4796292
-0.4118361748488409,386997235.04561424
-0.8253151310495617,562738625.7564557
-0.476546752544607,451687179.42329353
0.1687635592362819,412880619.81256175
-0.7054546672957139,497862011.289888
0.004956188466731,510578336.3932256
0.6205596929089193,565010196.4857641
-0.0134594127158131,148375665.60042185
0.2545306705842762,525672606.8831524
0.228797700770073,266412027.7100311
0.4227172129988717,616523509.7595557
0.2085833191106787,846071058.9527731
0.4768688161626185,376172768.8641376
1.1059017762155094,637562912.2671931
1.0158516875260304,188661564.993373
0.8697979928646011,701619496.6071997
-0.2048113017082764,503957076.9538658
0.0714472683234656,228533982.05883652
-0.4659961342030955,469722898.5595634
-0.0820890166372476,505047714.3473984
1.524271172346943,229379695.7340057
0.4748013013877722,663841518.0738481
0.4527572638581253,612430855.2641814
-0.3075550345870917,612614173.1953312
-0.9274429138530514,381355558.6115591
0.4207271066980555,626632992.0265015
0.5787095546676351,522187982.5473036
0.4663750396832408,379582570.3458445
0.3607389483271183,586151756.314011
-0.3343367482565674,215765193.897271
-0.1779176046451363,212466214.0277093
0.3034892361730787,134109575.99995844
0.4105540127313769,661608741.2390789
-0.1222715166704557,718361458.9046221
1.5994723702657812,504871573.9711632
-0.3904310524587792,139900010.7784112
-1.06215902554268,438860777.5091977
0.534597831112517,713780948.3683028
-0.1689256148114694,451783835.1726386
0.5045211438471657,420528003.1462788
0.4348490687544197,441064518.87191606
-0.3701154441561307,545275549.5050951
1.029447314597014,529761820.7994482
1.9566890564892487,898926098.2273726
0.0464599765745438,420808105.33450407
-0.2548724873226856,723762441.6056782
0.0937996235806853,496259145.060128
-0.6026825243210248,526054285.6607378
-0.7569938267404748,545041499.9868213
-0.5070415222321387,632769872.9058791
-0.4370797823955513,446576458.6036952
1.986330710133942,456645098.4521958
0.7082292123835338,550650520.4299401
-0.1340222811529264,513816214.3228909
-0.8568680764110821,427843408.9859046
-0.4925910733965857,505071021.0995183
1.0024405601412627,545400699.6708355
0.7844603755072926,380587534.98480207
-0.918476475186678,800859895.7502357
1.9725260526762989,977946013.8953505
0.3827116814721384,630448890.9090056
-0.3062964345747686,740830524.3354497
-0.0225589686999796,232302374.9058133
-1.4627656227526835,508555425.4234427
1.1156188251157522,227416718.70722488
0.6292030347179481,464248703.2498999
0.7905624358507072,655941436.7989323
-1.810598763596443,897208974.6693057
0.685837947016323,443005618.6192254
1.624907319953997,723779856.9140615
0.1692656384918187,747014528.40238
1.0332284656711943,344654835.22326225
0.5617054423986253,760681063.6264251
-0.6000821722603327,491856580.8638072
-0.5671125085909946,762925224.9368632
-0.1756322670619554,447416764.9904439
-0.2662905427066393,525734323.4461479
0.7487887340905451,494420025.6220166
-0.3164308384522266,438812162.9200396
-1.4855902720381402,419850456.3555661
0.6115682348238537,640170821.0345781
0.0648077179167415,672583120.2222608
-0.007475645745918,575832875.7941158
-0.8199717792406395,527934587.42824936
0.1575156230403676,620273860.1419729
-0.170224683137107,483408644.61759615
-0.2936006179377151,567795925.392443
-0.2631819593275947,504139396.949804
0.6510510353873776,435650295.574872
-0.1359829159268288,356354746.87913543
0.2840690054021009,357229846.13649446
-0.4022633495183558,454217153.9897474
-1.161397365729053,676350999.3428801
0.5485169687015808,475423125.91935766
0.1300072444309028,377119018.2061936
0.2254715272784893,426582387.4161703
0.6892862711933843,750733727.5769149
-0.9369321261120044,431819389.4728575
1.2271269406004028,546988622.778422
0.5347854303381464,527050882.4773128
0.5965459010847844,449142626.8446191
-0.3680961069888944,480035243.5898311
-0.8758380535823562,645893397.7701515
0.2374699990005349,781543490.2865205
-0.8295562327639022,631678530.2304734
-0.5019499564287111,541392695.0402449
0.027712213276801,490854973.9745502
0.3894178066108952,450564882.6104351
-0.3315680395028889,642821852.2094765
0.4876260309137868,524701386.79458034
-1.9572694101855708,278895613.72137445
0.4326332283488346,451482477.9660184
0.555536347331427,526627613.80672896
-0.5281333977189976,501810346.47748095
-0.2861188226684586,546723441.4644072
0.386586235218334,545862588.3960624
0.0614707666490837,752173323.3544651
0.4168023603636365,677671065.414713
-0.4184027287619751,538268248.002381
0.9264468651344122,480244615.8285093
-0.4515035455538501,753396238.7133743
0.1114685772054858,559666361.5248064
-1.2729092117882188,459430549.27336407
-0.0975625637843409,299420652.3734026
-0.1158615456658381,641056438.6486764
-0.9931871655860872,819870608.3965583
-0.603963685412564,489972840.62849885
-0.3474461532492,529470781.51931447
-0.0356414704336305,549189183.0265266
-0.3385293227106495,545019380.4155324
0.021193375740286,753039800.1644726
0.4553935945218963,469401173.72362775
-0.326259581113899,228154856.65580663
-0.1410758174979631,471192457.312617
-0.2247141218414115,799606348.2042555
0.2912256878479716,661108383.4328027
-0.0037887977384811,118599616.7370984
0.4176358976672872,504180543.18435854
-0.1880301932751253,355424812.43062574
0.7842626436470901,506585944.5269559
0.0563077490904839,376844679.47485954
-0.3502485328505065,386925196.63805735
-0.5687545751728293,638548005.1654612
-0.7370322829201497,642679156.6361794
-0.1748623443993661,378092778.7014593
-0.4009789785838998,312894651.7715653
0.0556020407181867,498561344.7915978
1.768803924153061,314167820.5218466
-1.0401700866851096,656026139.0017593
0.2157463599519732,419721163.75859725
0.2704402920025384,547165773.6282132
0.3854032324649065,520086026.0252914
0.6332150258832113,464394112.2753832
-0.6022262533769557,598518912.5950468
-0.0253123530539621,515838569.6645649
-0.7585733656336483,362937736.0723696
0.686748607553695,468445364.2765843
-0.1432744262864171,534105492.2405112
0.022955887715653,768558492.8565551
-0.6811871914335706,816791167.3600706
-0.2409874908279883,514530461.94978726
0.7554838666338365,484780556.125405
-0.6316056277272661,204836511.2187189
0.6489437295348557,138119582.5029786
-0.3425265359342154,658429199.1759155
1.04813981768745,268566235.9033604
-0.6221153637024952,576551292.6226275
-0.220983735496643,454050807.679515
-0.6442276014209086,551315628.9607906
-0.2381248519849688,682446520.3275845
0.4722061277625669,608147632.7232069
-0.4188499065261258,559300744.2684777
-0.1101829776163048,501575373.46119183
-0.2815025882125804,587376274.2720569
0.3794140464917975,547748238.8095629
1.1917976114782909,554116300.6062002
1.040570542268112,935122818.0583287
-0.4225068174772143,625509357.5188415
0.3955962696423754,792900570.3631628
-0.9190329302412652,562353485.9934503
-0.6544239288474571,815354510.3858534
0.3299446000907985,452191685.1541794
-0.129436735869583,785812470.5412173
-0.2418874840205996,521642247.7048603
0.3540639809034959,620723083.5737008
-0.4359049085792372,451813754.4234353
-0.1004645263978409,561304380.0611064
-0.6539931785169164,461734946.9668284
-0.4701038703469017,489179653.2714512
0.7218940399894369,498330590.7193619
-0.2518909089401598,571694744.7962329
0.4202561459221979,522423363.3266928
-0.8650299409034576,243192839.5417238
-0.7902975121773239,610256420.8014033
0.8785629080535458,214459371.33356708
-1.439075059374502,282895769.0013606
0.2776238613683913,546959131.1629859
0.4765197166649749,391041460.9805118
-0.169839647967662,302858911.4913307
1.1758394739378573,429514954.5224944
-0.3747557708804729,295512211.3239187
-0.8836135915752537,294148578.67722034
-0.3385094462027786,333876056.27672946
-0.348141076380028,438426114.13728505
-0.0479028022835592,367463401.6709601
0.0571545217265432,783480421.2313635
0.0984742889916617,367622185.71676105
0.2569360977663633,520009984.561536
0.247104487424749,318637062.4529024
-0.1570440214772901,320697956.4601101
-0.578350563042974,583762827.4003415
0.1508952066568781,457464952.82233936
-0.1148254822399083,562646448.4276428
-0.1207739849232195,547615925.5567191
-0.1025380321111576,714254098.4041525
-0.0562468346745742,444756900.2917154
-1.126436788738975,617659752.8310913
-0.1439083890446919,532856096.65064526
-1.117961951977491,465876437.59204006
-0.083978825313779,634334151.6582156
-0.2056582849479852,462138378.0930248
0.039813728521712,634333236.3390265
-0.581596929623909,564447224.1354103
1.2760512737659035,461885671.5907962
0.3592893268761279,386285084.12722737
0.3404873683000344,379325792.2723203
-0.4113800562115637,941095344.2400606
0.1747038799492122,477012248.4831592
0.1633270105460297,560243605.9280409
-0.2638296964923805,524660195.6691713
0.3912340911716567,700199846.8019581
-0.493474627460317,786737038.8914475
-0.0228739700194213,657133596.3158886
0.3874957647555274,539487234.8846722
-0.1057164799195961,649677086.0326111
-0.6439280891614247,890860332.2164234
0.3583186266669442,647793777.224452
-0.6663732488012531,543217309.5585332
0.266486613331766,529721130.1556056
0.248171533466336,294040586.7979841
0.1155254303762715,450215438.7180342
-0.283624290754017,505775924.2984708
0.18701182055025,674720701.6440322
-0.5706783573437058,230894052.6816595
-1.6937511024698764,565095483.3768518
-0.1722195187135322,468697825.1024544
0.9449622475379515,581436966.5654335
-0.3778205014609469,526922882.7773384
1.3512311460237294,564569690.1875899
0.7043704703341722,707713285.8979576
-0.0138187880410238,618628358.4605824
0.9418516432983416,514820765.3409481
-0.7028357940026817,551068271.3412691
-0.1862694975663927,594364852.0294677
-0.6987795080464769,578462849.778683
1.550439090452555,311500718.0176525
-0.2933330838817953,660614213.3719556
0.0741762134235206,539414685.4966109
0.4487938244345765,529572284.3246285
0.0834501281677962,436252481.8845709
-0.1070989487420842,525208328.732341
0.3238023383053936,244236841.39045224
-0.2704675746257273,478468074.5840965
0.9628554087347698,310292598.4820207
-0.3962576355708764,216424849.79881552
0.9007350232776958,560718245.1999975
0.8623140884998101,575811658.7013505
0.0773709285637208,520930596.8531956
-0.1253124581089379,426400092.8599083
-1.0619235364210615,537126666.5401201
-1.7406224366405072,589985372.6228391
-0.367563123052404,590064395.648212
0.0127214989815783,532113382.5423204
-0.016637622624171,347614587.18204266
0.8456986632562571,360370824.0090669
0.1085809275719652,524221813.9086876
0.0288404850720584,451735506.6381022
0.8907093232979566,231647375.4033653
0.3060503007627638,525044848.92230207
0.231469694712239,199506098.842359
0.1294325338495989,389879308.2036062
-0.7464369753284744,592705895.7298454
0.1917863735685862,600503810.2213447
0.378727543203331,544386969.6972487
0.6635268613408098,511118432.7708249
-0.1239087851494866,556096515.7391721
-1.2467974469703735,285195715.98356754
0.14342654232968,387302611.9902745
-0.6457688346179292,491865663.7671904
-0.1683044720686714,343138817.37178564
0.0340506070215106,437070981.3722611
-0.7449469302326209,409893090.6293971
-0.4678239139390672,416311852.1340072
0.3733644953409991,466537536.28203535
-1.2338344459984862,434729001.1460173
-0.2766363106414533,507358405.0102576
0.628680142384341,412722255.12913656
-0.646437172961177,302189110.5766841
-1.113418893490162,265761549.96154916
1.1096026896181332,553352594.7519174
0.3760925971765573,623215526.5865734
-0.2995658411979686,792251272.542229
0.5397701796583273,829611418.6838999
-0.0479190088618857,436821141.2912357
0.227904620620203,431963935.7978465
-0.396994603232663,514107760.9399271
0.0709241515621277,584481015.4045582
-0.5499996961781832,733462067.9328197
-0.4320581132738068,510476682.4061546
0.4837025501196967,442309856.916018
0.240263369260034,677048010.0987966
0.8576173026625735,512691582.40826
-1.2561046901726634,303830372.9125928
0.018831418518094,435310184.4308968
-0.021563619055945,640376960.7454191
-1.0765931924093468,594126021.3045024
-0.3787900964742664,542645659.1230385
-0.8200109989466573,781883175.7881135
-0.4742729809110356,681821232.760339
-0.9407321132504084,540967125.5567129
0.6304774909837576,215937782.7194588
-0.6098775342556012,426346377.4600453
-0.0732152160717749,548851070.0291874
-0.0867915320355628,560893931.3749032
1.0036072673312622,642760926.1562378
-1.0499358233207416,249843426.01377708
0.0716150038218383,536953970.8265277
0.3056840199213003,511973869.3914786
0.6543859777260584,476238279.3985676
0.3404138833069068,621150019.0108002
0.4201890260047215,440544726.6042811
-0.4031556925390413,457335297.6005368
0.7064190508601769,475775232.3332059
1.220502713998928,481127202.80062926
-1.033143753725594,416534940.4711356
0.2389230570307652,419003741.217716
-0.5810232178485617,578703452.8337713
0.3628923495607968,353079513.46471995
-0.313374037447216,509799027.94602776
-0.1040546757355561,342706715.2101809
-0.9685811252974682,518094180.7580244
0.2801933956450075,606162321.2259915
-0.7511256670105528,460994070.9807478
1.1667779689395703,732029643.8569566
0.2532386868894076,286288029.06540483
0.1614801234896749,771590646.4742384
0.5409204144782312,440433576.3508094
-0.0369111156147676,451846705.7748525
-0.1553405402243549,735983695.7491684
-0.1984718212308664,477431507.50859165
-0.4352734492385858,720992959.2385901
-0.6605691613015557,435262711.092797
-0.4393650184924076,593334998.3918781
-1.151199641640254,828696707.4403675
0.887185627215501,527889556.6995753
0.1708106267915297,534761331.33478594
0.2124521055172692,482744263.5110808
0.7854289641137316,425021132.9628719
-0.4014900565347096,683780332.5605682
0.0831658447741569,526186367.152426
-0.3172084481530658,321585823.4362097
0.7255058355439766,540943400.3563654
0.6182877903873977,385977455.3719897
-0.6804942453496247,614326814.7654335
0.8748957855725175,489615337.1066884
1.0388130536991629,636073188.9413648
0.2505517817237229,616501609.7917277
-0.2998291232112121,373736539.69599575
-0.2071528137642844,397139098.8766327
-0.1132568443575724,396496498.51766926
0.9036819498796892,628662273.0901527
0.8702520538811477,730807756.8720945
0.0725428096460831,460440769.5711083
0.1767396814361432,464607023.8698686
-0.159425351626948,393365355.66185886
0.1311273242229269,575921613.7486974
0.5325404558857153,578968230.1897852
0.9558133209672542,715939208.6297798
0.3931806118195263,665774082.3052561
1.0374235485446186,423279211.66557
0.4202553195516387,400405002.95897454
-0.410968669495038,579639374.1058872
0.5980307520446284,272051085.5138845
1.2709979850011588,629707119.9551699
-0.2554488918784319,852822793.7631648
-1.410066469495181,602845717.9803101
-0.0716177929035664,665695135.4440337
0.1296949086328558,318370729.3721889
-0.7370709546092177,375122749.58165336
-0.5893674675234097,490552888.4729058
-0.7095145196138053,570154834.050623
-0.2321671636609684,699859674.952998
-0.8098099573152903,448545768.5583789
0.364180461363953,415591921.66214895
-0.6293656995163547,522983775.9782172
0.6382272214910356,400298011.57832
-0.0320149890398878,578307737.25479
0.3191414828225006,465132659.2741518
0.2402067554257219,487279187.1800541
0.885181791638746,657949964.6266761
0.0876332872240897,192117544.55875796
1.502613317435633,191899630.0184856
-0.427986386250346,395708348.9499323
0.4380744524686508,565962601.9559671
-0.876347773365131,216656268.27667347
0.692852801444146,527663516.4509447
-0.6144717407547595,616055566.145489
-0.4425395468750895,442294057.93482274
0.5105565318550745,392969040.33943015
-0.4038117008673634,504905032.2027744
-0.2464386504821056,489807435.4811239
0.0907761465485383,966422538.4350152
-0.1513406614170958,456361427.91811424
0.3613435818551876,473122038.695778
-0.1460668936979948,304357041.48043686
0.3987916660383283,501650329.9073312
-0.8579008374706143,327602977.424327
-0.4811094026670004,337559559.0233769
0.9024492657379908,633240646.5868899
0.0779798767886179,619119444.4270245
-0.6667543796980271,790574604.5788078
-0.2399452402524962,249235792.7737524
-0.5408814185795996,358017340.70970625
-0.1366418616247606,455395674.8867261
-0.0502040975071436,601634306.794101
0.0208718831529949,546977016.7948195
0.0152066045016832,369728342.37324095
1.3840626620715728,589227926.5494179
1.0480951076352358,976871201.0657182
-0.250029767604962,392767088.237657
0.1902855698154175,504756748.88128215
-0.2300022919069834,665129076.0082483
-0.6102169622792295,414475428.6822648
-1.4534795240682292,528590766.7963007
-0.203649551611055,298258457.39767367
-0.424978884155772,414534147.8087242
-0.3415243938593978,513103723.0457037
-0.2098723972073823,479366858.1310406
-0.1711916281037281,506852250.1274991
-0.1819229383488476,440881554.13483095
0.1071271243951613,427712588.935973
-1.2206033890317385,445939842.4367704
0.1090540900085848,524903128.42801833
-0.4773955976159684,582815947.7559565
-0.1567878695184267,518079648.94904816
0.406392019791636,655558336.2582611
-0.5526341833142502,474554449.9672192
0.1578752775052866,337286341.2697228
-0.6455460412256944,503293572.9772157
0.5251265680932109,556443142.2270979
0.129837682613506,370748220.2133839
0.2852705218416114,358313179.23052555
0.0853856593803197,103247388.58482826
-0.2139689120166484,629680574.7455375
-0.8536871411032197,410982631.9144306
0.0873359874354386,878694940.8984007
-0.0829847864062064,485467273.1637063
-0.8296495721708389,458190942.9984471
-1.230641706285902,305087086.9643485
0.1679617441658346,547450063.691903
-0.0027165710599755,540790458.7118928
-1.5827343232900994,296765391.7492125
0.0816111609406204,538282718.0863001
-0.7846548373350005,448920243.0631525
0.0933822340780063,586738337.7501886
-0.008153638736777,494872184.8346931
-0.1150612883477595,284852019.1663224
0.7186770734602143,403735669.8559385
1.8741492801413184,334459707.90948904
-0.4781356355121415,340518647.3964936
-0.6656206320578554,507465378.3704884
0.3323297052184129,340820239.2917007
-1.055501555830333,470474819.01344585
-0.4100301132679807,301238638.5876529
-0.1993256058115212,561017770.1309776
0.4853701306952445,737451359.0474244
-0.0956833750762298,412778564.2633328
-0.490953386738401,138181189.69916552
0.1127909872955078,705112093.4730065
-0.4468343900930571,478957815.2384682
0.7466763946891313,531696241.97224426
0.60617136072874,485351515.878757
-0.123526442746879,588973281.3792526
0.1895820682336921,541836196.5582219
-0.4115495865779106,374023483.1000097
0.483984062682598,778044389.0930687
0.3160303112995277,550027048.2710551
0.165452225259003,130466572.04433696
0.9010785299952202,385027535.940591
0.5344300540061602,420994346.1648109
-0.2734278763575277,462221406.4512977
-0.3892439635126564,721218296.2001537
-0.1360178214755318,191942077.1683105
-0.1035743129104533,454669893.3162888
-0.1761818995404235,471817263.4618093
0.202728544470605,520362374.3721326
-0.2538930339077941,409503970.596657
-0.9009404976838392,662051842.3703258
-0.2391934649753735,278660214.65654165
0.6988212967440837,613921666.2813901
0.130697401937818,565502519.9923025
-0.2085143664992003,740700028.0911071
0.4334776605111386,539422837.9439347
0.2782028461273377,513950445.5152175
0.9647844353027376,818358615.5858068
0.4909305068642879,401763433.2007924
0.0033960391330787,679409573.5517172
1.0870927042478122,355087208.97091115
0.2837105977407962,605464424.5632534
-1.517185468559153,242584043.7151384
-0.0078148694210639,421278596.78522265
0.1268913941361679,476777482.45349294
-0.1640848372439797,726755133.2603499
-0.0743431439415142,550502481.3515993
-0.0779937974042362,599024662.7837558
-0.1521533921913238,602195160.3274832
0.4038755654595602,261959082.7973576
1.3015879274852806,509563266.2020004
-1.351188175139162,563710122.6914852
-1.214246648858844,780949851.8476806
-0.6398119884960178,525470782.45079947
0.8041425498960786,585205553.5711819
-0.719941812630944,680829120.3073362
0.063069485000944,332611140.9057223
0.586176558614387,385308052.8968552
1.2055537665342395,65881898.70714798
0.3600579396965855,308169680.4398435
1.1992498252384471,445306360.0584955
-0.0050578788052011,454967407.05066127
0.512960366789971,432055114.2769044
0.7652872963864035,835658943.1978071
-0.9668082933971088,426121916.3644257
-1.6428399579493795,201021392.7506689
0.5275059539396277,498978544.0103207
0.4674999104212309,701446412.4785228
-1.5318351717576002,736881436.215978
-0.2139652486020308,457355557.1222245
0.1436452423758165,669490516.2419534
-0.5954806446686846,164053487.06785008
1.0822971099391858,954657682.0785272
0.0126836944701831,504342025.87518233
-0.2383394979241417,472779001.78802633
-1.1312903000182657,727876943.3137084
0.3454093733949765,411294977.96534246
-1.0551234564106675,463146336.7530666
-0.1070719405503825,524110985.2209575
0.808258153488344,438836701.73976016
-0.1072945841954551,701305397.2164372
0.1739990355701475,429622974.100544
0.1284026294798226,616387036.2070823
-1.1745031932473733,418050832.8422906
-0.1358714049476374,387672267.5401815
-0.3628121154252585,654032355.4767535
-0.7315369102505433,312959856.04077
0.6504530858573545,919602250.2808812
-0.3272079184068892,412791107.9438512
0.5671487421699416,607337457.1302674
-1.2188209867784978,673070652.9125965
-0.0882288499744464,658858766.2060416
-0.8055731818201477,679667934.2273334
0.4333855007674452,628282121.8425081
1.2324416848098927,437459974.01039416
-0.1768808562637265,468285410.9214698
0.289391454750289,386259825.5787027
-1.281115228398372,481388373.1506278
0.2742239146650699,618040241.6347147
-1.015637612415886,680905948.5827583
-0.5090389661057415,725377763.2156165
-0.3224231286773766,651170501.5364867
-0.0561485033621387,420476680.28877336
0.5208193266225766,536069444.5354152
-1.5409303345177043,532358927.7695643
0.12234280926378,402542387.487766
-0.3311084372906184,601544757.2713217
1.7560523065878109,520890666.6876585
-0.5106441493732131,346918252.4612865
-0.2259305064958238,537678609.8499639
1.1385937140432976,434029403.9587886
-0.2746826369102974,412264322.1376694
-0.4973813456716658,493715886.6350566
-0.001994475160002,500543009.2384873
0.5524125574673014,417251580.7050851
-0.0640130132077887,486047473.0002695
-0.4978201827222362,361579252.8188112
0.8962074323293122,575379555.3674612
0.2952209522727588,601427065.220234
0.3719341429451488,430296316.2402048
0.7573646523283739,491048812.4037204
0.41219564506203,625700688.8061576
-0.3125784630079474,504401570.2675714
1.3820390087864471,632384986.1770794
0.1204121554364429,191784424.35383576
-0.1579356592234257,92924826.98339784
-0.4004216256592602,338139224.14586973
0.7236159722406996,638838269.266775
0.2158442735941833,269583105.2058999
-0.6932040791065694,392633705.5042409
0.8911234521164505,424987647.3485562
1.3871503272348444,574198156.3356318
-0.0614221573095559,526605899.84312457
-0.4123948068336844,598519663.7942659
0.8005663496625773,511983188.994838
-0.2173612361673844,702157763.4602114
1.7541239574121263,971369475.0813895
0.5191481508252739,769421897.7386557
0.5674296789173161,424477290.0760215
0.4716950152509394,304865759.8410094
0.8682003347115952,499435988.1535052
0.2333000341755791,872285759.95722
-0.3318120712899574,463276827.2493652
-1.0870500808346524,444026701.6406788
0.5315672081887136,521230184.4450896
-0.4842315658119511,446804401.677099
0.1984187492789388,382256677.4751544
-0.1799050225813638,691889387.2658168
0.1097226267537747,409811001.24952537
-0.0397534503344176,805575459.3714756
-1.114532267112416,406338226.95136845
0.5830924538727067,542110941.8704139
0.3746794344625606,584093957.6318226
-0.9855858332350927,823372159.628663
0.5272960220893523,655023914.4624006
0.5464199784685659,320615547.7529941
0.1581885418910431,413025487.1250132
0.7558913180129876,615265818.8584375
-0.9010116881588026,122851802.24415618
-1.4184117965048442,494239422.5618047
-0.2391927549773641,685361102.5014551
-0.0193153658781514,538189726.1883781
0.5375436367235865,641602644.5721182
-0.7206611104656598,340924221.2666724
0.3032598143168724,489638583.3448434
-0.4075600360479564,606584184.3872826
-0.5138545192788132,648256627.1180533
-0.5437396819763223,511174302.99531394
-0.4634765920986093,385850692.8336363
0.9737748414336465,157810403.2502612
-0.8199656420471513,562307443.6213005
-0.6599071475277558,637847194.5531275
-1.1978544712125916,870426846.0094836
-1.6319471900582427,463127086.6721592
0.3557086584972098,472586821.28719777
-0.3423955418852383,625588090.5384331
0.2408475084965047,709695314.2393639
0.3543372275248582,479155152.779032
0.7544843251664994,563750055.9795611
1.1044775075103297,543810851.1733805
0.6076251390798254,560854791.2654414
0.2397943047068624,491988947.6222334
-0.2005959639252298,326025012.38870686
-0.0456376541099369,489462266.5682559
0.4693420262685135,347148085.6439506
-0.2711451320023946,496576486.71111584
0.4405454243318487,839508512.1261326
-0.8027079410324663,665456313.9449496
0.3181898850858917,783198945.9631295
1.3932124088354807,315777827.1635087
-0.1712234484433333,815289453.5324183
0.4570034891873034,692641996.5983466
0.0673779932009148,598157702.20456
-1.6600913467803862,319462505.56579256
-0.7343278770328121,509036405.7758892
-0.2031620303449961,546798930.1908208
0.4947731474470298,324317728.534608
-0.3519262280235414,474161989.4451413
-0.2162525858701852,658516732.0322862
-0.0149489561783939,341705739.61120725
-0.0202305484217808,618454289.5022322
-0.2513493004244559,633958266.9367332
-0.1483253520681255,282788136.1076641
-0.4198987821845527,592139566.5102326
0.0429983969898846,434465061.6497628
-0.8138535865494955,333392315.5742273
-0.4549639488998805,615226319.5684131
-0.6302377650235582,475358572.7902648
-1.4163087750313317,491034635.284975
-0.1525568781389877,921215530.7662684
0.1220636654838557,477356567.3665409
0.6897127867244874,465528337.5851892
-0.579762720567607,518649594.1339321
0.9771768938505708,639085780.283125
-0.2507473175324466,553096579.0170029
-0.1657800987002495,234423736.05229712
-0.3516646766471623,770457209.6568949
0.4196545562077707,101895843.43585564
0.4416215893836874,415396742.0204173
-0.510159275686081,310572416.15245223
0.3451458296231095,473265471.7690349
0.8260080186459046,577107490.1762378
0.6632047418656376,594647220.697002
0.5497991507771666,601320871.1788387
-0.434557654333414,457134401.4571374
0.4400145478477206,430557402.8493574
-0.1007344541300441,497800291.6671741
-0.1994689789177399,524335109.6651383
-0.9340680018718543,413028996.25493336
-0.2401433266828429,683795741.681932
0.5359080537604933,284937493.80151635
-0.7518703952526745,529472537.9796016
0.2525163049963945,123155329.17886426
0.2266203141167063,378179770.710521
-0.184231983456946,551134685.7284799
-0.4107614059453329,738023134.9114547
-0.2549705679183628,446583582.7299669
-0.4862318617843209,504641151.11576
-0.530688491269822,667641879.436699
-0.010297430236241,611079072.4693333
-0.3075810474347162,776820045.4730866
-1.0385394848038805,433851018.03132105
0.2876842456675161,497869304.2509758
0.7102740062538805,606228979.125815
-0.3850511402684986,197912666.4040342
-1.1925739271341758,351165121.4780181
-0.2110564091800109,254424500.45601693
-0.251162395642272,551811215.1559355
-0.4404504581000119,856429619.6770778
0.0494732224118159,740647863.0724089
0.0634333544257346,571719266.8064057
-0.7652216053501445,400759781.1117522
-0.4944253909215901,540771901.1657664
-0.3171708090867561,508817974.5120866
1.645315616444127,102723566.71720552
-0.6127710367324218,376599936.1714919
-0.1468294311653729,592875461.1950932
-1.9969026535401169,165806777.22798213
0.002644782246805,413613494.5199906
1.0108144598760374,663091820.8051002
-0.4901319400870925,622821599.8108087
-0.0424346254581706,501656103.3961731
-0.3897604512038763,330747211.96573585
0.0882305100176136,458348397.6263743
0.8687203025479932,359777196.68322873
-0.971370833144842,161801402.3845208
-0.4864464106346728,499283595.0980245
0.9615905345984976,691886712.3927501
0.2509801722293778,589583134.793685
-0.0169663827653211,533254875.0589277
0.9740062834977714,497955286.0123289
0.2696508826846224,403302205.4718811
0.7848800667619003,530881039.4601257
0.31947645803209,513122841.3294254
0.2670055375976903,443777487.5675728
0.0024096113583481,523389325.4582231
0.2282192696999819,534774931.7790538
-0.1033103885170853,579960573.7791432
0.741695607462196,349317183.2829414
-0.2636922125161998,363206748.6487808
-0.4690760083232266,474402996.4377253
-0.333919869089624,305816967.36651635
0.0585695898446433,532224535.5602532
0.1112636907841385,540873067.8172231
-0.7490328712966245,676915719.9589157
-0.2372643990616228,534408257.40821725
0.6032126910018271,798970372.6881716
-0.0364446334194106,528507065.1292417
-0.4972301887476877,624580293.4841825
0.4863355948816755,666883704.6987873
-0.6259039699219344,475789928.6992538
0.7150637021884637,452654840.4454636
-0.5639441033507441,581558255.7433512
0.127527229923717,364862666.9661322
0.8628832967682882,803975500.5596977
-0.0808593286758115,546414405.1095489
-0.3189091053497875,403728142.5877459
-0.3170832071999863,541440943.5213459
-0.2968262293502079,523466311.6296212
0.084046521362882,781142165.2497134
-0.441907716256702,610834310.6230158
-0.5985109970670919,611319403.6491237
0.6796569045083868,455223377.7633618
1.4705459309060975,581656234.2271582
-0.8205719835834455,579457522.5255448
0.3934028920786888,27215674.101203784
-0.510968725906729,417001377.3221077
0.2959149395082305,366758486.2272194
-0.0383977489152927,748666045.2897795
0.5672298648075242,641880328.7431521
-0.7974807455933093,656037814.3097184
0.3120393212777576,663799774.124572
-0.5790339505968287,625496299.8103434
0.4800254479874469,531973345.6021846
-0.02975196747393,300426623.4923475
0.1799937746349922,612914978.8634123
-0.0729849819368686,433406164.8337353
0.1305450501154574,500996907.3499008
0.2000490845199233,71580514.13614342
-0.102822230807956,236272525.79055852
-0.234673056073347,456795498.8245872
-0.3186074981563057,770206941.378521
0.2498631188616369,753664610.7055303
-0.017839431566718,615004095.9389919
-0.1676763773805332,745777855.2123019
-0.5277795992553856,748510079.3639408
-0.947987847811815,490792560.15897405
-0.3913509818152459,606550050.5319322
1.2804434920387986,504151750.5434282
-0.3139380441016773,555654310.1634289
-0.9833590668214194,580166360.7317197
-0.6018881886931626,539111453.0859072
-0.2974832907581352,733083340.0602275
0.4765782165060308,489592814.0549763
0.757477841253597,61745513.39867061
-1.0031611272296146,426013363.4749452
0.4338605726241978,438839075.8901983
-1.7113698318058344,627991738.1616927
1.2443407230037768,469340782.5384256
0.2461075283613454,803971570.7198036
0.1933630003830715,612655615.1605524
0.6432868253094698,95735324.7928714
0.4579885441334188,623662473.5677488
-0.2473801930469773,628188107.7080016
1.1238389579294503,395701850.65057737
-0.9275275328147023,591742156.8394232
-0.6783164711728691,559288324.5152227
-0.84513110203951,342118374.18933654
-0.7214785083426207,455986741.3544507
0.3204925731327757,587830495.7491828
-0.4001936347949725,320193249.8288599
-0.9707647191603768,642288464.5174621
-0.1094672295266561,573733874.8347371
-0.449334993394107,498890796.40963125
0.5057738457396834,476679495.27204025
0.4113596188346487,610152751.6692348
-0.6000221218207511,468751115.3829644
0.3550282692361333,717530280.8519083
1.15532634649069,497771271.0126869
-1.36412738057657,493366733.1892584
-0.5558347086726712,409908391.0935194
0.0043290043500792,584904383.8778268
-0.3605241474618004,483266719.4453853
-0.2242355576041947,337687979.38497216
-0.6434165825262012,819980442.6884085
-0.4337034929198552,563755339.2408837
-0.4318814144063185,533879390.5579303
0.025898058477326,545631147.666763
-0.530778766643368,442148596.6437033
-0.4056796976655898,488344848.8262085
-0.4760574509373065,601189043.2664903
-1.8778239681558944,549947371.7251574
1.1676338276795626,424691261.7365036
1.5188587758137224,271871823.5572782
-0.2629405332055031,351750032.36284
-0.5773083369769927,417106571.0859141
-1.248864055135667,415655532.95337
0.7362300677347534,600907613.9411033
-0.2162725337780267,428389681.13924
0.0574760048614497,479084529.381639
-0.2943335473299118,370217518.7753289
-0.4750731846397296,359426795.2131796
0.2057468523182279,735149292.9707372
-0.7135584472694521,712327879.9903263
-0.6795887758916688,633870074.0226812
-0.1157294844468792,520165099.92079526
-0.5082379667309942,535862963.3376885
0.0464436970141162,623027636.6009703
-0.1718392608625416,480822787.7746048
-0.6438647867276361,405147796.0022508
1.038935404940816,565513610.5699568
0.1502111753872525,568926953.0975249
-0.7165600558840924,648326110.2737938
0.4868323897701074,692410883.9870946
-0.6332392606518449,464495974.8605145
-0.8136970482517334,382334821.3830556
-0.906966008517616,425973488.7801118
0.143137887498437,778134721.6768281
-0.0770626049262387,455004797.3023223
-0.2025750951389939,443116589.9068536
0.5630426656767938,176015436.09676144
0.683215144507169,602125355.4600883
0.0830707238907017,215999040.18999496
0.3291785571754014,205759463.6754481
-0.3883266005469954,588988820.982402
-0.4950092494801549,430388027.4868933
-0.1094638674680184,412808864.3316023
-0.7957415959694468,428218343.332742
0.0502798947630208,586502687.410253
0.608742246082384,540336428.8675315
-1.8897661009095592,543658030.5259143
-0.104894413485491,592259764.3323053
0.5974434514105775,549270685.3383185
0.0361156366432732,462277441.03209984
-0.2257492618080537,507449107.8680741
-0.7660379434881726,686769859.7968297
0.4141745148476866,620389878.7493227
0.4121042202158892,376188568.4864545
-0.2449777607811725,476901280.5347551
-0.6996990041493164,544211164.1349593
0.2065064218066949,385970068.88743913
0.4939001448878917,528319228.2509704
-0.0854005795856274,475935688.36410713
0.4531981041056715,520971942.1432745
-0.553578106120001,221114952.99801368
-0.4333996474678052,442025323.82961726
1.5215857781258717,896054409.2996402
0.0490597547525887,522631489.46051234
1.0089926018761597,681199357.9273571
0.2705749589067665,413189709.9453952
-1.0282790525739338,540684995.461966
0.1851132827314964,361517858.9853424
-0.4841763320770371,317416066.97790486
-0.2409267738813918,579057566.4265925
0.4678139330325624,440199442.50806993
0.6133391943372529,623115519.8856324
-0.6769033453913078,664348330.1943974
0.1521372270934708,417540135.0806603
-0.805050587444784,28796191.338717338
-1.8511101424019616,562687794.7432662
1.800677202428984,765892218.0896105
0.0848350570400511,439310948.4551575
-0.3262575364510073,207750080.703432
-0.1065131717766857,431157748.548345
0.0425396102828624,347394144.01312715
-0.0544837052947169,561269929.569065
0.2618689125911323,607184069.0201719
0.3135471698808096,318908461.3949712
0.6211583507940897,443116104.70120096
0.127304410687417,551008404.5201586
0.3876927515433204,490330726.23238873
1.1648446443628688,430413005.5073339
-0.0825182875798761,584530703.8062854
-1.3212124015851698,587404847.4268649
-0.6852081738115876,285619507.7004048
0.7686504445861493,606886558.7382412
-0.3332277292129046,235280335.58574507
-0.1521700132544764,470162329.46361
1.6141292894907528,973339108.947684
-0.7139024217296266,385954393.7584945
-1.320097985191093,499130570.82355165
0.1842083295625861,597893048.3986819
0.940303595743782,618576603.4420811
-0.2317912708013158,557688290.8533347
0.4947157981717256,388532199.7324701
-1.0462059881698202,442500037.6518889
0.187237000079435,672336323.2134842
-0.1368795768920717,530473068.3132036
-0.3930238393877234,466185888.9489541
-0.1659474068097665,448029140.2765301
-0.1640262949692316,397292118.6805352
-0.6285367138574561,420614495.1493029
0.0687282408146365,614613645.3279775
-0.3145716997215336,395181389.4912051
-0.2052852646968088,478466103.8426543
-0.0920408849923721,513651385.8333364
0.0002537972390317,524196190.2536434
-0.3728902321759483,453045244.8232709
0.6512901719782317,294706838.9665964
-1.3362554545394751,428082304.7651286
0.0738891962341438,721707582.2629293
-1.4485430347886192,294962363.7842895
1.2813824590304042,816067150.762515
0.0315481703960902,443968648.6236235
0.3078988325607243,842591530.7567526
-0.0665212886386905,348919758.1871763
0.1427821328726558,416408586.1059927
-0.7590506759191722,307275274.65905595
-0.326761899610641,392911380.0432618
0.479741204642241,497510004.0530193
-0.6320775574977913,456847719.75779545
0.4513471127566517,569811086.2478678
0.691870705826772,468936420.8023288
0.7435928287744955,497439788.5812826
-0.1224198226745176,187939616.7224149
0.1744343813624,649687166.3381034
0.4730162166772104,627793857.9344486
-0.122245171383947,262649610.22839704
1.2070908184009794,592332717.9799789
0.2094587536466319,661952604.3190608
-0.4768426223195248,699188399.7348393
0.0264709072951037,302212957.34752524
-0.4990842628802188,319307391.890227
0.7388970910350708,228010575.86036825
-0.4681373598204063,584471711.0541259
-0.0195371663825895,423788875.4241105
0.484821318647351,407997423.38028216
-0.2140541909121661,441036557.7105388
-0.5966501426345089,495928400.6851263
0.3020538254643338,552161835.2110195
-1.5131519161836238,211964998.07826525
0.4263995455602368,691101918.3890272
-0.2423119048727187,447804697.7426583
0.7458676382275389,483544169.37119794
1.033355430643197,465198750.0898538
-0.7986095909572887,697526996.4784495
0.7375002981519654,128435353.26789284
-0.4323922276294462,436789754.7840496
1.5122461649833958,457982561.8295458
0.1843697655450537,550750458.20002
0.2368914965576069,574353283.0545692
0.1843996387918813,862179629.644131
-0.4556758472992231,721494181.5442896
0.073330448023544,525064689.5454976
-0.1601188702105316,395043022.8541917
0.2552366128454938,372838821.9910207
-0.7829329465733437,784414616.3098865
0.3824651968058999,548579428.0375011
-0.3573172057632695,545304067.1280459
0.3926873205901835,391345959.2107473
-0.9382830713702158,297356027.44887465
-0.8371996072302943,388103835.04203975
0.267855394245085,657078093.6336304
0.4029329304873757,593290140.945785
-0.6581083350063734,575929232.9525688
-1.0391138985811337,579877645.4801623
0.9256559359775284,611502516.6423647
-0.5946539295228512,310839377.3356331
-0.2570958618457832,380685363.2824073
-0.2413253534511351,295966228.835787
0.3370263209101631,708426878.1683632
0.4058327467955331,607408951.9470176
0.2181882508730812,460110996.0827582
0.5699866269616545,563787011.4807831
0.8335243521521475,364494014.56221074
-0.5681495243239909,499430847.2554714
-0.3000283730004435,457689071.4947993
-0.1399435705956695,360886561.5319209
0.97838477675391,623027310.0890826
0.4671307617951303,523362192.23197824
1.8988710489495388,313391323.4661413
0.0692734500103916,567602525.7122352
0.2200846141280605,727792000.2398506
0.2806395943701715,387614969.8369495
-0.3554309225759476,299308283.01342946
-0.1743429271925956,749216029.2808533
0.5461209935128007,527418283.3871359
0.0721969124448217,614178287.0025325
-0.4084994280499943,409913527.6081199
-0.3997550733831608,156634868.15758643
0.0799610340616687,596800143.6682434
-1.3050589539398223,250968098.9275409
0.2245151855232512,639829916.8078789
-0.9071625104638582,671649831.4546355
0.381543436984108,495460999.2230955
0.3461117593566018,470233659.633696
-0.1452851046649943,503148601.878993
-0.0967968698108014,393090683.0824697
1.2109033284108348,449908721.58235264
-1.0635386703791676,453966562.872556
-0.996880224251289,605344958.3214765
0.3893381517044269,399127532.8906059
-0.3714563534557142,674350526.8502185
-0.1511464118945301,576669477.6215986
-0.2881492311011207,658807832.0237592
1.1021891900092995,736738121.6138792
-0.3940351098905702,650585465.4731828
-0.4554933679995436,166925437.87090808
-0.2716602759289825,419663811.0287657
-0.2923706833960272,372330046.1836791
-0.1112834230749059,556221152.5679806
0.6827932001747351,393881510.7752768
0.4879299975706317,495117943.1607678
-0.1896516038364429,345962536.6121433
0.2870697057258331,670136394.056146
0.4900581167232197,643893685.9954655
-0.5847798971971553,391966944.4590123
-0.417471987495381,594280727.1443949
0.598957295451842,363286588.46312046
0.1469500434334277,537279274.1610162
0.456090756921097,267779161.3912892
-0.1458224123913153,134425842.691064
-1.07702930410142,636067297.6982268
-0.0186916488993205,254588198.71624607
0.459223214088296,445097388.258884
0.1119481308105783,390576386.2167329
-0.678142768273949,507592615.6455726
0.162758310051475,628512646.4408528
-0.460594126549372,567569573.7950301
-0.1379670755036433,462378296.40744346
-0.1854102555343171,513072060.8056914
-0.4154046777319408,417115903.45854473
0.6149977677392171,516101994.5898237
0.4022786580283489,405821694.0320023
0.0394910278101753,559551777.6819994
-0.9666125106300534,366675095.01116735
-0.2113147935104206,506711164.31310457
0.0535712651423736,438221758.4609288
0.1900042119523251,481338523.06294096
0.1197343682675224,399291057.3183508
-0.9575016108944578,160855420.60924765
-1.479262762058847,639244354.2898082
-0.4892213971158098,790297778.5074532
-1.0193346740834033,449956556.7426017
-0.5930939089707665,473934487.4873415
-0.2783819669906737,571702759.6833432
0.1618534426440196,496706474.4994491
-0.1721765006159596,545908098.980025
0.8737760772192057,294875720.33102983
-0.5352179205410047,616674982.2237024
0.6118669611268179,806941140.057565
-0.0687677599153106,740926393.5321399
-1.8185270652746897,860558446.7096124
0.5373743322983507,563807597.5802249
-0.5770431270671377,522676667.8691093
-0.9596077897350976,687423275.429122
-0.1435372974871742,268755417.4865808
-1.3908788376258208,675499453.4845626
-0.3594047779626432,505630234.91890144
0.7506467628368958,756233063.0200508
-0.7406392532052077,526820509.30919486
0.509645171703611,452294559.6735376
-0.5267924135288102,832273408.3352587
0.0386744477906638,508652260.5906543
0.4555185656613316,490724344.7617261
0.1672438884733712,268366072.1313285
0.6181455450522468,418014101.82964647
0.1451213968817561,527322724.9886612
-0.3945022652198005,620983842.8287932
0.2339442416082678,601935989.7582282
-1.007429122048403,707896827.3545258
-0.079796130838153,726029934.8248993
0.6285430559419684,567561763.6714938
0.6146864487503713,272715530.624257
-0.5153513565848176,630412280.2304332
-0.101757436242495,457764072.96102446
-0.3859809921919713,344670976.7093071
0.0681546792490224,895660470.2167598
0.290688294519353,548875138.7159721
-0.8663799213314705,527310972.20968187
1.7431102128867204,254325069.916903
1.3875737783423754,692973326.5369257
0.8282784603797402,639537134.555447
0.5194617192490979,405532519.2491248
0.0731584904681757,657137780.2334523
-0.0700535180901266,531942321.9966472
0.4418726060990526,351485411.859253
0.8251176486102989,488904222.3457879
-0.8493993119976716,563266642.6506041
-0.6855486004483194,297862236.84905094
-0.5282768132292632,625567294.0797141
-0.2815223011522442,756814401.8048294
-0.0940429667358758,606865551.2291819
-0.4206098066543772,477641665.6119144
0.4476950655196639,501620662.39823526
0.0952625128964645,917412223.0978178
0.0813826205975303,71818139.51331626
-0.6398253467205499,387933382.73885137
-0.4988615798065286,363127856.3050941
0.6034921232161824,491403955.35036296
-0.4019106693682562,635797941.5389875
0.8202460636633738,611913713.1601444
-0.3711277386164202,318243742.4320238
0.103833736020554,575224882.0632713
-0.330776000374792,352704999.73348296
-0.7403307489172605,539082691.8538351
0.3302423336896625,353797349.0151342
0.4362283296018466,654730554.1441833
-0.4953948540934088,511838936.3517644
0.1464471017680265,657474749.2276986
-0.8375819263589104,790384962.8095782
-0.974769975254918,486092104.9291487
0.0676996404852399,612521772.3252453
-0.0677140500803687,283135834.4022788
-0.8845213798519524,450662425.4734743
0.6067996873771968,407180143.9453616
-0.6727970150107646,639342965.8373752
-0.6008309174019111,567897915.3162932
1.0396270067651885,481147844.7943044
0.35807895431618,274432535.712032
-0.8681287922351144,400393111.6259495
0.5224686360873022,413959925.26602256
-0.0273782793827509,705329889.238533
-0.133259248485888,545373506.3625212
-0.215913136767697,760332657.5193529
-0.0333098683526346,592052953.6615618
-0.5741707850206439,572505676.785423
0.3388079398982337,196968665.99549577
1.0400555624872658,548805532.3857067
-0.2615655168806257,528904892.9607948
-0.010809356874545,789763153.3078552
-0.2280251695162748,583591595.512415
-0.0513478987036358,485940503.8788504
0.1346442634666913,756206199.8412415
0.1366498492336431,542461132.5760733
0.1421003506154481,658345334.4617649
-0.0142177277336747,599408084.9526272
-0.6551958881878488,514492897.1114626
0.0821475314596118,625790204.015877
0.4469657531309424,651803431.3858199
0.3396654653512502,527721611.8373275
-0.4847160351155536,689877462.2638094
-0.6996611217355287,499481903.8782255
0.9477839883843084,810295549.8176247
0.2215589929855745,464759218.42234486
-0.381510993247963,426464281.75940585
0.5056929867155567,592159057.8681004
0.7790105894881888,677135901.3775667
-0.1781783298041529,580188849.2542075
0.1044998578654018,331429686.4816093
-0.3796995051242813,700111632.1535921
-0.202347433518036,410455999.7077804
-1.1074361990753527,325018947.7256008
0.4025276959298544,604801730.5904009
-0.1286025283024149,360052459.5374673
0.2927075931709898,425056005.2546021
0.3374935468396026,404421620.4422612
0.9655917140082124,105112467.83546685
-0.1934144983844602,654564024.9737945
1.877739217649164,588844583.0775747
-0.8473571190141095,490304914.2932437
0.0801064540747039,500595446.1304828
1.014266059599262,555593310.7947814
-0.2479441881454097,382184978.46279687
-0.8196903264860218,413805607.34883446
-0.7508082399480853,765201315.4019612
0.0955648801076562,510183372.93586993
-1.6856636819880737,723171046.8266327
0.183755065051568,387515940.5754015
0.7551368481925187,521396744.2022365
-0.7636173244382279,498860909.8541568
-0.197392175712884,568088638.1914759
0.0471841492413794,286377953.5708795
0.5080524736814155,473391639.5325872
-0.1738754872526409,685680259.4050373
-0.7779040487238271,383616241.760546
-1.035291594905205,581778632.0584257
-0.5078299189929733,480613558.0297676
0.5178641599283462,518336161.9947748
-0.1938719796974174,250898346.4810687
0.4967806316243322,541353054.9223516
0.2165003666371308,320856734.6940353
-1.5784640630329534,421409743.8470479
-1.0125135846339344,530012323.7762165
0.2011463311689749,374242180.92383486
-0.6335005075900105,643697349.73325
0.009573375378336,419848852.2048624
0.0014955635320248,379876249.6928402
0.8309139769491132,347208651.8518418
-1.1303409335005228,217629375.64209408
-0.2668275113850774,359227889.1411221
-0.6725312841357411,739568973.5634277
0.4220337093722242,610897654.3455936
0.973484493710006,679776227.0315068
-0.2603698856030996,466161173.42945087
-0.2427967711591946,837453747.0616102
1.077980876514683,579443613.5108567
-0.0619052565022661,506782939.1173156
-0.276247208715433,262461856.74243197
-0.7754034019968349,348364344.6365008
-0.2394166567981572,471233968.9162294
-0.9354926077717431,658358704.771162
-0.2836629967358406,181143428.58735865
-0.8893383472397526,369491729.6032656
0.0047097714015406,396648629.3776737
-0.0152858764466694,370388360.2499127
-0.1262761996516168,536509980.96742153
-0.0185864070144008,556510018.1192155
0.5477238746706135,462773979.7269775
-0.0084869908999071,585883322.6137885
1.024959738482631,468935000.7194673
1.76522672641972,813800267.8875667
-0.1635145993138111,798311015.1676468
1.3466054402627352,911339518.363725
0.4867103459026821,564730925.924091
-0.3613765331921812,525166083.32596064
0.0547797005017601,451788565.7028772
-0.5153496972100546,749628382.8494309
0.5536951485796141,727439703.9770986
0.4406696307589191,399371088.6631154
-0.2411760198064686,787403208.8315215
-0.7990810103728324,248302742.1250545
0.504606338284426,422633875.9684678
0.3050048792482149,477768977.8516493
-0.2121026080681474,548385099.5645425
-0.1546525931129913,664053904.1819811
-0.1223600297716889,486292095.6115778
-0.565289004898061,501652059.14172506
-0.3315948728583385,508875887.7194411
0.892092254332453,327198444.81185806
-0.4004755840843192,464884736.6819361
0.6300370806397396,603612394.6397251
-0.6822430849524573,551562835.2695332
-0.5919187894653579,391502441.1632437
0.9623762324527084,712989780.2224451
-0.3819875962064318,546955024.7232462
0.8144234786067108,348388130.2263007
-1.1536285134724005,514825266.270369
0.2255310399199003,707554841.0450908
0.3431042311881903,513539834.86319137
0.398674238202627,525939002.4905048
0.1827632651426355,505686369.397386
1.0728210895842965,787041809.5897427
0.0207446519883613,413191785.7493004
-0.769763233968099,409492796.42200655
-0.8033478398229009,419267940.8825727
0.0217335714102895,447784674.7631634
-0.2742388247655795,602578349.897733
0.1538913915768696,707885813.0117896
-0.259635728087046,387841913.33903193
-0.4375987723663519,270809980.4000683
-0.3564331368658481,564272957.8023578
-0.2422438783012245,321777883.5012695
0.9856556891639128,458978085.2708791
-0.8302319671363252,320106234.45149225
-0.3154018599151152,364297403.986784
0.4475502018982802,545990392.6232934
-0.2857545977399222,670859861.1455039
-0.1479648038623289,431041766.1036589
0.4037528015562354,605023065.1263745
0.6937009492698039,619532347.219604
-1.5972507740128818,509654751.01228815
0.5697121050212721,256895143.1737408
0.5789063508342854,396950709.30271006
1.0792509028914608,545782928.6480108
-0.3182318448321983,473390770.6216088
0.6424630802525643,549257419.3469695
-0.3635780275353182,576062262.7341093
-0.5934796198895855,464084368.0048683
-0.39987392555237,432264104.88896257
-0.3335626575060219,441364426.49344254
1.1725633364082226,369932060.6164355
0.1845782608563979,506042084.0053053
0.5408581269531738,678180807.7478502
-0.1825103822016343,455484759.8310382
0.6856164047575882,89052785.37791324
0.0693410849892961,516032099.7111482
-0.0761095801317994,616460353.4005817
0.1399235311153983,789286629.3731394
0.3388865813131683,586387255.0593618
-0.5207185630392555,569283678.8509115
0.1160130907190891,749431818.1321752
-0.3593298422876104,716865633.0427543
-0.1056925870696505,608960161.1035168
0.4992969732257128,440842261.8895816
-0.0970478078180711,289057950.0271145
0.1563711496691506,357607451.3288862
-0.0696279432804063,630358270.3030821
-0.6415907532349439,373488427.68013066
-0.2023390160455247,632508886.9513141
0.6303860021256323,682088493.5212748
-0.1536710239353077,224398663.80770403
-0.7351588648261786,437287100.7807405
0.4908117220341417,11303985.542143883
-0.2112126730692731,432500391.8849504
-0.3737104693588834,507983081.8468223
0.0046337114446294,711094960.8133944
0.0828342274802483,611074205.0420722
-0.8078368344416834,545312818.8986943
-0.2303394437786464,434401283.2284539
0.8547037088747446,589558264.9293641
-0.4935850943178517,558937768.6168346
-0.0906565713041955,514431459.7478195
1.2598029123156844,573491840.0190098
-0.8830593627548425,784375177.6504974
0.4580847854475028,597297485.7365856
-0.3223584606195809,514058519.49333256
-0.3875521957359564,277051308.32560307
-0.0456371459129183,916048376.0169116
0.1162185424749084,551014283.1029555
-0.668878489059253,119284939.94914408
0.7775855864761891,444437180.4341317
-0.1140662376680884,477158483.3751571
-0.5812729060981467,392503070.4428687
-0.189464896839006,632623883.9338771
-1.1490798602745236,573291850.5573176
0.1706950257410778,417534347.8085983
-0.4494979253180065,299158941.8912911
0.5523215256156866,447493227.79039687
0.7086824707046423,605636555.1566921
0.2578355643203022,474324944.9717936
-1.0473592337612128,760139091.1352795
0.3197502803700272,670465919.2080775
1.2063148295799002,495163304.9665047
1.032247431745761,485645907.1277711
0.4689331511242922,530775912.4494673
0.6982495177921365,566009717.3020893
-0.7362288207617071,735245873.8060671
-0.4011669569761382,129039166.3748228
-0.0173211860804777,645363946.0059935
0.3784305054483957,546927528.2914037
-0.2024650929783048,551596443.523207
1.453416340388272,405382597.449092
1.4663216025875705,555311671.6818286
-0.1839522328839268,710175243.5856979
0.7912977099201002,471871857.91461927
-0.3472618590695825,363312423.5934778
-0.0711858369167528,320662263.5116033
0.9713852515660204,475177946.6235036
0.1759228689961727,614045999.9838866
-0.2702161477802572,488303269.641304
-0.0772798179781074,567977051.1515421
1.1937183255918005,394101345.70110905
-0.5500366281630155,570596030.9333838
-0.2528165317140264,514605882.6498066
-0.3373528582356661,602471215.7411951
-0.5339898710233659,945157895.025335
0.2220945041021715,653368869.9569618
1.4620650834786597,443400920.6928984
-0.8244944259961341,578349087.3808287
-0.036484481345273,390029862.2033885
1.867943660475456,796337447.1453096
0.3659968937265255,682360373.8463912
0.961972818521024,370992765.2421529
-0.3783834590956544,580626874.8696645
1.5947347210790874,994284826.920504
-0.7120706623827746,439128607.4401022
-0.6979079984637253,267608488.57785267
0.329744982472298,543716004.7385834
-0.1531225817487692,578663270.7101952
-0.1079006054855768,485613255.1721667
-1.7410025254313082,835566442.7485777
0.1392635924549156,509007770.58254623
-0.9334124725148488,373260904.6125659
0.1184475508483597,410545858.9995083
-0.3885437290933768,555618480.8159229
0.550749429258133,274678632.533663
-0.2778771285466239,506977503.8325338
0.5701199655171026,409231266.769673
0.3013319417190968,540878310.439055
-0.254693710661403,474763322.0292541
-0.6540575316755582,439406482.2143368
-0.0808671149300001,411073426.5298677
0.2484067418055086,687819336.3406192
-0.1708348161006238,614675493.4849421
0.167465162393252,536580097.3810057
0.3224608513803185,215460890.6616561
-1.1757679045946574,780008194.5442846
-0.4571872816987068,402384493.8146863
-0.2172766457346153,572779432.467854
0.665845698404811,595493477.0961753
0.5668970796265576,428795368.55738175
-0.1205038538807227,325073476.5365765
0.3198356539813548,317041761.393754
-0.2526019037834541,823488346.6506281
0.3983811539139486,700641727.654728
0.8143187991050287,589770992.3725463
-0.683900548759524,513914948.5504011
1.342313793029292,749467700.8026525
1.8189203299657213,116500286.47752737
-0.2501876635025426,422534547.5729834
0.9776494391079674,415854400.0449002
0.4634617142604383,491706024.26417583
-0.6453705686330256,123620625.0712831
-0.3494803078874938,722038491.6362108
-1.6640931361400682,678699827.0805866
0.8230085935515679,628236153.0993583
-0.3779207840995684,583332585.4208195
-0.9844678288195632,670276276.2173274
-0.4412498054058185,406601067.1136269
-0.7425215888820097,608215779.2431896
0.6441331820767808,952287156.2958672
-0.8124450882769403,345840832.0062038
-0.4830785993719337,448588561.01951706
-0.5345944344421787,579569264.0998474
-1.3623687121393344,463994042.4529279
-0.675188522035985,871604015.1189613
0.2234756063596362,582686392.5380754
-0.2007666666605535,491152254.4879063
-0.480452721228724,429661094.7079817
-0.1940043202895353,482811513.4715856
-0.7493080432458914,557856975.0865954
0.2813280920963032,492306762.7969862
-0.8274767201132915,252752408.6551685
0.5207399818795333,479162520.57460535
0.2195659310087112,573470198.4308935
-0.7200023175287036,699538153.3361654
1.3306561882988788,500093209.7793824
-0.2884915950964592,352086731.0435605
-0.1222314069109105,240282555.89413303
0.0091202104981793,826449618.7316504
-0.2799394663844438,311298036.659457
-0.1650483874749662,594584181.318716
0.5004697851759086,551021633.6248847
-0.6565937104886342,530930790.9800399
0.4337360566236661,375984403.715477
0.283818745273929,512040280.6848765
0.2654705272567185,522755386.93482393
-0.8375337299627964,564016747.8872796
-0.4484291141533654,555966457.6044875
0.137244953496654,542833018.1030922
-0.38257161294078,500931313.4392213
0.2732935584531447,819846456.5255848
-0.8348437679792844,424924911.1812104
-0.0556399269835585,555265231.7681648
0.2761554580291739,596656010.4054307
0.0934903010308735,471953317.4619473
-1.3417061445066878,671472639.5342062
-1.0626219741838918,368944721.9236671
-0.1170918175760045,674252635.6700758
-0.3870408415815881,940623720.7329472
-0.400950985761609,657257145.7136192
0.7540843566559832,510105878.9399798
-0.5115497158608724,464370677.0061024
0.3739537936094819,563001627.8255959
0.6377864431398027,324954726.17625386
-0.6809441185841911,517326879.43154114
-0.2802575975387678,198016408.06861424
-0.5394679239918783,256092933.8943888
-1.8525348194432425,360544770.0956656
-0.9792726442950266,352025332.80220425
0.7163420645816543,677862087.4364523
0.2752075592589723,600791335.9851588
-1.8258517076801404,903560308.6621854
-0.4828688629278828,489907492.1085917
-0.1643096772157489,460521153.7742813
-0.77636446880183,728718829.2254604
1.255806613048621,423350413.4573303
0.1617401627073409,403726170.3533624
1.6696844989432431,525652051.9806285
0.3518412684187053,613162631.2124802
0.8174494893901298,420163578.0113712
-0.2966491946739402,563491200.7622547
-0.1574202359546736,442598247.851281
0.4277708604420376,488354589.552158
-0.6067095571152006,545869129.9800512
-0.039254766942238,583930602.9466591
1.7535708046291592,7478244.341606373
0.0633992869083357,383588162.5369546
-0.6073822691269304,715053097.1394943
-0.4180213660276634,696734764.3327719
0.0225605503083567,542840592.0689232
0.5607256807259438,49486378.48324132
0.4192063143069162,774173103.2992191
-0.0307092002573238,686689132.2793806
0.4426331412023806,632673493.6689714
0.7837580488333845,598082874.0511311
0.5266824290488412,459166598.32225305
0.2566537392442406,473454729.65672207
-0.7749836495872285,543902700.8905634
-0.4735280060234684,617481365.7122749
0.5570883365132561,551019420.7428811
-0.0727123369539736,482964679.9689305
-0.3442390479554246,449115681.1660902
-0.0978702157971627,510517112.8810869
0.6584761974352701,524991064.5203851
-0.3904292686331514,20579253.12834452
0.1798296366137508,205394249.0196816
0.0477127246793641,615133164.9693418
-0.563259976425805,482176831.4521869
-0.053060830917017,494071899.15242594
0.2158040287745758,453639664.51476353
0.2780071378527511,364449602.008422
0.8937922624376763,647735577.9650785
-0.1404803378880639,304416329.3950837
0.9291201960637998,467867516.5798685
-1.1048264923811604,559858401.5480118
0.3487940138625456,348546439.4614047
-0.5964075311639461,289741949.42161644
0.4321378592691904,651133282.8412209
-0.4344370278435045,387818628.8216263
0.1385803271257235,624456958.9591206
0.6873979150384784,761466655.3875301
0.8576052273889172,574708245.8533769
0.5307082164801787,261143809.78534335
-0.2745944132791351,457801897.6151688
0.6066831959493957,75545099.13641034
1.2078805821751215,679685565.2430705
-0.4828290157682953,306711798.93948853
0.4431571594957587,504279630.3283935
0.5312738278473678,653868081.5948421
-0.0517644984483329,416841083.69993687
-0.268806757983743,341293758.356803
0.9647820563190144,640605023.9191115
-1.3977241687906696,203397644.18923995
0.4268250631725771,586266110.3213
-0.3133705062567562,550824823.3996657
-0.7197482903938262,325892168.55950665
1.19241785478663,436172287.8959833
-0.9807614982541552,466361665.3559469
-1.4700602905138476,93535530.2756252
-0.3090400906778966,477107075.7866634
0.811430739757341,537966237.8695155
-0.9121306198657432,481742014.79294336
-0.0284298892217575,398401289.7118337
0.1676358016705334,453347578.1839042
0.08580542760484,689026897.809783
0.8063501280490315,979366594.0831528
0.5564691240012966,569718699.1239946
1.0565755943711177,412554133.4049335
-0.3491512740079144,294901487.6712715
0.3520112918351177,379515700.5212037
0.974239853216353,491399551.1575424
0.5050730389445235,612329536.0183328
-0.3641909025497811,761149673.4374284
0.9378565507862042,401211402.4677949
0.35826988974096,551090315.7773105
0.0025849983312788,447649254.8613564
0.5238909761824434,453027925.9159677
-0.5715787440858752,468229269.4674205
0.2399370725700655,521988901.6458688
0.7781641663535566,602371343.5879309
-0.1189082559190107,485451429.8661154
-1.1017520234124278,430985486.94091576
-0.3806645091460471,548431132.1284844
0.0055146026781295,853849238.6527104
-0.0215397167732143,658670341.1005893
0.1418775937257387,418635845.0652151
0.4943862442821416,404018347.71060526
0.8986320415800059,393228430.3743703
-0.1992930044136989,529393655.4004431
-0.7336183068366533,562269326.5472707
-0.8574968017569166,789270687.8021883
0.5785369560731003,394871596.9586719
-0.7561519650014666,357168236.27722853
0.1363499040988874,670288433.5241873
-0.607179308132895,334403536.4028344
-0.0163180780912034,438394940.9735814
0.2920150944470935,653577408.1567023
0.4634197609630392,485128329.07786
0.461122006767571,403719954.9363701
0.7442574504337609,558835308.2554402
-0.0164115187665484,522813856.867305
-1.1224695997465917,578030012.7756425
0.8914522775329443,608426673.858837
-0.6379313613095944,628698096.6456157
-0.4356480695320621,547184409.1176776
0.0537083987775786,822854416.1682011
0.7324400300698732,632613832.2514418
0.0885659819424432,692838283.5606072
-0.1482140843878015,451623026.0585388
-0.3632871857629101,570683877.8901682
-0.0570449375258317,517974308.44384646
-0.3667074647411413,760438434.5164292
0.4779909446928518,448339947.8301778
0.1672257692662955,456303349.9743354
-0.3165230840734323,294964336.589975
0.0714488099428451,676170887.7437098
0.0200857632259076,372605750.9037675
0.8580464949587597,523430260.33522624
-0.0101164379836606,434187125.9637305
-0.3391061362777961,513902204.2253676
0.1071639962870638,758608372.0796168
0.0698935724543128,939620921.4585732
0.3006644196999803,589286307.9666406
0.6750634721881865,425471629.9285971
0.7390758745475833,607982139.4749728
0.5799002058929771,508227280.3552173
-0.0018812073308529,369615686.6377521
0.7470766169126494,365263583.6271141
0.3871637437313566,123590672.30169743
1.482414092291684,499926606.5938049
0.6812224218626005,401836888.0629416
0.0887994152446553,351979488.74201953
0.4672469037147062,312888093.2601345
0.0471470547103267,393902476.1148186
0.6129703812816695,361931251.7161091
0.1561334068671882,271377153.3806428
-1.0561860584509155,574451036.4747939
-1.1143478653078471,795408231.0925053
0.9386356103118922,464043820.1949737
0.3280345922013705,774622218.7719209
0.229105634485143,433416450.6450761
0.4014383782860307,451379237.8174956
0.2861144324030045,652329467.1179291
-0.0139885642486195,288750801.77666384
-0.2203519312426333,497614152.9940737
-0.0001152903560196,668110538.6994468
-1.1591218834955066,443909871.0322808
-1.16393684238656,648553256.1384974
0.5175373959458102,433599900.7955125
0.0687966118056973,273094745.9229816
0.3763268425795247,143478234.05842143
0.5214901992732428,471561585.97127545
-0.5262063229504855,546428995.7002109
0.2807540517624356,635773349.3315872
-0.8322257480093477,503090782.7499242
-0.3567177033417346,758726234.1847361
0.9497895926311266,515888477.0637894
-1.988792125375034,785803515.6146047
0.5795661488638838,650851050.4965843
0.6476308597254762,407422822.8001556
-0.1005489300940682,405501755.184187
-0.616185183268129,456710615.0189285
-0.3034325500004891,244782540.04455653
-0.4679442562268632,478420634.0292182
0.919440904931592,683877271.8932109
0.7083458525649161,202090234.28895712
0.0752577782995738,611590162.790393
-0.7904363161868636,590389226.9571947
-0.5084482166859752,644848023.0500567
-0.5984318883174283,416678842.4451613
0.860360560602708,457718821.9833938
-0.7247001244203357,468702566.641384
-1.2020027598148353,454066976.5778564
-0.071203910566002,611116252.8524996
0.1689950100345751,370122239.7478242
-0.6321112879830681,761438509.0678797
0.2996148679004295,463857110.5416766
0.1913290195026988,665462718.8541051
-0.5809424186088251,472578309.7168887
0.2100643505037023,615414388.4167703
0.6073010807297948,452077654.0750194
-0.201622884957076,381617095.04285145
0.1408441761619843,534694760.1385882
-1.130633933763156,292033635.2602971
-0.021422718264148,455237146.3483746
-0.1173709989524077,606289653.7741659
-0.06169135982376,298747303.3946787
0.2705492604056374,521900361.4502176
0.5122763317484905,670194500.6385415
-0.3982459049717739,275396091.1901111
1.7940513726902676,193170747.0115497
-0.8828144805930183,559656318.3312836
0.2447152871378826,613017571.0947945
-0.2408834060183584,504523480.7205466
0.6871767329990563,384640053.1568288
-1.1158319805078531,370424605.2589737
0.0228018341438437,474897113.50269777
0.0933066836475279,525193900.06468457
0.0472831113740947,453504744.84642303
1.2895461805328914,529645919.8742006
0.8858898180358612,738067025.2549537
0.2042505605116125,369867680.4243792
-0.6402208393255077,685387757.3696737
0.2170582770029594,617270787.4930822
0.6000185134911531,511065239.12529695
0.5039455756336456,420952115.5241848
-0.167065246205335,568447429.8221363
-0.658887405773345,498192605.9819242
1.1180551927092757,814195145.8643618
-0.8847552726490595,532380846.8337094
0.3636045586711008,537429057.3375264
0.0059847856608141,607757189.9162245
0.2981806587530625,424523329.0752533
0.0997622806264623,383213929.6727284
0.2670492832458643,507386171.2547959
0.3171394235068867,624176390.5567021
-0.3706959662479864,508374502.3155693
0.9363986089476966,412254264.02235246
0.5179102355909829,280980224.40756553
-0.8893050478376717,361585689.706516
0.5043938216737818,282104558.5347188
-0.274580528674562,486743110.44895744
0.6140159194946373,672245363.5338018
-0.522845738132447,482656758.4205984
-0.8022379667644248,412254406.1583561
0.5926497263812152,480389809.5189907
0.0738653707246722,785475658.4445992
-0.5783782998900816,420496082.2604496
-0.185152119567997,355278741.65425485
-0.937444164950105,417307905.7665764
0.0761900541733489,449283253.8483128
-0.088228400264816,530288542.8898488
-0.744646509721796,720289807.8005613
0.480181569992094,279475027.82276
-0.3885200924324851,451240268.7712903
-0.1745797002188179,450855339.34959793
-0.6209006339741634,597001147.9526633
-0.0105087667739809,618341840.4408176
1.7701200208586827,516888935.7317916
-0.4890070118883183,331687814.6776893
0.4950530765826671,428215245.7628126
-0.0682489753662199,661688528.1111428
0.3746472212587693,700935592.4755286
0.9119830220053368,647251313.1234264
-0.0327576827730924,525647040.1173717
-0.1122022264740191,445864759.66116863
0.1203047767965113,327797283.920548
-1.2235800856796508,688865191.0441773
0.4715367008045559,628805331.3079544
0.3039492189023107,627935755.5676535
-0.6225312192501408,346812515.05593723
-0.0269497814312319,597852519.8964479
-0.8704779471658526,567245760.0037879
0.1861245406851066,376549061.56640273
-0.4626493278435858,378699316.650653
-0.1299246609291147,340835589.7759932
-0.4080361886418031,411821093.1132656
0.3556785225417174,368299664.355202
0.040743182255433,630364857.7700049
1.822036408717268,810415133.4356077
1.8808265406658968,106163374.79588406
-0.5054115255100691,520975148.4612032
-1.0382461633788698,500246000.6453986
0.9363735580937912,547244793.1791469
-0.3624967935282375,755692015.1294535
-0.3848701474121372,698455564.9255059
0.7331641894118226,282274610.1981695
0.3125153611893175,678374459.9257987
-0.3437103161000445,410793980.3206793
-0.3191139665148093,486068517.1736137
-0.6460086923702111,518588990.7397744
0.325846606611647,355132209.6960501
-0.7084134186282389,339381559.4033462
0.0658189453445565,712890671.8634225
-1.029300441130493,604699804.2625648
-0.4922305161011721,343816500.27707195
0.3761477092823516,772934483.5658836
-0.7357798146475056,505943346.1927819
-0.7149538487647442,606522679.4541045
0.0865498476931167,484935420.7113879
-0.3733592568010506,407704335.7233989
0.8578590154485773,549916624.2349732
0.2600978571551964,582226275.7854382
1.2594972056370213,122635412.322785
-0.2773209844911304,472525570.8850767
0.2780140788758592,583666907.9084543
-0.3981455934199873,640404912.9259828
-0.9814816545874512,487407142.8246155
-0.0804926158212138,657295190.4203696
-0.2392781802498222,457642326.7737287
-0.0741869609153668,392939262.7769748
0.2162779130702974,511925429.548074
-0.0520247654182051,555692017.8655806
0.1002035296186473,418182324.4732943
0.0658630469486806,580414171.7138106
0.1494423159065445,447661657.83400565
-0.9443955238379804,336051308.7479932
0.0553578173175495,574281457.7462009
-0.5294429026568136,722459668.6247721
0.5840935690211394,813841339.5488999
0.0192114940811051,543666416.4860344
-0.406094623335279,460240815.362637
0.0654916008119308,461777434.2812677
-0.8439809565082849,542153610.2507535
0.1311869376540461,658659604.1688181
0.6175403099931022,544172035.7214948
0.3806335923908929,554373459.2660987
0.2893530424100387,563363137.492179
0.545267812931939,506232799.51112247
-0.2919239224362244,467525426.7680112
0.6100494338637978,64723323.8607173
0.0043842216885701,665987981.7592846
-0.5922008082631958,541382533.0453894
0.8358728804742199,891838223.5926982
-0.8319223152312579,492497768.03901625
0.5370287272389329,208880480.63710004
-0.4091215866500309,447514036.8538754
0.3016912399652972,361977020.4760805
0.1742915871579833,538338656.8792133
-0.2757300755729999,742094118.258862
-0.0800360585923168,383017293.524556
0.6426657322007836,333178353.318208
-0.6607183175922519,589493276.8985094
-0.1702997544616857,580066881.9848785
-0.9529615100065,484033891.6368753
-0.4032844123408928,298702258.344922
-1.0577371703181566,464883147.4404375
0.1506429329040592,690127349.3398429
0.0301747361703119,582551867.679516
-0.0671625667925754,479487380.2875181
0.9456442771148812,219454057.7784848
1.0998607896432795,485365714.3082746
1.0926990593956878,248936030.57379285
0.2063580405123374,462032541.7900999
0.2010173294829682,803736175.2128291
0.000200140823007,399696346.8268743
-0.1849683674257916,515674247.3841676
0.3727859543837718,721004260.1681058
-0.4111336045044504,579701497.2350868
0.8243493962509729,660082425.6883619
-0.1043658564380217,710096649.0520593
-0.561437606559584,602012790.5108652
1.4865933557203668,645600017.6370193
-0.7045769999892517,571909516.6205891
-0.1236503885924158,132278901.82085018
0.3566115564279814,590106020.9935045
0.6142261822434086,447467988.5222996
0.4165094041526044,726626413.9204642
-0.1763500023035817,664207856.4146909
-0.9678337543161608,471925372.7671204
0.3991611697950417,363132572.2816883
0.5310918560803338,433223827.7315155
-1.4251848716633562,778488051.8506815
-0.2561513365380732,587544797.8439453
0.1789626183204388,348098492.40759283
0.0980689879533118,497949370.2578798
-0.3365099607492252,647431078.7631885
-0.4200449023685518,302523111.67758834
-0.9658263751349568,505786298.9751464
-0.9191972875676916,297391481.34908414
0.2315147232726441,502802801.1106664
-0.4125855053615297,501753188.31711537
0.6219232836918293,505274581.6638515
0.2608434299441467,476283163.397942
-0.1987671663106213,382032624.76634383
-0.7080406032478311,891826236.4533309
0.3373828375663789,648389124.7381452
0.8185895324346835,637111161.2089363
-0.6155625717926377,250840666.171798
1.3981433940174988,273311826.4459892
0.0019709090977208,500174171.9747785
0.0447976614624934,764060045.5542294
-0.7722672543156105,392812808.9332801
-0.4452610103373596,387819479.9093175
-0.4743906763659758,494504504.5556806
-0.7961670347541503,698217309.5039533
0.3721213444629896,741488491.2232622
1.010691919516898,692902149.9134138
-1.221565239527937,371522492.6923721
-0.3542426593654089,543100143.4760385
-0.203541751215824,546550549.7460729
0.2638683953201058,620474594.984501
0.2938345984704192,590224695.6967227
-0.140030220814931,317497061.0585993
-0.7740739042576209,497848884.9258225
0.1373105939556874,345589998.3979072
-0.3210621832752902,446296422.4343281
0.2034745816546242,476233720.8553724
-0.0822254875299452,742160053.700969
0.1381776594224331,768570977.1746143
-0.0417735076422605,376239765.3256125
-0.6017474089303048,617031001.8641115
-0.3674973084170199,581281795.6408335
0.005398039024764,513086603.8631132
0.5468747563596712,582975541.5491134
-0.0773275412639502,702049378.7709764
0.0170052416474263,766925017.5561713
-1.1722180226882757,454277354.7143632
-0.189155600417871,568855944.0728493
0.0851345356211639,746267715.214116
-0.9482258399034824,273678238.05471367
0.8397160621980407,504407671.6646044
0.0025727417057613,458379805.581925
-0.2757252195770286,386304874.2745134
-0.3201160969501421,539701381.9700733
-1.613936975096392,144247233.13041282
0.2573070433521306,187255217.9948576
0.2533202249205145,587881958.5239029
-0.7958908223024919,858794416.1624405
-0.3636772971930063,519115658.2161228
0.0014223158581721,618092188.4518855
-0.6314755055182455,293333546.29308075
-0.203211954151121,531984580.670475
-0.6066110247305272,654728377.7295797
0.3005996177828798,800748927.8255267
-0.1251061766057222,363569016.8758042
0.0689494910490541,454966953.5339648
0.3672898342514659,464688211.9527802
-0.1612075832446703,385824944.2145512
0.1902854777845276,699863758.1239611
-0.2104881740044388,317815123.9386075
0.1912979233721561,417887373.7166717
-0.7220152417262612,657628219.7146007
0.6885471236982412,162443573.44310862
-0.4711700221025784,588394611.3925973
0.7019200630516745,386180838.2281274
0.524280651742496,799397899.3639107
0.9035601222261674,449239729.0094048
-0.1229532320828874,353605127.1653903
0.3481155389719228,322590719.8496843
0.0601176146202563,422370527.0802744
-0.4477758329075586,421721902.4736168
-0.1409036931866904,546652951.5151688
0.6087775810459282,269393548.6769563
0.108835000960427,415045832.8719596
0.5674363252392127,495642193.4538879
0.4105148753866324,527317683.135107
-0.0112701786359645,783324350.1804827
0.213342392905503,372266903.19912
0.6706085833765979,563010109.0558443
0.1263702894722657,654199680.0058752
-0.2583581259550628,347180662.85848814
1.1307199739697775,732195117.0809599
0.5076687359529684,597739488.0172895
-0.4116998601981217,767410235.336826
0.2280194979306287,488112242.1926847
1.1898133410265426,797676063.5865955
-0.3832072897929464,617108599.0218422
0.3645686491370826,555805466.339265
0.0275133533051701,879378013.0757484
0.5584287341177381,433528130.6264925
-0.2392085342903827,462673314.5364734
0.0340066853033014,505712028.0476176
-1.2886620505815256,272717340.3763906
0.7056521769968637,462565389.6521668
-0.2234083318663924,376963111.2424842
0.2009930275364697,281688622.85316294
-0.9763693183857596,287979135.707954
-0.6953213075071891,504671099.3958984
-0.0302820954825013,406765677.1416706
-0.3076586009461776,379156199.9856324
0.0203046857202184,457386238.015629
0.6676901102231603,560240526.1181959
0.1034189780440254,692234718.5869124
-1.049457546185658,481521444.58940345
1.3125070717276244,205768915.036396
0.0971693398827406,693465958.3618448
0.7724869416281378,654354844.3411101
-0.082611704193988,526059250.2251252
0.8258741526491465,825498496.7346239
-1.5227741873955467,136871786.50824806
0.8322482118517085,371594516.3651879
-0.542722009082554,446897933.3011718
-0.2083454186822427,328005988.69153273
0.7059578671029628,542789651.5808216
-0.8075980747642286,659131992.191508
0.1784506434698611,652660361.9964055
-0.4104541462205754,264275623.51031545
0.9825239138015488,927309130.6179754
-0.4570204857397302,617904650.2579397
-0.5602758653878287,654871420.0302558
-0.0603220444143666,701884101.6397696
-0.8150089332655561,184821601.24060503
1.216461717257467,471194480.35491
0.0356516199079965,57469207.697273694
0.1043096803383128,493099668.7804808
0.3627054281246005,600613552.4606941
-0.4625254134379727,518128104.38125867
0.1419606221579051,675072876.6498997
0.912133724031486,471677200.0714718
-0.5220905457487839,554396479.0267588
-0.675167272834392,381498618.7367494
-0.9308240608974048,552237141.9602664
0.9163333547293412,327212236.3553371
-0.459418066475265,716420750.8085538
1.2334374434404902,326557209.5898051
-0.4646266796609944,464255329.9229693
-0.6041424563016358,340585651.9114293
1.2926510577571442,688600933.835681
0.7907774423916908,640119557.2843372
-0.7793775525406672,450200287.5037718
-1.1923399023366978,684655865.6499454
-0.0708437919746509,476489131.6116555
0.3113877254069279,559062991.2598978
1.3425643381838213,208559812.02790272
0.7554541291110406,374674373.8440086
-0.9044477708819606,416100564.40247416
-0.7218137556694374,772715824.1265324
-0.3472364664511829,636427007.0270275
-0.6097252335416131,375133202.64479786
0.1247215593336797,347080583.2989916
0.1442981926053065,459718081.2642112
-0.3424051739480344,429120279.7116028
-0.9248104538466456,525254331.2039424
-0.2533340684477915,567635011.2590083
0.4707501389105974,509175798.6379392
-0.2524678510709577,452808506.4161901
0.242486649037188,587178414.9291676
0.1844259909241599,682053597.3242162
-0.3576685432873294,369698080.8010128
-0.1146394567178079,382040458.5898285
0.3971307491845324,540243220.7513238
-0.3193600079799576,720217185.7812389
0.6712277488768404,816080289.9373999
-0.0815826315106342,683878088.933359
0.1938672668559299,654676433.6643472
0.8723548578533256,280085642.24115074
-0.1350754117023428,675060516.117871
0.3314182689422494,557724915.8862175
-0.4234467392186778,372142265.87014407
0.0950017809091759,566972699.057923
-0.0046250024173273,343727858.98412645
0.8656397265440139,145204904.7970641
-0.4266991189891313,266851283.09878296
0.392676333714325,628444385.6842754
0.5457168676922944,385409739.93713886
-0.2808733101403375,548773063.0246226
-0.1781159653371991,347786038.4091013
0.4343494382735315,396478450.05700815
0.8094099541781636,519027026.3170393
0.2404667432731091,558793769.4479762
-0.6031424531840074,373786850.6853163
0.9201037501103212,469684897.7579031
0.820923655647516,440248071.3140025
-0.3888573636955773,682028243.9682701
-0.572803018119075,545397888.1953377
0.0044150841832564,312085679.4576579
-0.7338542377763086,122929156.08073732
0.8469489158407192,409501204.8371789
1.2460468531383904,542995914.8368444
-0.4142481957129751,456140187.7390888
0.0725459368245831,470991203.9522177
0.1858792700923603,14414038.491859578
-0.6311713469609356,411025684.8474402
-0.7941603399881073,512939476.7712677
0.6829654160791093,250013617.90174857
-0.7730505523801502,686571447.7823473
0.2747771683943338,413817816.6257018
0.0693417988142102,528105900.6937251
-0.3982051360841637,284307057.86478335
1.2936797456998232,376136989.9648001
-0.0849251233073908,377743865.763642
-0.4741120809242434,687411974.2382488
-0.2814115946587774,567344097.7437539
0.5522817699066637,882386056.0179555
0.3277807776807181,386673572.6350829
-0.210910120280989,460290954.6424596
-0.4760152507593748,582010563.4515861
0.3172789029784038,498055360.3895565
1.906351307449536,572752167.0363951
0.6743322184711567,556961203.0814899
-1.062793849868899,632591742.7087877
0.0081622017208686,538365460.1038942
0.0196135148653295,9406679.072341792
0.1984006449926593,470758553.32032096
-0.4234751739507708,753545038.4224495
0.8239743270549983,134002476.75041728
0.4868239466592342,292024031.8417039
0.587176056584744,657095358.0852865
-0.1867181545651905,546760355.8053584
0.1316998728057467,465103376.9668475
-0.4180866177460587,632078015.8911
0.0746149019774978,415422203.9575258
0.2806952031082901,365526707.62579983
-1.0035682136121282,672447265.0787854
-0.1692429723142123,58501660.19860652
0.246693110798229,297022911.38386375
1.010472192266069,610960525.0622827
-0.3489483025880717,540859512.5785426
-0.007888265172432,260337470.2734896
0.0792421483086723,408955789.9733064
-0.4336753180367051,203463413.10045812
0.2700349931576314,357614245.26976216
0.1901934522398302,490728166.4181397
-0.2947895601402308,460907130.90794855
-0.1799409409981576,376295851.9936104
0.3395605311810205,234216550.86704203
-0.1424974231266074,413066382.5170112
0.124850532463432,670235982.7619401
-1.1300919678768953,249514871.4268824
-0.4809674055720992,580016780.3900306
-0.338513527915091,396435125.6306577
-0.1904178308783748,550834514.468356
0.2165515638231166,408589299.09217566
0.723406843727461,562034748.6158301
0.1724878187477243,381094016.9775632
-0.9455811870748688,384172508.6691475
-0.4094304218735456,493254962.5619995
0.0027941283042635,466639672.6833478
0.5834502719275569,428375205.0201327
-0.7366795554466414,377208603.9697
1.7311172359082796,541158517.9985597
0.3432663128687641,590834866.4734074
-0.4187372247069137,408792882.1792599
-0.8395247032063564,396546546.9314037
-0.6281858106994862,824028640.2793232
0.7531803692976592,224256263.4954512
-0.8501724645835393,607640683.2308931
-0.4025833290593609,673066616.3119848
-0.6910877164114102,879460953.9378651
0.560779180879811,501488502.3441234
-1.0449512441167192,384790525.8308786
0.6854916531780848,223925247.20199108
1.3276443994106175,390992079.9784601
-0.6905196957791793,711530551.7812182
0.106972607140864,344289597.8080672
1.024433478332976,699470508.450332
-0.925654786538156,778532830.3135188
0.9465792647486376,394244043.8205668
1.1497937621505243,714109221.1864538
0.3111462092617241,508842823.33584094
-1.5614498786091358,257779444.7943847
0.3225936181378311,586016559.1167939
1.1218037265839425,315911403.9688796
-0.5874495603414825,582016875.9813963
0.0141490626994049,568212476.2212573
-0.3000760960253056,439988221.93585336
-0.2199957616120878,586449123.4335077
-0.4651159146212016,436724882.999745
0.5361216446481213,630732261.3155464
-0.0204463021798489,269763195.0841938
0.514385046827275,415455168.82768464
0.1875553305873783,562434913.8139359
-1.562865748420564,844618685.4249542
0.178297754071026,671960502.3837442
0.7787916085189077,280150851.8200386
-0.2156555199095105,529448929.0298517
-0.4374916292132128,437769230.8130107
-0.5694829850983487,708652971.8016903
1.0390127254028387,485551122.5946112
0.0478302653492557,410799938.4402619
-0.6456898076612523,424561150.05090696
0.2011618271003085,523167709.7995531
-0.661672045906981,861718659.5575379
-0.2512949150074237,633352196.924489
0.8466853191592546,489343237.349196
-0.0190483258934109,358910769.99303746
-0.1919806613724976,266480071.52474743
-0.3523362966177883,434378933.0505938
-0.4343463978778424,503976192.26436913
-1.328901764075424,594226372.8719811
-0.8707230980526441,727403610.6672909
-0.727414035064448,452374769.3719677
-0.4722041899401946,634738374.556897
-0.3908092492796179,364340921.5609756
-0.2743047819028234,397051030.63845
-0.6386884869016247,49143402.85057664
-0.3227954476242818,349991134.1351439
-0.2958667007159037,398670797.5616906
0.4429257913264279,488692474.4673892
-0.6717758821255774,272301339.49360985
-0.5558440615536752,247699533.5341885
0.1233486165253017,261073117.58259884
0.6930344416891474,724188087.4761076
0.2849501763149359,340272012.5250543
1.1508938313214598,525674211.6881835
-0.4824913938362177,671360934.9511743
0.320883464434049,608565686.8628863
-0.9135985786740332,747094156.83223
0.0310955269817235,405949989.3438971
-0.0372651720974985,467246834.3749434
1.233362147522387,629402660.9973563
-0.391445476423776,469968885.01928365
0.5158389074736578,444635448.957468
0.0183532892526076,603971163.0443038
0.4091625666253923,483572756.7727199
-0.5273859435927837,595164138.457283
0.4636898533522832,426558873.7070086
0.0947674072114882,648172200.7757945
-0.092982188466685,347717355.950284
-1.2036098869289225,393433358.3749612
1.0683840262004425,687848139.92378
0.3139206799048016,383806112.6612079
0.4239618290409424,409518147.4386116
-1.0383506575461985,292957852.1196552
1.4628990517284866,867741194.4032514
0.8237188789802888,534857581.8521946
0.02105890540742,440241616.59217614
-0.0953215146869831,572107608.2203228
-1.08901007840771,558832303.6410385
-0.6880749678341994,451301789.0864247
0.8222962044205768,226100686.9142272
-0.756524971811083,527343355.0018223
-0.2942937129289779,625520664.8915238
-0.4795482423397892,467051270.9036987
1.0294753443567326,175707370.71307543
0.1290749399612212,377686002.9185944
-0.0940929171812842,444978668.6351693
-0.5076703933615935,286653247.3191212
-0.3653616642683939,422331735.66943073
-0.2935058863144168,444414516.0660422
-0.7506295878268912,476899807.6219407
0.4984112975775069,741516710.4868941
0.8203365860765524,664904481.3652456
-0.555703736802845,619151271.0863067
-0.0103331821053289,222188054.50249112
-1.4461312310771983,695865387.4821434
0.6312621196276811,513820724.1866667
1.446625195308581,622044328.0670193
-0.4547984144848399,472883328.508125
0.3692554085266245,288327872.61270463
-0.6228981797439244,523918194.3731261
0.1005022726528447,589390738.3860904
-0.2576081343712702,269318809.44991404
0.6494361896133772,614517491.3417434
-0.4032679519386139,342852471.5156916
0.1869238451354303,356491219.46356714
1.1126593220364112,397282220.97996366
-0.2487017790968547,359955239.72527033
-0.9121655065350605,459237088.7506335
1.2310558883319702,377533415.9718446
-0.905065930170704,512878994.1543309
-0.3982305299294461,652880889.4113547
-0.5151085475099837,460795709.5802487
-0.3390180852328112,414648484.2893708
0.6277291532266921,458198894.6264959
1.075788816547273,611501776.1711903
0.0649437731257285,538679541.3639205
1.026695702762567,511413775.5658127
0.2626211812610409,486930744.066609
0.4037431497517502,572361644.4619671
0.4457389866945245,567827919.6093618
-0.1816553146273689,500438778.3855643
-0.8265773034938441,664927915.7280859
0.0447282319720716,680881610.8467346
0.3945468124874131,503107746.0177746
0.7015482516735445,518542239.5280798
-0.5435270657898442,536949236.0883087
-0.8266862194902435,515004998.2978646
-0.4369443184463294,622048281.3811665
0.447378182516206,648917851.3571283
-0.907703940294985,538583424.5664465
-1.557458164384386,425062144.1186146
-0.6058490829398611,149309656.34835672
-0.3733532884511539,379943373.89482427
0.2182722585423475,690919017.102204
-0.5841960986487276,149699532.63756737
0.3067478515277002,434855229.7999279
-0.0552100733521639,562380002.8200773
-0.7066168543845803,377833294.48286015
-0.3277754613844506,790776041.3716861
-0.3387662873949972,425923045.3557239
-0.2466728975097584,684955348.5409527
-0.3990387373878074,601917901.1025556
-0.6653845917444514,370955725.22707045
0.4645188037918234,363250129.2438701
0.8417018402741097,386229194.5859424
1.271961617258063,248185393.01426628
0.5997572002680204,669822480.0886128
-0.723955760319894,280344924.7001275
0.1040367556970985,527143641.1610771
0.5645915419492121,637296852.1294986
-0.640698906629725,465717941.9190891
0.5432575135149807,398567260.6615141
1.0160132053206803,910838397.4113636
-0.0921344372690635,538281969.254935
-0.0436150333570088,540050788.0198213
-1.0369589311196517,431596834.34678
0.81235028998021,250099145.62111068
1.041915231230134,353609907.47130483
0.1178038654085616,311348802.50719666
0.1406543446700046,514489739.08741057
-0.8654728395332785,434628432.2630811
0.1373476698006297,403875791.43748754
0.2442659562104709,435207621.8196931
1.218915952703526,471516175.6742902
-0.4000183108058084,604465892.0515602
-0.1153234678112467,337303704.3421064
-0.1209192647521364,408060472.7020602
0.3917539019233898,326315137.86237043
0.0489234766988296,441066377.06649
0.9697338332697304,458497749.9545872
-0.2079816847741964,374952985.5607571
0.1392388495618304,648067834.2289886
-0.024446773694139,333375100.06193525
-0.6946377149189917,528738949.2439943
-0.2917664186306323,508865134.4309213
-0.419119479578999,313014456.6164681
-1.0428987573141522,417655981.679534
-0.0287381208128414,721525816.0344844
0.2275560537196462,536778919.6006415
-0.2916141937750309,440946629.6160007
0.3499985523090623,600262988.4933847
0.3217780068756605,514272998.2882874
-1.4518154977010127,381723193.4382188
1.44779479619792,476503871.9868174
0.1725317145697769,446385989.62922966
0.327331854573318,149018241.50581723
0.075778038633334,522664645.38162994
0.3351245823532004,637674244.5658742
-1.41994191394488,305122453.63873976
-0.8910569547816571,366207538.9832304
-0.0602717517447553,594354128.4116312
-0.5228738173117895,350456422.07361174
-0.2262987627692683,469319063.7126836
-0.3935432011958553,406673769.1130373
1.1770589509004463,819187354.9398216
0.5534272087493519,502364289.1408621
-1.2097680637387909,389884650.94669455
0.0650120512478453,515567305.53050905
-0.6691349590704929,34511167.597559646
0.1125709089104593,533036373.7364774
-0.164328003597865,382773125.5542141
0.1739624313221034,776140553.4071574
-0.3735803206155141,548122005.9796821
-0.1442642977326742,617067354.2066907
0.3575008182729764,448224461.6535452
0.0728362708451677,754068856.428396
-0.0802986597028662,561120163.9273067
-1.467178778771262,391525244.5158861
0.0184128875721961,413528131.7713852
-0.9010796926228928,482291926.9115022
0.321892489087905,432670303.309718
-0.548632046411686,764229805.4682004
0.4681975749273632,633331437.8818338
0.4562094698463139,748523552.8004781
-0.4344072296616689,434903556.3440162
-0.1686147891244653,421027377.3558215
0.3629631319684148,533266249.0248512
1.5835341659055775,990777934.680634
-0.1844748400874575,424487388.8460298
0.4426274024025056,653827278.92862
-0.8090337605218085,597841800.0892104
0.5345292482391514,684052171.1569248
0.0534570954740425,364333089.3126483
-0.0965018653905122,506692056.67279714
-0.3619007101695379,448062155.4112527
-0.2443186390397531,698577011.3933268
0.1996176952562263,446942565.5717186
0.5959152878413015,379426491.7697546
0.2839582246443579,4606870.551304775
0.3235030841692578,585467886.4947352
-0.0942612456033723,565420224.0497164
-1.1498644662834414,769896482.356886
1.5729301262008062,544496640.8629067
-1.0421345256631256,623329813.2801261
0.4610356823394063,488087201.973408
-0.087342683997264,445547935.1705305
0.6723801726756019,364665513.7559245
-0.0959213685325321,444428084.2581096
-1.0424390145176017,533166782.62755954
0.247648378823981,593427968.3298784
0.1866850794441692,526372157.0254362
0.1650359859218287,708859227.0205195
-0.9285305767024714,682836518.0275686
-0.6734732530911485,553841312.9859103
0.4602466019831569,483592129.2195118
-0.7192656909294711,647393277.1280103
-0.4809737747678975,807646099.8849497
-0.882101017452893,253417863.24197963
-1.434447737622699,119896368.19915704
-0.1294871114690135,592932133.7597626
0.4497962363237956,399939686.67223537
-0.3405123283667841,501822227.4232002
-0.368325256044006,482240831.5262671
0.3111826230700634,528034155.04507184
-0.0835396401153452,567862209.0310752
-0.3273162242553994,459976654.8020797
1.782751937529771,623059139.4786656
-0.1176607466264637,239435548.80483347
-0.0106056761859929,518804607.5824521
-0.8737529139491014,460209924.2768146
-0.365623067498207,457910449.24991214
-0.2484896735523717,559583556.7710327
-0.031714878526052,699623113.6829288
-0.2974659440163202,392145437.0389475
-0.0149394372640876,352209700.56805927
-1.1434151149679683,262927607.86458743
0.2393727131282228,642031173.089408
-1.0782028908274972,201721338.2550075
-0.3489641324971786,470090676.2373149
-1.5296455278403025,235830441.6702471
0.0190943193416811,359879770.72716635
0.5577517979634516,475634739.2222242
-0.1130268324242215,580002991.0274726
-0.3661624975638647,243012838.84107035
0.7753425875236143,466431102.91852033
-0.0372318592687493,572745292.9422767
0.3373612279546237,573982669.7030467
-0.0545704206470059,474266286.5918301
1.0718973787715809,551353199.0319768
0.8800144193858943,425922688.4635094
1.6799189932109218,353579529.28788334
0.4527454605574033,741425951.895589
1.2775256980295435,783187029.133252
-0.0359071106793503,608933946.7445805
0.2972111440135346,543241149.045016
-0.3744965350895413,505737783.096818
0.1278451426114499,949526755.09949
0.8436057284864842,498004626.481112
-0.785334377837849,691955437.3068187
0.2281345798089217,571451752.3096125
0.2717149015130498,588114458.3046633
-0.1733866993093552,695312809.0545409
0.4250881755182079,428017620.0272139
0.1241417413144316,608540472.8799094
-0.3274550227886812,526682116.710424
0.2542276921498961,595687121.4263437
0.3679064187114665,474323157.5514637
0.2785301597614845,528748423.699407
1.8834349399004688,777109091.3858773
0.2355634190617412,176120302.6011908
-0.5401445502622149,592183260.2663053
0.3215893261015553,268394171.07967627
-1.7389162367790454,48748186.80692145
-0.7933494171022909,155445662.7924912
-0.1140131640626462,708903061.3163874
-0.4559911428285448,489494593.8157799
1.7674760327980206,867765867.4911518
-0.4074455413015859,787854798.0994631
-0.2576644835417817,461396321.4695833
0.2381084498888282,810898974.5808926
0.0439994250816053,363741300.09878045
0.2760120493848388,580717035.2538595
-0.1139989854829503,601615179.0235237
-0.0722806652622816,446522873.9041
0.968757131665292,452859610.7566522
-0.3287397645782837,394811004.8280049
0.2814269468523696,500956845.8665988
-0.3175494596588336,482196002.7235572
-0.0172921318183501,502954691.5978473
-0.4050773383779345,513053906.46525216
0.5446110505207326,494511308.3480572
-0.4450743191951571,353149491.45906675
0.068191623298974,291074537.5930819
0.8011183840496526,410913232.28688735
0.3135175014813966,539114632.8098819
0.8597721388997207,385210471.33752185
-0.1514565127870887,331870494.9487366
-0.0529442600721436,484177942.9904913
0.2511271810221681,415762127.4677528
-0.3417815071278998,422406425.99469006
-0.044585995572894,353839776.79782623
1.2948629424915192,424389843.1278439
1.1613289538187643,117942104.114436
-0.0815707307493474,378888718.5166176
0.0880880263807935,558928152.9467269
1.0016939650029224,522243012.65317845
-1.7432998639938613,990159725.048584
-0.7893328296255948,753070456.4726415
-0.4434428460721414,455132025.4307043
-0.3309837598157024,269719975.38243353
-0.1137293146383355,539339562.7816268
-1.789517574881116,717433515.3683345
-0.0570318109154711,296253386.8431662
0.879355542462134,625426034.455045
-0.003308424446884,344029529.2542654
-0.6203958518081821,519916384.1967732
0.2744366006216303,241762518.1499344
0.6788011344468845,531971490.3354066
-1.3669958763909067,930913625.9424528
-0.5752113035076772,330761994.3215051
-0.3536753437046369,611331890.4235102
-0.1800489122426259,355542694.8093989
-0.1011454929986974,616588614.905471
-0.9502630211504276,598363232.0272243
-1.2990265033854107,629676653.5550452
0.4014325752912052,553071596.179943
-0.4304896894818824,734404944.8181442
-1.4088053708623811,558875535.4604522
0.5838686423365568,481759152.9922944
-0.2200478510464483,109899070.592956
-0.049973645798997,340014366.0321698
-0.1611474836244514,226183594.2066824
-1.0815816969238614,367539090.0286422
0.0783707410318232,599083524.6885273
-1.40603171716021,400006706.8391453
-0.5985855409649523,367866111.8187013
0.935480642212326,152789698.4858854
-1.304319844970984,649811585.4513754
-1.159061532993973,493898168.9938511
-0.9476470742003468,489050381.8942072
-0.018747872133952,475950796.1785432
-0.6318310894216409,246166011.8117381
-0.6466730604886489,416575866.9314939
0.6339139416774657,471536810.2183381
0.6660330625894054,558688187.1178414
0.4784486537512872,509252790.1388977
-0.1870170309354366,410450372.060523
0.0015468170649738,542936026.3108957
-0.6774803244114354,459787383.65010726
0.0017961893616499,507835794.12324727
0.7028329417098842,194535366.7880177
0.0611738953284925,589634928.2974288
-0.3809969405718919,599599452.1270771
0.0010196619314497,366045039.7326167
0.185492290240322,451239649.85568833
0.9595956605271128,653479922.3199896
-0.5082639296888584,730884742.4437828
0.4897049672951509,347553603.7044749
0.0736360146984855,117133795.83453572
1.1305417982585326,519117222.2311844
-0.5390907968017735,275118663.08043706
0.8785682962331742,548795374.3466291
0.4503415498890991,490558476.8094114
-0.1084698600388317,488843538.40324736
0.4881393580235089,447354637.6936969
0.2102701993764505,495641819.6952259
-0.6234046976252554,645110396.3260367
0.2611497453593094,580627972.9173076
-0.4191971722497953,465433179.6607826
-0.2645467109300974,498648375.9871624
0.4578222198323494,669358154.4944718
0.1295617030213587,461654176.12808406
0.2474011581995124,343771422.3363862
0.108086567898179,381331316.7474185
0.1681797803246141,476849263.7923117
-0.1932957213008472,814723624.444119
0.0205237969341045,488437958.4063931
0.0151584303774113,357116012.8482243
0.5375558587719815,429247245.2562512
-0.444563633180445,404974227.27496886
0.9736674565008924,549771846.9402809
0.7168983891201923,493427698.9517633
0.4865182181829139,299821264.0584474
-1.243992307506392,530268910.2596328
-0.4780769941126412,388304628.2748969
0.0426521632540566,727337137.1112391
0.1544361829228768,439224460.12949365
0.0522277058024307,606539803.5567514
0.2050083824124621,571374401.5592277
0.0554981932807812,188288827.1087901
0.0755878708261545,492104585.1700795
0.8679173312044236,466722485.7782619
0.8202057373218651,365784735.06666017
0.7591566855537046,669998884.0041269
0.9580935807390062,647660115.3337458
1.7445894384561975,367795047.502048
0.5210410573451781,567750792.9573953
-0.5563589035613173,462531210.6361074
-0.5313366862403512,145817873.12411794
0.1766231453074581,509676625.6891623
1.629682704416597,658614244.0179646
-0.5818789313023193,561234473.8522191
-0.6062611647416786,413964073.6263451
-0.9102642135738324,518532184.7417542
-1.2642232574978842,864283296.3316197
-0.161134111679806,574824868.7741774
-1.527433515201151,515555995.4706752
-0.981979283808088,292715764.6357316
-1.3741013469717398,266385111.2841828
1.456491698509061,376784769.62999
-1.0389193487334818,407318401.1004421
0.6124144318498207,532192417.3397791
0.9019457138229025,533955358.506824
0.5390657862332852,600444558.9286408
0.8337410327476871,521909101.4285347
0.8114413068694051,824976797.3508148
0.0615311852601269,526200484.1967009
-0.6906557673241144,421984611.8205671
0.606494629185015,418914848.6011962
-0.1826491308613188,423621077.3315684
-0.1343287319007388,581971887.702261
-0.4324475487837864,351683647.3062597
-0.0600729218953745,238967846.52377483
-0.3115837910953581,439662948.5680252
-0.0729427991858783,495604443.276821
0.1770556830011291,430076804.83818966
0.7604003893684723,459516856.2815471
0.2928496316663857,641301592.8610039
0.4516810395114684,568718011.9064245
0.0255098464365564,440070624.86614347
0.9135825898567403,674993311.4451067
0.223809408463421,857989527.6593639
-0.7697509429667883,208865987.15343407
-0.6431189795272686,546943223.6272482
0.582865387781197,402082154.1441995
0.4044034709298628,366251210.2876166
-1.0747755174008309,550904150.8677918
0.5917392171397567,280699648.0134325
-0.9499851905808896,428547831.5609379
-0.0903831942151041,742228218.3115666
-0.5778714116074534,480466307.48566896
-0.1444999399307604,312917342.5170759
0.6090376159638643,347401815.7443911
-0.5003024249652073,376402568.177874
-0.2756443704703256,573003135.3911052
0.548031282072443,614397943.4667867
-0.5253357684670951,413357242.9919751
-0.4094463589312881,536772211.4651074
0.0603909570096956,649931026.5867712
-0.1207531529771085,425014380.80897707
0.8775638256607731,461806926.166267
-0.7196805672013651,378055105.0408788
-0.9541396353843242,375906197.3581144
-0.1113903134160836,318756598.48695284
-0.6447908345607044,428116996.955133
-1.0702133664074618,500499924.3335567
-0.6911235420510162,337648107.57870114
-0.039121621213567,336962037.5951693
-0.6633138269402711,547111164.4661118
0.7335695907947424,544297331.9650595
1.521266307208765,528170456.6821436
-0.3735716411000474,406824067.3814736
-0.2967825669606771,666463080.3614554
-0.6980007207013423,355430766.056904
-0.8468914138808563,539872943.5483047
-0.3961052505603251,592028493.95576
-0.2624078505766201,549889281.9302479
-0.1406792631441726,632132780.45996
0.5678133407446454,409062805.2447346
0.0892748407398489,446669390.4955987
-0.1898042454128323,700834690.4860573
-0.1774218625121947,332436242.4409787
0.1980640413537493,374604991.1298302
0.4716745436965954,555856169.4161476
-0.6553078033038959,550115049.1066684
1.1861773020226862,426981358.21411353
0.5851468516921644,546215423.6226562
0.126838506481133,535429725.52422273
-0.6134991243651063,424788490.0908153
0.1846989376165702,619718881.4992715
0.3352534997199959,575522227.3922577
-0.0829370020383964,709731853.6387441
-0.5683671410336071,658818869.5725752
0.3488472744287483,389077978.6417692
-0.1612685643796592,534250384.9106058
-0.3076127510319803,445610780.51433945
0.5352767378117931,583216063.252764
-0.2910226076078075,628505719.3249563
0.6938279932884797,259278192.69990715
0.1689669414099529,603552978.0009881
0.4377383409211149,445173550.9040864
-0.1117893535644377,439167398.3662816
-1.0507547255187717,230092814.2278296
0.4881149309429977,482239084.4606544
-0.2258573793201896,413189240.3730674
-0.3266149773086473,461915350.1126958
0.6552066267205117,266147818.758035
-0.8285727111320161,548795592.4036605
-0.0953747996017913,814625338.4292996
-0.0005535629969561,519063317.219915
-0.1910810665456505,441264789.3465287
-0.0944190578945634,372567418.1170031
1.0281605276390735,574073942.7180761
-0.2049292768281569,555507260.5017471
0.0031874048395485,472177035.8198522
-0.0274619587574996,301666358.6987376
-0.0723029834508431,375773981.97536033
-0.6654933815898975,556362356.4292806
0.0479943762220008,602281587.8039839
-0.8255027860046142,392970976.95152056
0.8878608503422603,377224553.4347178
-0.1674418487608661,505209515.6954306
-0.5682489129456271,258362927.48546785
0.6079937888877722,337085777.4258783
0.4475773196835931,376551974.98079664
-0.829960741435591,551540872.6881682
-0.2951203211591888,402486850.2906975
-0.0034893381587253,564401623.0452319
-0.9536700555734736,349778426.899165
-0.4765500425890581,302884760.4312759
-0.2299025683830349,699845404.1331242
0.06369517300783,459434813.0743823
0.4096379743093923,443494402.1001899
-1.0791892069256708,625787070.6992668
-0.387853489646619,657496860.7176828
0.1757649537692281,598199861.944155
-0.1429859371577244,118725988.16249897
-0.4762917410278008,524059249.9399556
0.0677991082903362,527964071.1338693
-1.709315537544589,705868114.3828855
-0.9508036825266604,676018890.2420485
-0.250746282201949,840087290.489756
1.4221158091493642,200874781.40982115
0.1689655405943102,732865204.1405369
-0.2668170457943439,370856600.2254265
0.0740706603238251,513247509.96382666
0.6794302415945208,146542179.90726754
0.2319690838595807,684824001.3661159
0.487825410360497,482890911.73440826
0.9768271392961516,609423858.6794862
0.5858202592875432,687785600.4445169
0.1619662351218984,537380541.3055515
0.196406146176725,581592841.9975353
-0.6950923821045318,39696940.32089458
-0.0142776362617352,712559978.8414826
-1.013867321690718,804815618.8251302
0.6835624237354048,458767255.4372741
-0.7396392963846479,21833514.34004962
0.2045540985581652,567699428.3464227
0.1769110771794383,504304593.3343285
0.5207089679684519,432892770.57802325
0.0450447067227854,755068865.4522344
0.0580992982297136,333875464.251857
1.181280963529412,582197766.3763517
-0.8542906390911446,463389157.1809796
0.5507279326291059,465966039.8553723
1.043963787767324,414037270.6839387
0.84901094723087,392274631.947922
-1.6810863333734156,209513989.2774859
-0.7380939229383124,583433486.0394852
0.1906915157427222,606642203.0880353
-0.1743928061621663,312491176.97065425
-0.2570191714016499,327102813.54706246
-0.325346963056755,332978398.22284496
-0.8712224748999202,303094525.9576401
0.1700581934157213,580225433.7400053
0.4911117724183707,512314596.7226517
0.4217602564422454,404992310.5935809
-0.2943282992762877,477625847.6321877
-0.3913253083118936,760372309.494627
-0.6288007727502064,531098025.3075869
-0.3175388980271474,352242583.6965253
-0.710795233039104,350853639.4399029
-0.5645830399158955,515364515.23868304
0.1765842005040282,305759639.5830756
-1.37404960980401,397522947.4386029
-0.4312400439641273,463053928.7986597
0.4436773726441264,477429534.9157021
-0.1581866117614106,374880691.9564023
1.2726202769006705,351783386.16461927
-0.349600941890378,266042314.8394636
-0.1264045511998059,611862737.8663694
-0.2830846480354448,645793597.0174817
-0.3717750649979525,540777861.1211132
-0.200240049314871,411860071.73293227
0.0215523296975227,446464891.6122679
0.3261366254612342,529222935.7335703
-0.1106788645238411,733605728.7240459
1.0357394238799942,29335648.0349109
0.3257995490213126,412943391.3125235
0.1270904904486254,648647377.3364086
-1.7685520787022977,4349486.489705877
-0.2030995436914688,487154112.379888
-1.2669813466136173,268416236.9286192
0.003811820420337,634124692.8381253
-0.4580304791997052,510963018.8852749
-1.0128793000327063,217289388.1311032
0.1259538635198752,243886553.74812508
0.6248237235248961,358405459.23898005
0.3039701210667503,773302809.5339569
0.5279490496039854,642167017.2887422
0.5888556094993967,513596194.5693308
0.6945982290267063,116260908.64672972
-0.2674733686967142,348424840.0038458
-1.020328590462339,642127904.1836094
-0.6807252078683053,417681056.2238193
-0.1958247557059255,384340607.8156508
0.0550130053750274,650477974.6707262
-0.3802062098615451,343264274.30885696
-0.3884994169876606,675887731.7833881
0.0107646846956361,504965781.1461637
-0.0096102274340706,450935863.9088751
0.7122736344368841,650964921.1756669
0.0994251216986531,611037660.2208979
-0.1831664205568587,404309675.9877532
-0.0791509786726348,557188992.827187
1.082523516068254,485947140.6232245
0.1651066152966298,600340106.9473886
1.1947532438636097,373567114.9310754
0.0895478071770874,442365736.9322404
-1.260986572676647,30999736.766669367
0.7899127340918939,578415076.9082674
-1.535800538237659,585134194.3514708
-0.421226593454061,375103339.90293926
-0.6968235559670506,638932282.309435
0.3806708406565915,238382992.9963949
0.3491019474923451,530105652.9529387
0.3923274248380024,436974134.8372126
0.6959644641936984,606544503.3096608
-0.389759056736265,419721088.354064
1.1364037330046943,822417960.8069024
-0.02105186334074,497213328.697223
-0.0918030662878905,425120466.4735863
0.099639341223146,594302623.4043926
-0.2674860093556414,341434210.157203
-1.1678050809130611,455321981.1828032
-0.7967318183183696,465648201.6952953
0.9473190630256744,298823478.4719815
-0.3875942369148615,473751901.4834235
0.3939055592290822,439971998.9228316
-0.0575869569234075,481233954.2830104
-1.2539835582249788,854931756.279838
0.6970628096496057,341067146.8770991
0.7346088712742336,136922348.97058088
-1.9696509144156749,995171957.7238046
1.3392359397492657,457852231.0050437
0.3640772168818442,833080728.8972484
0.6114948093867958,408977771.2968999
0.5422159591125626,324670846.5730661
0.3226903434758168,637084093.9304237
-0.4071414139073148,599711485.5375744
-0.015156161118115,430279720.7502588
0.8692373415526882,452447697.6143296
-0.278166552415089,706405024.7556751
0.7664180022387418,827122211.7292234
0.387403386826923,262495903.24438503
-0.403946135898645,618890824.5284363
-0.1309835145468905,445810430.2484045
-0.3898141527087737,361570101.9849537
0.2535210862672582,561047535.476505
-0.5284965754913192,590316057.2011279
-0.316192694084848,785345913.5102849
0.0441692053667967,638536183.9257956
0.4225208351488452,259717239.1535148
-0.1842590862243349,762706002.1668092
0.0262172133936949,312388296.42826307
-0.4400419550312835,386949853.7341736
-1.257015442807189,415741184.2362948
0.2455155020944209,294975979.5553756
0.3146381955550431,439459148.1332674
0.315088267197443,535030892.884493
-0.3637930396145941,609222858.4882607
-1.38773122433384,549715755.2172961
0.2616673292042838,358457556.3731756
0.165080158024996,487422615.8828429
0.9358753861109804,624130386.3212405
0.0035807023566032,614450109.6999922
0.295334487813395,324060497.4026695
-0.460462112640502,595736042.7767332
0.1401027303121145,679979777.4178822
0.8878286078971712,735755685.235375
-0.2390543435092142,329928386.8922432
-0.5400656737297458,569321751.7091007
-0.4299854218362322,556197404.330301
1.208154127242699,350404473.3061531
-0.6295592233023279,567992875.3216139
-1.0782010334799907,798038762.1524675
-0.2756073133574063,344077560.6400624
-0.2761236680989103,795286896.2470189
1.1449473571437194,587827523.7044778
0.3501833810940055,430789203.45927066
0.8369390177837399,512587384.0509077
0.1248534852319174,575884653.0840719
0.5017111268107701,607011596.3425869
-0.598331132370905,517079969.9117019
0.2733096219851598,376311592.3872223
-0.9292349470239232,481749054.43878174
0.5309920106333075,404713377.0886534
-0.8297853444454325,624792789.6733718
-1.306975038913642,656152585.2242488
0.4359045303079408,448383723.59108347
0.2376064626262148,734155177.8687834
-0.3148976511926884,481772571.6658757
0.8182260300904134,813740223.497145
0.3017460829830627,458057135.9193717
0.2909527527208315,607908001.0642802
-0.5081875997137548,584456738.6746806
0.3124515652373492,352219911.9173436
0.7868868867789961,370538606.8268361
-0.1406688525305822,403921593.4131661
0.0782940284321601,646211516.4759543
-0.1929470676788092,548627597.4849515
1.2261573010488698,578907801.6748673
-0.3169721290505947,337917292.61032903
0.590795236637316,566683589.7143989
-0.5999109518030099,484733895.7201102
-0.3238930799270117,332558313.02561647
0.1125340582951732,687765994.1978703
-0.4615267828678395,399210498.487455
-0.069024066889433,433710879.2828504
-0.9691500029753072,327733927.0340517
0.0681603563441369,590764158.8804733
-0.7201289806371832,458261231.40328336
1.039760642679851,589830021.8961928
0.2711354433273394,361985238.4681778
-1.0103728386847015,259168974.2137401
0.2798705751692041,500729820.31294286
-0.7121547671716456,275111708.8244966
1.2524522977068475,579780724.9577639
0.0211818667778384,399507993.9230126
0.2403239484361281,608619441.868804
-0.298219400282872,393065281.89941865
0.4350807755627336,651364939.5089363
-0.4811065720316208,667452817.0715176
-0.3614623638143513,337718550.8453432
0.2202014793370665,479115911.51520777
0.6998857428477288,307561317.5041976
0.9488224212373312,646276428.4620706
-0.4180241613721575,594098468.5471973
0.6718895339241202,488421059.70399314
0.1067196810090376,595476292.8719158
-0.1739038641411905,383885731.1205349
-1.181798588978098,396030131.74541765
0.2454490203210537,579020891.4547349
-1.0058541997003654,526032140.9570167
0.1825958671979039,588850859.588606
0.5768928466742895,757405910.6361841
-0.9341468119395534,213726665.5920571
-0.3609367037994061,601655575.8175471
-0.4695555164591409,507129270.8167151
0.1248230970262301,409141127.525179
-0.270116996131264,530142958.2641994
0.0978219409032887,624923668.8905191
-0.4546510339948664,395631882.5818839
-0.3891803297537287,420330397.7114064
0.7369134820771388,434831646.2423675
0.6439710763407076,409709202.8844237
0.4785336588243915,497757848.8075883
0.3654570151181221,563886668.8225526
0.8457215504841908,608609880.6905667
0.3323455499097677,540689425.6857922
-0.4518408168210349,435968271.67909294
-0.3516475152279267,445092658.05873406
0.9258324777471209,562938401.9758867
-0.6400643729408217,903356990.7663252
0.0636746931009927,548547746.4882945
-0.2718822371924055,446509820.8184323
-0.4188580743918244,622376007.005865
-0.4905910859818818,639744319.3150538
-0.8222547339085039,448838669.3269446
-0.4175974593027125,491784111.9817537
1.6462739145419576,543942160.7020911
-0.9200698294033096,498048975.66344666
-0.3032714560794642,383447833.85988593
0.0210401389567889,301314924.05816776
0.1059878356803996,705341159.4948437
-0.6248636415257248,516933861.1792221
0.6542066864626769,391285702.86750245
0.4511771313779093,325776201.0481004
0.127715751143301,375609172.87117326
-0.355764396865609,389413064.9011392
-0.3705759901365906,557639908.257586
0.650949447033015,738954462.0480766
0.1689310313069039,404977867.9858607
0.8738552068480618,471954359.5005402
-0.2249031192791046,487796407.46586055
0.0934167489290436,454869807.11930674
-0.2008505069808348,398570937.18196505
1.6445344818334764,466182024.23151046
-0.004805676842663,695351194.119086
0.1571340087272618,546527654.8416895
-0.3542937097328397,728259109.5121902
-0.5661419688977469,590878347.2268403
0.0350565606200668,484174586.8445625
0.2829834289918655,413310410.64200586
-0.9443924876148276,427263046.8119142
0.0020042870496373,313220520.86098665
-0.5040676239951846,479859038.5836104
-0.3269362039657874,543557866.0410213
-0.6323207264772394,515084393.0784583
0.5180531020992987,337695745.7303297
0.0543382659037294,504379396.4070242
0.2588722679235337,723077029.8843647
-0.1537563265336935,417333566.7611436
-1.413361111537968,379516450.4809324
-0.3319537307671377,542556543.2524374
-0.0779366582841549,562876965.8686988
0.4948923932582937,538001704.964211
0.2931985231755041,424377307.7347535
0.1061957863073254,508633724.4730261
-0.6315223418718051,562516057.5639669
-0.4422895187544453,541672069.0749563
0.414021408959586,530624147.5255349
0.4625538872314634,385204192.9683104
0.6861886404696381,513344711.58569247
-0.1315124004446321,598048559.7480304
1.1134883738919277,630402252.4636481
0.2148556025204674,566461777.8924872
-0.7295434164301525,796169412.8083941
0.6323603778643127,451026523.88567847
0.3014151229400937,473036298.76000273
-0.3908531266795188,554803138.4461749
0.480349545808993,473010688.40954936
0.7971612935735255,697848375.94445
0.9356722322983384,493827958.2406952
-1.6084769234873852,823908237.6452285
0.3854919512204379,314476145.8200722
1.754590477939641,369646946.4755036
0.6205024004174245,464310005.1315694
0.2763431208316935,526757636.0377428
-0.1341746233554577,444045416.3717032
-0.1640505737723723,593930526.7037855
-0.0370313837882876,621263220.5864593
1.074191483746327,548390743.1601818
0.5294364918704494,778821812.0846921
0.6169564434475174,303191494.57972515
0.4736282823898798,489989882.7126434
0.5235780423254712,485991724.2867969
-0.0902813594240066,541853729.0340005
-0.9384759729386708,453956749.7683815
0.6047977617511534,550174950.6942837
0.5271647076190304,171445035.60477093
0.3754526341627609,241471934.7407204
-0.5744127412651059,553252409.448965
-1.1028184106778225,316587078.3378753
0.742674974375957,550147383.5164325
-1.0955005404752265,845652135.5468482
-1.6792814908286973,246109055.0439502
0.5585187330694955,552188959.3979013
-0.1975152632180739,651665222.7961473
-1.1958128603340443,181241377.66999948
-0.987093251714412,432907210.6115437
-0.2670322769414271,466844020.48948616
-0.3109112629187489,452604211.05915856
-0.0983390922955691,565146872.7307076
-0.9142885040836064,495275804.224367
-0.7720012552060799,594111474.7199483
-0.9921698956217258,39887304.56733593
-0.0952520790795687,601858362.1920457
0.5543936063951916,535042914.6005058
0.501926381957045,693190728.5879924
-0.4299966523654662,625304379.7612809
0.160063638252371,301830204.042164
0.0091733038674295,520647299.1783468
-0.6012829931684327,336710478.53826106
-0.2558505148382134,610788509.6330144
-0.51327928633554,620646663.479002
-0.0122044247453325,475127675.7741034
0.141163990688227,339832092.22523856
0.6018487930216811,228937636.2157983
0.4806819377320573,726027004.4033139
-0.433529781591118,731856939.378597
0.0156078228575514,512934584.8837312
0.922733914734358,386714684.9007937
-0.5931526782254113,270530179.4144928
-0.0520902446739337,453051202.1071097
0.4153710395435756,731166051.9016966
0.0181765195622239,757955629.2298601
-0.4095065734231736,448443644.6290516
-0.6917160638547376,587814081.897595
0.1442476227924683,569707128.2725999
0.6667675852625391,610325659.1125679
0.4103422347728125,513551631.6181651
-0.3055210243982699,719737040.7929155
-0.0118015439324847,740746573.3403369
-0.4620141984629689,244525107.0003071
-0.2780960529067149,558660731.8762035
1.135447380886362,239684143.1283961
-0.7825504081298295,618728981.3148347
-0.2713623198029792,426111599.1081781
0.3133365490994833,520083823.80539465
0.9433168767187566,620649555.1647276
-0.3959053291351666,687193439.3780872
0.9092520004193864,534078815.560476
0.2685373843765298,465003356.4131443
0.7684578771805077,738792336.6703421
-0.1796984601290175,571194717.1288306
0.2487709751758882,747359955.9719837
0.9952414769893368,295665125.8788841
0.5958434440112104,598109987.9204469
-0.0014703848769527,693768268.5153847
0.1012252254401372,135291735.88023373
-0.4577077635236143,289876769.6539622
0.3494449211380357,397308835.88698274
0.3964398308345067,518867651.7459656
0.7867801008764538,542061904.8647338
-0.8827315394011884,392222741.3087975
-0.1080353539650817,532265820.1975789
-0.7986813332933707,303865265.34052384
-1.1763739784393683,411412308.3016506
-0.1532744879588607,892425706.5662994
0.6732129081136317,313735986.8600985
0.2683686138469878,573049689.4780643
0.7580409053300453,481160797.0474065
-0.3479097430247089,772942229.56816
-0.5328385080179068,379733116.0924094
-0.4606032556257858,624997050.1166023
0.3108793219167228,479512381.7785681
-0.1011081244375119,585933628.9671719
1.2049574976470232,542977415.2568407
-0.7187340933404136,435115806.337814
0.1115379676833782,475129865.0142706
0.3936030129824694,484759417.67059183
1.0716757578410938,271983557.2164846
0.8393256144458491,271059623.81002885
-0.7474379650189823,533011166.5784445
-0.986243976389496,790749788.435534
-0.5269617202877007,525023313.367661
0.0794401655890625,507426828.6079255
0.8510433680060452,685371013.0239317
0.1957537787988168,176601956.26817062
0.9487791896465436,601720152.6836181
-0.5443180633298011,391781824.5819348
0.5895441375588119,765850479.8669281
1.3703804852991697,347754734.3518916
-0.9742090775941794,222918490.03074867
0.8300313665140383,379432775.8235627
0.037918482240683,439592288.3212437
-0.1598474653898601,586935145.8900788
-0.4341378523556268,565693895.0480564
0.3538323353716537,438574762.4200246
-0.1910292849430726,573946794.7188433
-0.867507932577083,455132312.0652617
0.7235627073420984,403271586.1319585
0.3462562606266678,584750900.0094088
0.3052334816620496,457650619.4704403
0.5755495882367122,839931421.1723729
0.352746331388897,263676962.25461712
-0.478305116402036,606279089.8412666
-1.441723715872631,612122083.1836118
0.5907019977563899,391766264.4281408
-1.1629060107201004,611677603.60485
0.9446729831400684,863213176.398032
0.1253802615101459,491200575.2212063
-0.3088933944561992,636252902.3078003
0.4597407532030585,659540895.279751
0.1369971080470405,440235271.5408044
-1.7944954633132406,602599175.9600666
-0.8698844451033061,294971075.1414209
0.4773671381607884,541713983.9640696
-0.6860931589658485,419924931.222489
0.0724803763700837,273731381.2225343
-0.8721664278763868,854781114.5571716
-0.3892913832299181,51535668.10389919
-0.0469533523847944,669480190.4874256
-1.675540678539374,180231947.2218257
0.643907176786699,511006760.9552594
0.9705561322141574,281146444.1317846
-1.0854063233251423,588799496.6159683
0.4966857456892899,559461250.6553313
-0.1543113778148657,712879611.8676976
-0.0111562300072987,330898121.3554128
-0.3163941154969426,451589314.6791352
0.5667063861761936,737528407.4701556
-0.3320002462420883,680403234.4998083
0.3849801251004733,474937778.8858826
0.2863167342322786,589924363.2555227
-0.20080466911908,549840779.5429963
0.3786501655783789,461775179.1334239
-0.3779902032245679,580189875.08095
-0.8252946372841671,799857610.7213765
-0.6353626016736953,435288479.7563359
-0.5892310811129075,368739011.54575855
0.6977799121074303,360267839.6054485
-0.4201019599449553,469073714.8515937
-0.6710977127108518,478084836.2780697
-0.2512734427271025,558096126.2580144
0.4973187802839008,575549542.4653596
-0.443103511895758,858347773.4408282
-1.1375852743131754,445077203.87766856
-0.3979131464254437,346022846.8154785
-0.6236838622623171,591663614.5330194
0.2372028135860117,742629736.7767279
-0.3113551222458761,455035864.8709623
0.0168019172823668,431732457.0074603
0.2761740767658083,480600332.5464878
0.6933063232787425,704406629.5064923
-0.8910282504611298,422080542.8472136
-0.21164045928325,231463508.98659053
0.5879909122928986,532832113.00414056
-0.6809762643769753,550237799.6612006
-0.4082436636415051,416128306.1254227
0.0085081424276675,496134706.57491016
-0.3931519831331698,405687582.141501
1.055062360282578,652076556.0344813
-0.6505654073894124,643832513.7178826
-0.0635361948936489,487783160.0461635
0.5318095362514943,493194919.6407805
-0.4720146391085018,615668627.6131183
0.9068843775633332,493508937.3503038
0.3275314156541016,296116393.9712376
0.3051601838253158,301082254.52396315
-0.3882587584960865,436104512.4648664
0.5255986061938314,472092106.4868496
-1.1569983822989651,191936778.5977128
-0.1461146027803992,304457875.41931105
-0.5457221197961593,655610751.5847545
0.0389592578981171,492251324.7581013
1.466366657319939,567254104.0183282
-0.7926187769099634,566229766.6211284
-1.4139420395304394,889276645.3599296
-0.6781877515177506,384465368.8886446
-0.3571077937018833,354985615.13827884
0.3374289611611544,387369580.204429
-0.5841893318321766,695583055.4662064
0.1414340127757347,397556673.4986322
0.4813835877005654,638203542.2912698
0.2047504036664317,505009388.68878525
-0.7320598870457523,654700674.6987032
0.2725619536686661,628382456.2957675
0.4892631256771335,756149467.5131328
-0.5034545612894484,633634251.412824
-0.2216018651581493,392744644.4007689
-0.4843065708815594,583285873.8753254
-0.4362603340083428,405758930.8148628
0.3714544545272452,421678212.57137
-0.953658473095922,181633666.6016319
-0.811682792431032,599321430.5040299
-0.2488431912621444,308321715.6816975
0.1091542339423154,491215475.7373804
0.0037575055365085,261789441.5426026
-0.3078834188098378,725019260.6681284
0.3820100823391062,662996557.3640466
-0.0384270493154707,482225083.3947991
0.4196524355505713,564312352.4268806
0.0552239725209941,455549036.81004906
0.0799718624568265,591666570.8711185
0.6871486835334369,447040170.8983437
-0.3591793418820065,516397512.2875695
0.2969194000531244,510716003.3235328
-0.5022843953936436,491710007.2164345
-0.502701761607367,374483313.9235098
0.7676664939090028,751848670.2828846
1.7347920515299209,152164404.20338717
0.0232870872710039,714304636.6417466
-0.2039686918647504,687281027.2197838
-0.419488171696909,743031790.798115
-0.6002121035143582,710839811.2973235
0.0682520203659197,578522578.1562558
-0.1086541668470568,175180009.00474358
0.1447718708116337,694462898.0261958
-0.5822683120912819,452018407.235765
0.35488291851221,404531252.6797946
-0.4698633526241077,179342607.88485682
1.9557273232959005,686028167.753833
0.1836903972141856,460236476.6196873
0.4624157670578394,623710251.1916083
0.0680426381141498,500524844.7592946
0.8577969205302676,157664998.7502867
0.8353883474350972,612413502.8983922
-0.8211845710538608,479526945.55598736
-0.1225441699948062,466539126.6142759
0.2441806975577219,583839896.3647137
-0.1635889945242538,617648809.1653061
-0.7636684192759826,512940947.9300341
-1.0597156609386658,650827585.2210393
-1.1211071040755736,780038721.5045428
-0.7020004130561414,395613238.8851311
0.7657956787421044,563580036.2861919
0.0178305176396717,534788214.64116377
-0.3056135901272306,265034980.7822834
-0.492834918678238,434598670.29925007
-0.2727388543819289,287155956.80966616
0.3056640468428832,304513156.54869634
0.0241140299455149,457629747.3886449
0.2660677773199333,394047905.85140926
0.0635147389012646,425390165.6601963
-0.1123111228355162,639715408.2705362
0.6972324661117338,540809761.6308085
0.2764166540539099,886128885.2985178
-0.39851849119709,375333254.1926788
0.356323789808711,663133413.327601
-0.3368888432308005,565376633.9117882
0.1616766533060334,524700596.2718304
1.3518207096380377,510796290.58202696
0.3129540047304374,691098122.7909456
0.6332647220594426,526120434.2190851
-0.4511725730380882,494271536.8808224
-1.139614254842903,230227136.6409874
-0.0484004221109145,196847568.97588095
0.2425394481128201,529300188.9925629
-0.2219001044999323,243456240.41893435
0.7117241382867473,419193264.0893595
0.2660190391708696,606487473.9749955
0.450655847890175,654372985.8328124
0.890029802148145,679272954.2189385
-0.6655168378650034,533662751.6222997
0.0809057769612255,538415160.5634363
0.1569179102861444,536867883.49640447
-1.060782436221864,322161428.7219073
-0.3255649176087425,573809041.3075186
0.4447079487041347,647906588.7292726
-0.5320950470835341,134689519.6800745
0.5889145199939031,603451633.7155211
-0.7424364951825444,444776498.39999646
0.5175745808762122,432978047.26623374
1.7494122201356783,461538382.8381712
-0.0486105926857232,183616760.897874
0.6104626882201836,716597008.962433
-0.5373347819609005,594110467.6965698
0.6603701061033674,367746782.291768
0.2738781752521126,384951524.4386529
0.9300746910193268,509625328.8387137
0.1314950922097787,459013958.0383374
0.4133706196377198,332138653.9429715
0.5902910137518815,650112297.1830064
-0.6693381833895299,509087118.7401574
1.4618893648918236,756592520.9829872
1.2477884021010368,207482778.1519639
0.6301735295759989,722917184.5255789
-0.1520182387782675,511563900.3436092
1.1640010668751155,230808309.0569054
-0.0441062289625115,389530323.79194766
-0.5981721687234071,550443011.9462019
-0.1079691979034851,769438470.2527597
0.5370713002894066,392014495.2551219
-0.0436742851648232,573353346.1368492
-0.9054762167387044,456778683.1071759
0.5587000404385687,446514325.6909784
1.1084778119626284,551271968.0601999
-0.3867940644449845,448320183.3157165
-0.8735209748169517,495453418.8100979
-0.7032339633201458,478784212.1554697
0.0408381627919429,426998128.8663493
0.3067939956178431,350558464.62776923
-0.4262311214863284,348775572.6538816
-0.343104160494502,676806855.4214661
0.1292884029901895,465886805.0001705
1.735753043790552,348743220.74755096
0.8539093856916119,819312447.0545555
0.3617890108542837,451979532.3162805
0.8953633965010044,525841386.7086839
0.5460429241045687,383274834.8360478
-0.6861454295756817,734377209.1649234
0.3972669431003555,556836021.4457762
-0.808634064516788,598209299.334852
0.0809158209022519,387311510.9301165
0.1064452341145909,380835060.19612986
-0.4958207493320095,819200174.3508
-0.1205928393953887,868836453.1937737
0.9891409421125292,591287548.1003606
1.0230755912654503,454387727.02786267
1.624369769477044,801000540.5992322
-0.7887549259994098,466139842.53548855
0.596485826918084,440299781.0490781
0.3385435213955292,420440548.68386257
0.3939953854629142,502835706.38820153
-0.3751847981977684,569460364.6060969
-0.4318855337212823,363302771.0098174
0.2838577281048212,249104679.2036732
-1.660827736848404,543308329.983153
-0.7526269730117994,124638452.1497242
0.2347939163210976,396638977.8343496
-1.4662448266117227,119877823.97521444
1.520702638148259,589996025.1616234
-0.6240226318269991,549225544.48361
1.701456270972829,761063082.6569654
0.6818655213208128,597092240.9566526
0.0363212738833643,336885068.1843916
0.1488246615090322,318377715.28792393
0.4612890897718155,384852802.2043743
1.2993895609928845,355314096.4525339
-0.1550258667763628,386178714.4527457
-0.1514529424516397,875148795.900497
-0.6075301632791312,340082121.72642773
-0.7628450698767842,437259342.8744065
-1.1158231263626512,355642113.6531548
0.4114798357540087,430464703.490142
-0.7090194486023096,616793431.6339093
-0.2380346054581621,460669261.5930315
0.925114380234996,265394613.3517076
-0.7530637127972861,222079976.8158144
0.8700679001346137,405461316.942654
-0.2037021537892133,519883283.5345054
0.0014881444316697,335544436.8032053
-0.6162119136942463,595013630.7642797
0.602650735770783,256103020.4391705
-1.880421200046977,646576477.1722989
0.1750354074615729,453621340.2417174
-0.105169664791235,560470770.2140696
0.5120566199741045,738152651.7110119
0.4602966099536137,500348019.1288183
-0.0930137312795778,548320228.9853804
0.9367002191990104,364437022.2119869
-0.592375648731607,477610652.81249607
-0.3198061729553687,531397628.3602984
0.1975130004952063,473721009.4369084
0.0221429819657907,547492693.131577
0.0742743665787359,403684639.85015273
-0.24965972532035,587512933.0259874
-0.2400208194672561,654892528.341822
1.3895194204983667,714232187.2581593
-0.4579648286964011,331248663.5719675
0.7137324356108339,616067203.6842934
-1.6901355883265925,460968718.1838796
0.3082156997652819,783777370.9638834
0.1997997034930782,469255362.868202
-0.3050135977271155,686053535.6711506
-0.2554941546746891,581243594.8639698
-0.3047694129892347,352101949.9855412
-0.1538032319824068,450626334.80870587
-0.4458989605901066,297370451.80509204
0.4583925552424774,314778316.67188364
0.8803600196305554,517268444.5993647
-0.2223302199626346,468518709.16926926
0.4619358723412022,379511125.3949268
-0.042642031817333,346749598.34503764
-0.1404268623630947,627938723.8709726
-0.4649399329377641,632122354.6013387
0.0391883620079676,564244540.6941999
0.7124006161926423,224005147.7678281
-0.0721951957949966,519395378.1798836
0.0827335498968183,573256881.6551251
0.1038489108793724,422480195.1795096
0.095030021740665,534672025.6716626
0.12944383068983,381653680.7719802
-0.2963075728935793,360896498.0693741
0.1099896587714482,439358797.0144191
0.2694688281720941,607417264.7591985
-1.5510257665682905,847985368.8148359
0.7187729619714278,488909472.9731295
0.144265300779014,396868360.7957404
1.2861345174934131,432961215.2972101
-0.4270665310088293,230768319.60001764
1.2212975783780162,595678461.9658698
1.794899236148373,408742649.9248398
0.2216156535575799,426184997.7860007
-0.9980244515018528,614812024.881166
-0.7514743408494935,312359378.2036492
1.3894526422865892,582899793.6640071
0.273652113518426,629549616.1848854
-0.1080112959526087,546814497.5564822
0.4421052716911903,526478498.9070653
-0.7911575016663113,389580507.92712885
0.4434602655959428,326906418.7625326
0.1474500693013846,533755777.7358344
-0.8180508602515463,410853939.96184313
0.5158757790684084,669072712.0185252
0.4237604859435519,736777483.3759458
-0.5649960894744621,412200352.9900616
1.3788543465576424,388012247.65099496
-0.0238760863921508,538495070.431979
-0.8052776017438603,424083774.2132917
0.187687567135969,445485116.4839788
-0.4538677414572829,549109001.4050676
0.0747791160749953,278772715.1027093
-0.0442578826537933,277244715.73484933
1.0702911827783688,571113297.6893048
-0.5337412662187923,538020462.0602632
0.8416777187952051,238986300.0974401
-0.5556498844418305,530933145.3864933
-0.0357795642680425,197209581.99255168
0.0376405818415414,697511857.6678125
0.1698731904426892,642868262.4514794
-0.1098668003410536,515050666.8150024
0.3942110519723696,637560618.6057649
-0.0033317368968248,428929910.5913008
-0.801150582994044,760923374.0870539
-1.3732926265214274,756913033.7184436
-0.4277391940692961,557779581.6562564
0.0655834790737261,706336604.8417774
0.4577660087642374,352587295.2750718
1.8576384678269269,257569406.657692
0.4206916155527339,621840443.6089013
1.410363024574,31028140.000026897
-0.0591452769633832,550027059.1771519
-0.4858664049574737,744121517.2054261
0.8322205364470248,171705073.72661334
-0.1355695550104974,470057548.9472668
-0.0248541400338653,504983006.68887633
0.0915233901069538,561193927.1860185
0.2798181647695761,525457971.0160536
0.2089831022950989,489031854.0805877
0.198105851559865,681434957.5619582
-0.3636733713822981,536596277.8484331
-0.7421507628230316,695874257.4480215
0.1180904619853443,317446438.2912994
0.6601502231650807,620687880.5156463
-0.4883232406410517,460194145.49172
-0.0933536989416773,613692821.5424148
-0.0865578071442964,492702001.1569726
0.5234216027069254,239488112.97283453
1.3321930643778177,483043259.3973081
-0.7632841383719582,365172120.6035254
0.4785170866831987,281772856.68512505
0.0228061167224687,404493222.9531032
-0.1905698725189651,245291137.39248607
0.1027958636913948,584293673.6022564
-0.054820168695086,442608670.95348966
0.9399977091859936,671327738.6431128
-1.093352629395018,931894915.377774
0.5304278049473871,267718639.4644048
0.3507662549399126,349702451.35875577
-1.6942246288696134,651748549.3610343
-0.6970916913978108,572809719.2025633
0.537412857107643,299137679.8939318
0.2857283416070889,704949448.2784783
-0.3859061522152229,856128830.808229
-0.2251669614903814,519350204.7320245
0.463742401037674,477449459.1011133
0.0554938950848026,391679317.6700901
-0.2278964587395406,605314354.3489128
-0.0004039224602875,663811926.0620542
-0.3483275925428981,437770618.6201584
0.1580815849472794,357450532.4560359
0.1282558573534727,341518882.642579
0.1079331302264489,288011642.06269103
1.573256133862833,734544432.1775975
0.8327897452393849,623359733.5485022
-1.4823629332202994,747080749.9159036
-0.4153298165075879,756136960.5100003
-0.0022009534722495,524998028.26004046
-0.0122353363636444,386420739.085944
0.3802998149965644,422179061.7906353
0.597030282555918,448734711.8714044
1.2016558050440596,371120594.5088078
0.4866990125787968,327662935.3028392
0.7221096286092152,434973794.8845097
-0.5429620397071111,154975391.06886747
0.0110385697372279,500185277.7679252
-0.3851767558650834,565839741.1371391
0.8700894903040306,322502930.00249755
-1.135014966151521,573294600.7517291
-0.2025179976458892,482208218.0485762
-0.0735119658550967,452840036.80344015
0.2941887982704315,336108705.0251545
0.8421585651947607,669442651.2930727
0.7833690521735543,931707031.3359096
-0.2267395488845987,534179905.4734548
-0.4399987626515811,136440025.48711783
0.3949821398825453,564322849.6843084
-0.206034372206722,448817398.3555906
1.1118935206745453,599820067.5836687
0.2536476003122782,571964427.9264222
0.142039146397403,415814534.5985645
0.6151297424283007,312692514.7484834
0.5503520965824965,432904014.1346113
-0.3519584618807814,439408967.6474823
1.268875936065105,691352005.5920511
0.6510566966838569,633673633.3799703
0.8419403934588032,622680776.7426686
-0.2403191234090771,426258444.8293624
0.7272435134189936,547497981.8534911
0.1270566124947849,574278493.3712425
0.5624689261075018,418578975.7716802
-0.1631598587484965,261270047.1235661
0.3319419339804582,446114776.7848153
-0.9283393888247284,448880838.47437984
0.4733322648011016,550664858.8555106
0.7690893826029398,634742815.8051025
0.9761901468624132,392460344.5638747
0.1998554657943736,851245359.1850446
-0.6773295385258304,920584223.5332068
0.3169120048866339,462101675.2070477
0.3065944524087779,494890626.9093066
-0.5276950639686165,521265555.3911638
0.0944462898858475,655682576.5926641
0.1958701140990452,651963235.1154383
-0.035263691361419,608642010.9916662
-1.0845192146818583,617472533.3973399
-1.026965426506358,487196895.3529824
-0.4491557328883665,407971520.7898797
0.1020987498620293,480031424.385218
-0.0006776915936168,688237693.148087
-0.1640174450606723,603891017.0105644
-0.0943215167094724,434863757.5166809
0.18688933977971,18791943.47101187
0.3121936735919859,390198070.2327879
0.1444669857517242,227893870.8809165
-0.3172560274373945,438090901.72631794
-0.0369908587146039,400732109.0468653
-0.8844392987264473,422455869.7563517
0.0631161449677973,346291359.19913346
0.4337147396855749,529564773.7251104
0.2243780725467202,350471707.27071154
-0.3081170276553825,309360151.71451247
-0.2219732955482222,499140349.71436894
0.4129475210107844,604615824.0275832
0.5519374538723465,169843020.5986395
-0.3698282943613663,516856274.5562567
-0.3408686678367187,624967629.962053
0.2269315086943554,566751868.2237802
0.9792348243443127,463639229.72282535
-0.363996951528464,139672901.45808995
-0.7641637448484305,672022764.6327962
0.9181641626368776,443221307.7010786
0.4976026304732698,347173930.3621202
-0.2632373777025594,664176575.1293623
0.4854881323746386,471413365.9312429
0.3978222805189393,323811684.2863173
-0.7646198701933162,234970343.964617
-0.5186004252309999,684819627.9206709
0.4694608125195942,381227055.6820722
0.4001614505657514,783905373.2520684
0.1306432981714919,618285156.9083326
1.5621697388714315,705289377.8088582
0.327032776904147,476373039.15154535
0.7113143340376045,71147379.66599773
-0.2119957015823447,507288329.12476647
1.8456792096591363,527983727.3728441
0.6527174747922512,762653988.1059558
-0.8484665078808734,163076327.39389166
1.1295534970831969,235892790.2160132
-0.2979421830303421,648873833.4093251
0.5356509040889125,564962991.1802348
0.1352073731808823,456442974.69149446
-0.4983530228871594,190479936.55323032
-0.8162750914045716,392314987.0352792
-0.0310848487131605,462713192.52202064
0.8025674467816206,430095358.34374416
-0.1194279529272015,647015500.6703159
-0.6517820842960246,584788619.6213986
0.9768177610126146,455035094.6224158
-0.6837566906182947,660473714.3798112
0.0748646107881816,502585903.96742576
0.0925703885515331,393291470.7687312
-0.2480583900872487,866769625.9845405
0.0319999158519069,289042289.891083
-1.5732245617572758,924908197.1442524
-0.5023211883735648,567788225.5873619
0.3079791397740075,271247452.02865976
0.1971163035825512,592453679.4673265
-0.3919273393660135,538322759.1782488
1.137118042916926,537550711.906008
0.4535637632549761,726985452.2908516
0.8925570200523807,878285263.3311121
0.2687787641295093,323321224.158959
-1.564695663526093,350219749.54288274
-0.0046397613442036,635303885.4923371
-0.6241332091895717,401755497.20993394
-0.4520785691083133,666717767.357551
0.1554542780422584,700018252.9534776
0.4631157378694168,186188314.3803723
-0.4474862268766892,667831881.5169548
-0.1719952789812652,400672012.07289785
-0.5216755772114362,405867120.06816405
0.2210260857953569,580656722.5941608
-0.1155122966921841,474986129.6905277
0.9727034623471352,840434941.2375903
0.655801003316255,504063647.825785
-0.243841437215739,527418277.518814
-0.1208933555946879,337939548.545715
-0.6066332091474559,434972534.1329928
0.5776516059736055,426729470.2996385
-0.2355099173814772,449260402.0402284
0.6798260856243589,526301363.26920927
0.0554468609080917,362400215.9530111
0.2051779122815789,497558706.2173769
0.1708210494515132,285196372.4236536
0.4210121571673929,386559045.6551864
-0.3140664610262466,475218828.509931
-0.0402576228405867,365507797.0156605
0.148525918283382,563075219.8355036
-0.0788490343944383,436421821.49149233
-1.3256849217199638,757552399.4294076
-0.1199435820680826,520830425.78055423
-0.5939621078344319,601648838.9598559
0.0697423583608421,578865933.0438795
0.0511542558352212,548384945.0538235
-0.4934187860554783,826848216.7590556
0.1855959909330621,623138662.3832612
0.7024511630555943,549256254.5900095
-1.1548530915156654,173612795.34616414
0.6890842966364993,474293022.5551089
-0.25214141797604,757972654.5961386
0.4874699548498322,640307296.0134889
-0.5276980098102332,579755961.1631582
-0.3876701228758559,419769782.3102648
0.5583489572195994,406723160.9111647
0.357966831237124,636265012.3114254
1.0004655765980537,441351789.2056365
0.2841542467914272,464901624.9554328
0.1993555064032635,750044543.3440825
0.6865843077478471,696418988.2698581
0.1784245239286736,499147527.1955791
0.6952777265005761,171657540.9550004
-0.3565337358570497,473674550.96567714
0.5457532495470557,591914655.4847128
-0.7949875393135682,24269983.092291508
-0.4429760041675625,343608828.98631203
0.520696003254796,551636281.138532
-1.4109407204667164,312033158.2815373
0.6779817323146121,503379388.0740366
-0.5342960876365916,276244734.0102169
1.7046382987369806,955912021.6162436
0.1130166663648695,238487725.7164496
0.6662822264438893,309369794.0751203
-1.055788960570761,454407344.6340709
0.5782175244835762,368668650.095516
0.2126415129153638,493821144.3883927
-0.4997209091884579,452288042.6013522
-0.2723952174133902,710506603.7312896
-0.005703704455585,632359059.47635
1.1203585852979974,515086875.7834168
0.8230327910452235,656041081.4358354
-0.4885658654770196,408511254.90803134
0.150520161722165,699598241.49441
-0.3202283448914606,259348118.18934503
1.719186980652126,286097020.91548973
-0.3477085847750256,464406368.2388883
-0.5381071235567484,492709405.0891614
-0.0514060829716962,377426086.4087859
0.0339336795513528,331828574.12523407
-1.5677674046581789,536915666.7136074
-0.3528990320445346,626196065.7748557
0.1721510794960464,548720820.8824859
0.1090296558904436,113090948.57668236
-0.98187529836838,529013694.1810971
0.807384811463225,514381746.6088258
-0.9065614580718784,598896993.8816075
0.6056118459411142,678776659.91304
0.2844770289108608,368956801.5108987
0.9696876641152006,468129984.3377916
0.4723734620220519,450767363.5413207
0.3202740934016159,602626951.7449951
0.3661974502933211,518764487.8992571
-0.9266669249850432,439712412.01454616
-0.1634780276591205,580568982.5742514
0.6821553078585179,382612622.348768
-0.341079070331887,455248012.96324974
-0.1243989971926868,452438457.3349613
0.0336211880787612,505734203.8682609
0.0544343418746416,220175985.3516817
-0.2129537738905566,439337398.4500361
-0.4941310729825525,289813786.7255215
0.073405742620993,480782072.4581483
-0.7998252500826419,872197012.6289966
-1.485287008974299,660012143.7926949
-0.1983245143503607,499180082.0601996
0.4100809610965845,599424142.8188252
-0.2693746226582773,174075876.2567315
-0.5923945138470968,524901453.9533094
-0.9524548834436,712028512.7734114
0.8405768746913113,397669223.2465082
-0.5324443757562518,251266719.5735403
-0.3724300544593209,725522736.4081053
0.4683793285800657,553518208.9497185
-0.1225050646701049,569119967.2672849
-0.1729988602114972,582534449.3244256
1.1985173501111266,626450121.5811042
-0.3255691095668129,476725629.4342117
0.0390643835371692,474641485.0320015
-0.0697729696312534,598436824.0734992
0.209508797899478,848088106.58486
0.3615776266908657,361302272.3999301
-0.9725419054181644,271397285.18372977
0.1038460178473532,486683276.4496403
0.3221315132134785,232419389.3778177
-0.0339797689470873,484224132.5260845
0.0184076516891156,249378339.98925015
-0.7297584243795061,244285555.6330952
-0.1009978417014765,177140256.01537403
-0.6846090905353345,483522738.5091989
-0.1251246202330964,647640168.4923748
0.2359110171066296,349051082.51044464
-0.5313793268066457,582803832.1560394
-0.3610088894892954,601887880.6190087
0.3298027799038138,521680979.5040357
-0.4764539781577024,564988905.0708984
0.2044657711797947,343856864.98903286
-0.0565723305366359,592312506.3064028
0.1360362868693452,652398346.0086318
0.4463907184121616,560387383.5316794
-0.8216236364142427,69742149.81076367
-0.3645649300557267,499224850.492318
-0.5906003632156114,528515766.5492295
-0.7075233689827298,347438114.7359208
-0.1569998581939141,754795241.5426865
-0.4673331930533549,392794000.3763065
0.4649823376049463,404713816.0050659
-0.0684743909816716,637029806.7029226
-0.468485883818912,519651919.4414601
0.3108267234493463,221513363.3629705
0.5987586690303501,640677751.212892
0.7503884919684523,718179919.6241977
0.3731907213622719,502626563.5826548
-0.747142076211993,322539991.4454383
1.3967383095633217,606510659.735137
0.0650450647046471,470655298.5471108
1.031096271271203,488643020.6476269
-0.6307133674792473,476984649.0965275
0.226760342961619,304394099.44811124
-0.0842458130189349,452538618.5420401
-1.4532775097747348,481844295.2963774
1.0092343376678992,579715367.9227892
0.9219045356216548,422734622.65807664
-0.9273251236536666,287394609.75758713
-0.5129163341857534,374963140.00610507
-0.7726302678432996,407699254.45292574
0.3844401845609725,543027040.1398885
1.7713253341228667,567717491.8086574
0.7544708796527217,594510662.2193072
-0.2993519187066039,686958817.0218594
-0.2083271603130048,599002470.6892238
-0.7291055676291812,372409186.5198421
0.2807698876066747,272482883.4297313
-0.7293156271272301,718273635.2045207
-0.1661527279694498,435952229.5671101
0.9058071307739416,575906433.7807845
0.1321807548087349,549047796.9238521
0.706586945601734,536859699.9848078
0.1339146712073811,562385949.2559048
-1.4047957875452877,772805397.2471817
-0.9668129319668908,553932444.0415738
0.4344195072615704,333296289.5387666
-0.6585349874599116,321464823.78233075
0.1861647395536004,274270234.28296536
-0.4920824909167847,790123919.7696297
1.5784489720412054,732470975.2009615
0.0820028762925977,283684355.60407543
-0.2793964624015017,509499772.97608167
0.7516357973027815,499264318.1316654
1.251217938212343,252807347.824399
0.3936627059415438,477400902.3124294
0.6847807399629954,633973425.7289318
-0.4307261297372417,505578955.6757214
-1.4778235292567112,613828303.4457608
-0.977973552139194,630505693.2930962
0.9279259022041464,646512548.2666384
0.3321860936045625,628468236.677466
-0.0469258635819562,335565076.49253297
0.0321501994574754,339090822.8185356
-0.2337185713152568,645238795.1825203
-0.3204824948554767,516485797.68482864
-0.7705652701591581,833578194.3480684
-0.080551465003047,407268799.58591896
0.2395607829441705,316014077.4055524
-0.4579302001656133,686563653.8399903
0.0309998239921134,561560634.0251428
-0.5404613269656853,743442618.130438
-0.7494645488153145,599896320.5741031
-0.8378849693116596,533144165.5210969
-0.0566179963143039,756190524.0189043
-0.6573133649247431,572293446.6819419
-0.7959946255599364,586315707.4583617
-0.2708436202980473,531696933.9234148
0.3030672803468615,622815974.2999256
-0.8134005821586245,874408912.2856461
1.392416972274943,207615140.26357275
1.4993958897339694,554111845.9861612
0.4177891616760067,556828581.5365372
-0.4048512272802719,506137514.7448525
0.1929830628775235,614157541.0681857
-0.1539569602514225,626776166.4046474
0.903189573978224,328100892.5486671
-0.0938041083865418,492444357.8634392
-0.6768493257782431,405489519.411508
0.4394802464990718,613830191.6172861
-0.7431164008853529,185371877.8282628
-0.4309777361530296,839000623.5022478
0.6925176128741051,623014980.7594519
0.479886123521577,361199675.53795695
0.1464620938246459,902109886.4534514
0.1280157046066534,686986367.4290462
0.2174166692212943,402567032.2890415
-0.5862003195120375,618116931.1098936
-0.2829921488290579,585041399.2645688
-0.2455223156607301,564350668.4672056
0.7044030840224963,596490635.6599088
-0.1968060510722874,537144912.5212622
-0.1077579286261072,575012611.2166464
0.8655424144902576,428573778.0062468
-0.6257618460754215,488531367.8673946
-0.6585938802895919,458032750.5360701
0.1470264571782196,634000276.4880742
0.8959840159232823,612295039.6379572
0.0278509462957594,369175813.2036903
0.4584338004233294,466730736.5655154
0.2376891145982208,363776901.4767566
-0.2187876903170689,681220732.9444735
0.1497660230422291,354535053.9135122
-0.200786752547489,543688466.8054175
-0.6853171708850341,876008358.5953163
-0.816412896277338,383795005.7626112
0.4310712577745723,627157362.8078976
0.5851110142978491,509837155.048682
-1.768833898725101,461222254.4581194
0.0258772286051066,413582053.897907
-0.2136361735200267,654658088.1075791
0.3533656216863324,483693687.12419206
-0.4017648244693452,535620221.6337806
-0.1247330627068591,381708113.24173
-0.0777656792443539,484781003.1207343
0.6246645018426734,413963525.769821
-1.002255234162405,104707246.7105854
-0.8252274754140014,578472648.7427883
-0.4497775773913131,604205317.4473207
-0.2315160026999614,645635865.9877375
0.2137817765274857,363885065.2623142
-0.2352502290573919,511593501.73224974
-1.9472356819229208,428945952.3214622
0.9492908584217165,546938639.3354335
-0.8860644036580007,433894813.4947996
-0.3307088230310771,638432818.700845
0.0897142205954449,456490417.8696351
0.6279996185613044,600702944.0822147
1.5601933818336486,540547237.5904365
-0.3037437695699609,485949935.9083968
-0.2131131047067835,456416505.4922493
-0.2183864038746848,544654028.0288581
-0.216117265402247,662176347.7574964
-0.3018631412819281,485032042.2679671
-0.0867341486041848,518301595.5643422
1.4764092969800369,435027289.97983897
0.8470696045790488,286340786.52824426
-0.1246993978240339,626423829.4724932
-0.1148559943329927,753457257.3364459
-0.4466840470702909,466781562.985847
-0.5221488609977583,629886657.1527073
1.167003494772897,944504582.9436598
0.3982402269639252,528352161.28673714
0.1927544369863289,559982754.9780726
-0.6537907055327958,398696614.31369686
0.6901462137648904,489390823.654888
-0.1235254274022086,547275998.5607537
0.4585252312013518,819395447.0121585
-0.3014850754597062,255328413.24287125
0.8052604248748954,229592076.6248336
-0.3856849225603351,307792898.4215055
-0.186366785112668,818704368.0728669
-0.1115475780728019,233181338.98017305
-0.0017354998702359,417016386.2530506
1.1812657336948895,364997801.77676
0.6921771399129057,497096726.9127171
-0.4937660591443789,342224959.3465586
0.5082281891870297,512378445.1809474
0.6808822429718604,628894205.9812979
-0.0656359833572903,386306757.8012287
-0.7902428852399619,610456862.7874972
0.646528523714521,433015188.4245749
-0.7201209429202308,718065844.4100132
0.3466126945773488,638899255.5477737
-0.4729298549131615,176793890.37514865
0.1532086789443909,688687244.5891433
0.2061613533875613,406270781.7548772
-0.0946618500849737,583686277.501851
-0.7061864796097451,513131632.2276991
-0.1486850552820316,575391737.9259564
0.4963680248448204,359183606.55169195
0.7973950130011942,429539880.9403665
-0.6858058722757833,381445585.365136
1.7201759199646154,750304837.9050183
-0.5837012185818627,378289542.41751707
-1.1999338109774735,804572365.0809716
-0.0696070021355597,329649546.7086665
0.3202712080753916,324822246.9966212
0.4687412816542447,576977099.8267584
1.3030585757140734,479672549.9046869
-0.7772504513043912,592195045.1852512
0.7467054577339151,329997936.68372136
-0.6105766612378715,492306372.6350845
-0.2646756829848721,528244788.48848176
0.6453108164239861,440037278.0853136
0.2001308891852551,415279940.7011269
0.1235341296704974,205241762.15288985
0.6773889727053819,319594462.51505315
-0.1079555395913535,457258935.9865336
0.299896400188983,446256602.2078792
0.8204876355126695,699419211.3720874
0.0508088955419527,342507955.35407704
0.6698179810659592,688971830.0008587
-0.0523300385519824,323519200.4799544
1.4324836101045844,604376038.0032395
-0.0699534186596041,745556412.0479761
-0.2935342724441717,550404537.1171198
-0.4392051069046314,572111824.1767175
-0.1098299209927347,538507210.1229006
0.3618996394243519,667680841.3606216
0.5172810148500144,788464979.7216537
-0.2777861903568071,505791177.3781237
0.4656637185319288,328471872.6617077
0.0226650193967586,700873928.0556706
0.1508822980147871,446590924.8749816
-0.5736496463673152,367081678.2932905
0.3263738620730891,532138421.85958594
-0.5183477509023029,581887065.8008144
0.4609115198502401,426666515.1147215
0.5509951487161224,321599002.4508886
-0.1271904346554299,240716497.0086355
0.008366780070303,555800520.3798463
-0.6482721411954738,461913967.9158701
-1.2327842073949098,712276959.4706337
0.1723791138848884,659171242.6180993
-1.3806342618250416,574761051.8499272
-0.674627631597012,579597192.558256
-0.066688285782323,522541226.6081945
-0.2474675884286094,177469925.61715555
-0.728416352681993,358370453.09380084
-1.4464771548335194,637879031.2147989
-0.160925780722145,576617850.0082003
0.0665546679153535,280624193.51436263
0.6216492249997827,635810737.2981619
0.882180703487365,463725296.5990388
0.1476230353451858,453523981.19433326
-1.018653153738638,529767478.9324074
0.3519395271168004,416275266.194809
0.1664943140167985,479782476.7312744
-0.3586011468386851,154407822.38302848
0.5404365285749864,697558799.938709
0.455767832954454,553136436.5498025
0.1439669532172,436531475.9237551
0.3777232279530233,218201183.886973
0.2209048600661144,629123934.442758
0.92523048352523,769419907.4501357
0.5596877551038051,726894788.818743
-0.1395817764925299,424217006.64946806
0.958407694066125,606961768.6126667
-0.5377825765352838,522936304.6859602
-0.3744097090317916,629932514.8024664
-0.1425508127881731,624027578.3983477
0.0898160456349768,579949107.2868929
0.3126770798186379,699218161.4030592
1.5152563970479214,462983818.9178541
-0.1023712513349396,635192328.9704454
-0.1963251621476009,603835500.0896121
0.6027526069455493,373695433.52675134
0.5049676415483466,940513414.6843278
-1.6780693204929935,832829925.7554353
-0.415113698004289,600309403.1508476
-0.6908862423329802,264589712.94015616
0.3354812806303524,318231884.82268983
-0.0025610095569285,658398269.8573092
-0.012300010654578,407889031.6598613
0.6488188700794497,592908624.0238085
-0.4566928639975646,279309114.75921184
0.3714709077444006,305459925.0007508
-0.5566489717725536,451556289.1316798
-0.1950036499224715,547157251.1222883
0.4512004979801666,448088060.0600348
-0.4566248941222616,371850854.9629024
0.4042667016551159,769429694.8585241
-0.3863163321901678,631837485.7720838
-0.7645344145625546,668568655.9863701
1.2091599094999614,527443868.8266456
-0.7230489110434736,348977634.0517148
-1.9553436948961287,511442375.8613151
-0.3280760521233367,331789957.0669241
0.9828548089035462,654202547.5778241
0.5992269333441684,396474791.21163225
-0.8285075023887185,665725925.8753026
0.0639189362517033,534940774.1682342
0.4912309804496234,558353925.7847643
0.5880642477348565,611279982.4380134
0.8559103886418777,832269247.7632098
0.9249635893617004,679004272.6527884
-0.5485680965717756,263172654.87753507
0.5008697310039071,409617149.8113772
-1.880006429979321,963876948.284372
0.3148499451142326,460943473.439006
0.4321685003053122,327297833.57869625
0.0127719722708481,886273106.2309259
-0.706257932612603,540785536.3641983
-1.554562320849397,402778815.3876133
-0.2364197838802878,287706106.60341984
0.2341062141400264,628862498.0869194
-1.2628152418783745,118539343.96175905
0.0061035032412516,365234801.0611967
-0.3770214382847652,182160389.01852423
0.4600749772634318,498802582.343821
0.8281319805052274,540103235.9137266
-0.6798392786815876,628466942.5359911
0.226700111402695,611763572.8051083
0.2367229895982348,367419503.9662881
-0.3805523329989064,284322412.1627308
-0.3144444560177172,592749156.0556415
-0.0848171440498131,722691751.6311249
-0.3421416361674798,402386042.4984136
-0.2760159286335241,578703445.608941
0.9554251762882036,141436504.44797963
1.517712435895712,635170172.6784565
0.7900537316052689,638387208.6870335
-0.0100438314722856,278527596.69279766
-1.1685510121630538,288932908.7859937
-0.1781100712504918,603050151.0104231
1.367090025744767,356996085.16378206
0.759926174819466,461813436.5667544
0.4907012134405571,491536915.0557066
0.0802687970493885,319424934.1030112
0.568081013007531,763526890.0614109
-1.2107649042057382,808701717.8200092
0.7608218486459671,536829181.7573684
-0.4721553323347258,388963014.8356266
0.051654956688253,680858615.219687
-0.5095773311296553,499096026.5799896
1.181421865547636,576747477.7199125
0.6262647158127767,312352259.3633064
0.0670736388526245,632914004.8565484
-0.2060423464835179,375910136.8354743
-0.2505145336974739,601153190.2686617
0.4249929981767952,691982510.4960005
-0.288596612972676,496565476.4063096
0.3967294611333281,581446316.0216514
0.0583400930147146,509170600.5016578
-0.7072664782679834,544986440.2990127
0.0426785499034399,549141865.2297971
0.7678372185819009,550485003.2309433
1.4179120724621952,673349684.470027
-0.1792997108324219,500292992.0793738
-0.114594566350626,575069735.1347619
-0.6403505014265466,563072850.2539415
0.0761864165150113,515972054.2286882
0.372572845993441,485704718.7629473
1.6902525696427642,209565337.6964161
-0.8193424329773586,665315326.8866686
0.2380258344364658,845511278.8900121
-0.2885368959589689,354021384.8021654
-0.1999589851884921,552006114.9879277
-0.1752871539493928,456392069.8996382
1.1601544992442536,549133101.5781924
-0.4050735556063014,445407575.4726665
-0.4140055819404893,397919712.7602927
0.0037518811491357,670428314.9589349
0.4524014552756552,622507315.7951899
-1.237764637680456,611991733.5205691
-1.8592231799685468,704295421.4328153
-1.0639091580059692,392127253.2757583
0.3388324946742898,534201353.5968488
0.1916891821432058,420678238.6487765
0.1501857836414199,340634963.0518799
-0.413038707818123,712455550.0519899
1.1040715079973318,340524056.3143425
-0.4006506817971035,646649861.2062984
-0.4019927057857846,445727968.2535356
-1.177549048885949,727038004.8187875
0.2498172349401626,571652238.815881
0.3591532801978956,331705867.32498896
0.4712884657475798,496801954.09334415
0.8886899622762736,368375610.8933206
-0.1972083570800554,664603906.8341055
-0.6652517674901265,536970669.1021184
-0.0857210176544467,360745068.7937725
-0.1272029847043999,544724517.9979726
0.1147142546175343,604351637.946704
-0.110986214651846,463225774.9000522
-1.235490543923408,380097691.63161874
-0.2327856062379124,425049075.8069475
0.4793332961150578,359735302.08199793
0.3022843364972957,600179948.1693077
0.4040178102132508,302123659.2268569
0.7561771259546164,380572379.044484
0.2821954240555901,454969502.7560679
-0.2380169102087754,211366400.1563059
0.983255984866044,795730093.7496855
-0.9316761379321632,476556549.9657836
0.3913365397461101,423142744.0035205
0.8336499917812267,426387727.8526754
0.1327685482303731,863786070.390625
-0.8416133591614954,419085612.62544817
0.5120885002177709,308286500.5345561
1.1924565275768937,240405968.4295596
0.296455710008557,590065073.6193506
0.0300023069556127,591785597.8364687
0.4131492224167834,465815558.2860377
0.0526680850203682,491156947.4736244
0.3756106270060595,310041195.729956
-0.367022458991916,365050071.41625375
-0.7218554363285117,448527992.0312918
-0.3092455895220109,578870517.3239354
1.0393203000549516,771619530.9502136
-0.1809493502937585,503709958.4174946
-0.7867957141622094,437119106.600783
0.3076525476748127,321495325.4942278
0.2259869036375143,312917540.61670697
0.2835544365354855,378679706.9608637
0.1037494011306111,543070460.8659458
0.4289669909293215,632054186.1448702
-0.1745631533636567,414855850.0049594
0.3063997056682888,515691624.4973658
0.482540602615732,262580736.11774185
-0.0837167536288708,351719097.5016527
-0.2652194666166207,445408354.1732045
-0.0753257941479253,531051894.21607095
-0.3037597650238676,803652198.7322671
0.3792187774265541,638353075.9751807
0.6600231534297645,467539730.45386094
-0.0130280542232966,506400986.2002066
0.626498139926376,372188848.3624462
0.6381812251663469,507919293.6934517
0.6174817789509338,838382254.3291699
0.7992762882120078,732001704.2444371
0.0029152749419534,100073774.73388848
0.6016446457711332,301330527.5137945
-0.4230746332634355,614692084.2412425
-0.9271935558810718,605495426.4128324
0.4696430198032211,648859324.3697338
0.1131343590408031,842703279.5760944
-0.1891929793179703,535825394.5351456
-0.8117160010999097,125719900.9881172
0.0653956455668298,220031653.96136025
-0.6142824786312968,757308398.5177441
-0.2342617206851976,560825866.721593
0.3968120291880837,431076901.5769823
-0.2923071795859351,436890244.0215955
-0.9814972639415702,457946139.1525482
-1.119141137599014,652591999.2219298
0.2613607628251368,584792433.7315009
0.3291745354511089,454166454.968178
-0.4263417266742622,468425612.7493912
-0.1120283530574668,316668612.99129355
0.861109134416334,450814463.5944034
0.6464857634945586,657217833.3990748
0.0200650588732484,557278260.2288419
-0.2674452513610088,395200962.4083556
-0.0576609998418096,422523510.6366188
1.241001132977624,495315839.8593915
-0.2862356365213947,364130035.1655988
0.2437246792348238,445643587.9443573
-0.1865678082296708,784076387.7137636
0.3438003645563315,536491851.10329264
-0.3054650561328899,551193923.7088516
0.184239314204697,410823043.0404754
0.726256361630146,552702089.8071561
0.5680252595197726,441840058.2115694
-0.6990027352058371,457906282.94348216
0.122202112035606,930339528.8725556
-1.4161979086555512,353084478.2027061
0.5777976823730463,728278729.5282516
-0.3518081221021034,591904496.8222779
0.5860604282758504,550635087.4107114
-0.4009086140394489,350625764.97191745
-0.8347199470782343,369882882.5052027
0.564530460259343,583068987.0677754
1.0429310898787922,462357863.91630393
0.6287778711007272,665511497.2037884
1.160800058921175,623501613.3396606
0.7010036751305683,416176430.6147019
-0.796118251255029,612235532.5219011
-0.9235527458210973,449784391.7428327
0.5585240549844258,435937652.7766928
1.132524022894036,420757167.0938053
0.2412374427941757,491216822.3274584
-0.9593332872291722,252385536.17515093
-0.4552331937100726,658292489.1455495
-0.014706891777356,727407490.4876958
0.7258138136341948,689769147.9039474
-0.9718215918801418,421332098.09569055
0.3156678709507018,681194336.1531918
-0.6469823764581617,396327379.78083485
0.2857469107966082,605899580.5234368
0.1207549129185507,447806540.7693432
1.1364973497401332,669774196.5291523
-0.436902689742586,540109363.2712969
0.484997414773226,438751222.9361109
-0.0401392282514404,421184770.1921051
0.8661187366214037,475950078.5260637
0.0454021960462567,398369827.29322726
0.3137605883210363,445008434.6989119
0.1479545870606614,637523387.3495134
-0.122204628110579,630900268.2255738
-0.2656033649189246,349741116.89661527
-1.570541762540624,353292582.94284505
1.3802426670228751,308554217.91945034
0.2639517656682902,208908631.80577064
-0.1745905690700268,775910912.8392868
0.0183012209903323,471526413.8179045
0.5055630447044782,289265331.156606
0.7182436820774223,168809464.1137292
-0.1199034254212459,410088851.4994845
-0.3347145848633875,447783331.5608854
-1.441093840390423,352352705.13926554
0.5107755568702924,497507157.9955352
0.1065336437255311,659809356.3495004
0.9418134854109588,283385099.99455684
-0.6744568821151948,960538281.7649384
-0.8756249691280326,542444838.6029407
1.042261582086201,368137518.6441456
-0.4030977869628334,660590163.4517683
0.5457772939821453,587383115.3267287
-0.361173152135088,577176189.5068023
0.2367643203928661,413706150.8686297
0.185312262504953,367452238.03412986
0.7253105607195023,509072002.78202885
0.3231739913189524,551234638.3242116
-1.622744845528783,577098628.9526985
-0.2596043081286571,408094779.0654516
0.393371008406609,479657739.6758174
-0.2058223920943058,591027860.9532027
0.1822091394932561,339653558.720648
0.068138491462716,738001169.3942604
-0.0291083174088888,533961944.7676574
-0.3425694611117906,210265229.8465495
0.6206026620038622,471029458.6952729
0.8796975091555643,403030388.2402077
-1.1076993359359646,592389784.4195501
0.2221577748439783,290786342.5167493
-0.3930535996761841,599803525.6881167
0.2640490418635207,505022953.4131378
0.3168063366218901,516083658.6391757
0.5410538262931449,512066310.3133568
0.7711774384683238,339189894.1083452
-0.8066975214014173,554431837.4750789
-0.1458672436805797,651460684.7005372
-0.1674051720441666,592076760.489159
0.7936046772537377,453294219.9352346
0.3150756718684983,525388248.0426996
-0.4068948099035063,635029743.979743
-0.3665981117188933,464518629.2346078
0.0611988921922904,473878051.7786034
0.2479629152577416,666635649.0818915
0.6305892889347955,506904245.8709107
-0.1275779666971185,487660886.83617735
-1.4454967516366724,803086192.0162926
-0.2987919652000006,617938905.339069
0.2668989861096802,320332224.1721723
0.4841041497064902,513871794.8640244
-0.2808595304205251,483406758.7638532
0.1363129870046021,564351749.7967693
0.7874495976299967,502927051.6189125
-0.0506963803132433,425901859.04195607
0.0280320777999655,569417770.5316207
-0.6090373433051106,313663625.0809933
-0.1700096234949122,553750774.3675156
-0.0329073440634532,597417735.9055641
-0.1992042097463796,532502474.2825997
-0.9490264638056668,765391306.3787711
-0.7028717848367099,540574702.7806422
0.5483910808707133,493465720.2339386
0.1418995315784622,443195251.1245714
-0.0127924921370868,598807296.2110022
-0.2977212047327493,387591697.6730945
0.1594157069036893,739537373.8693542
0.5233307806943616,559909376.4940288
0.310613275191085,631077789.1375589
-0.5146213837990299,708170475.0024872
0.880720313713115,465498487.4623247
-0.6156051079757459,780351603.0249866
-0.4910398436807607,364410038.9263315
-0.6306895331275566,694240681.6901865
0.3815530533595435,640529204.4528017
0.3686654454656577,746593732.7325556
0.0588301245779122,257144157.632115
-0.3700117998822768,757262352.1944308
0.4317835964000976,471473879.4579625
-0.1649318215898557,487245905.4283508
0.8577727323553546,512417743.1030856
0.4887093132564229,781383189.3225803
-0.5101616746824126,582601819.1841785
0.3406856794230035,347044953.3870053
0.5227160745744248,490802350.7633762
0.4703923549021389,240369380.96094257
0.5350555555879283,472156967.6461949
-1.1842693604173262,192425702.60225964
0.8366343489840787,392324787.5848079
-0.1428857695150814,814089711.0771414
0.0236882138991636,356904771.69010806
-0.4149420494599983,262657809.3432224
0.2711334072822946,271145116.5715438
-0.1941720687812839,352500083.99697185
1.0155798071896478,658221267.6925968
-0.1540353999474798,539449152.5094514
0.16834253289801,483551989.402119
-0.8661587257601635,479406163.1527379
0.1096253185323472,674452193.2480394
-1.0573786971748622,440816659.6455717
-0.2569593066553665,642259767.5978724
0.0575218670716638,474569050.3722916
-1.0360195576753963,506005728.6554514
-0.1198554542261393,357077168.8200267
1.4644601660914094,540658325.8674886
0.1122685265040208,744015038.2379382
-0.7131968260466366,626405852.730019
-0.0404448764083837,601219743.9847108
0.8786400742094006,494227352.0648265
-0.0859756259021271,498307159.54595214
0.4739471580381074,483168616.3581454
0.5807286707589546,422814494.026073
1.2386334599903457,598079737.9750624
-0.5785430487109401,658262642.2988341
0.8923081733209448,382419570.1929516
-0.5582273559996366,196604220.510204
0.3144191598446741,414751793.2731837
0.572263311755757,455399381.5168919
-0.5904625364623571,649356776.9970787
0.1392397254922507,490434087.0070607
0.541558855532773,701630980.3033905
0.5795589704209959,377803959.938994
0.4520426193883902,581954225.2821023
-0.1837955296001194,481778027.7676971
-0.8414356179677096,190609130.67951867
1.3130032236399716,986233793.8031152
0.2478567886974142,804072038.6150049
-0.4320661430893432,79415329.61807281
-0.8749534094537854,468754682.97135353
1.7017766746689231,406451783.8306566
0.4217510042628491,548124346.0334123
-1.4505392509857578,678150868.4390161
0.9016973415756916,592000464.685173
-0.8567913726497135,647939255.4554663
1.5443149934507665,603565383.0388134
0.0096115211494961,807716767.7984836
-0.3534674753999956,488345237.3668935
1.7901985556928948,543490862.4688389
-0.1818695627523423,338007526.6825261
-0.6124709255568879,954370223.0942764
-0.3843259744236851,509460758.961861
0.3519175185576969,329619319.1616476
-0.1251051796557981,668955635.3255211
-0.4521232170353824,545743403.0815762
0.6765308332316065,500203371.3568816
0.4360396926690746,532529896.9429747
0.1299955661691549,627165237.4537095
0.084353565870107,542898512.591119
0.3872909619305534,660400316.2851506
0.2933854066768396,812371673.2802923
0.9473437487947092,144130059.25640965
-0.5182768573198963,521574903.8554983
-0.3265710354757197,607606311.654491
1.8323246702709777,155386615.49194247
-0.6047853097011732,396616055.1752731
-1.2180596922931235,180872531.13862345
-0.4981361038101957,326765739.41051894
0.2448701142159255,705150896.7673287
-1.1673007079796656,483494448.6495808
0.194707791766857,213071600.0975541
0.8978056187840462,205873414.8215972
-0.3670850978434948,594275983.6252234
1.740628680415572,443933917.6267124
0.8379280706631936,428022118.9315088
-0.6207459447428888,707180857.3059242
-0.069432790020729,357744626.28815883
-0.2188858549070571,534909916.4527332
0.0945319699856097,411044307.9313036
0.211010937078244,700493375.4717307
1.067869397311783,424577227.6282168
-0.6412972985347383,583745667.2470485
0.8327044543396336,39763654.855898336
-0.4145127578763468,305504992.3365542
-0.0841742929671913,334461007.01048577
-0.8922165159398151,336391533.87433285
0.0573781329800961,279142662.3768461
-0.0438295217930778,434978400.4366506
-1.4246784009589435,701389233.3114758
1.7761214324304797,721374921.3770972
-0.3591368384177288,370036044.183754
0.4806522849863515,723938993.9077986
-0.4228734643711571,637089662.668521
0.790521456621463,601766210.0829995
0.471042775639661,226100227.37003016
0.140873726578088,477983815.8961638
-0.7407470308315541,537691013.0062692
0.2645757436519893,458450660.678297
-0.0720883759644457,710356715.8926587
-0.1258891468976415,539078772.1258205
0.310404888231366,681345650.5525227
0.1002661414203044,603533257.2747096
-0.0206304678182134,387501296.3302716
0.3245696259601651,237063125.5022108
-0.1043116541213877,349100114.3128136
-0.421199334652646,497636200.263913
-0.1984191540630867,474613212.43409634
-0.2791505553346235,508698487.82328594
0.4170661906787167,679531881.5427798
-0.455004943302517,548921611.5554371
-0.2642006038861904,384269360.6232976
-0.1661910965720417,404226174.51232433
0.3773686581319369,509794543.0825589
0.6338587575108328,591637147.8317261
-0.3589727543723562,759516050.6395776
-0.1682651712142438,633301275.7803737
1.038558961822564,476393971.609984
0.3620106498886817,294470459.946124
0.3516207296725671,470268342.882741
-0.2536891020924761,414936443.3821176
0.5812580718614473,448184805.5108916
-0.946588754537183,610659324.528166
1.823492906614447,633163029.7959145
0.3634572208344182,563630614.1577752
1.3200987993274278,448693319.5605754
0.441827218786938,631549804.466489
-0.0257766289419664,561297800.7361989
0.0188662288431273,489282910.6045119
0.1924806121253963,573079496.2792226
0.3041815630835654,596004187.3076631
1.5248165137011416,466765004.9453099
0.6767351128817944,618736892.9911826
-0.8967147566785512,483765703.627772
0.3060317593753169,614708680.2368797
-0.5298549454447041,520366276.6362308
-0.2206121175195587,415225006.8145782
-0.7016127442944802,162256312.2570572
0.7001640572940747,400444778.1285867
-0.6495522827869198,552917704.7052772
-0.2423894166495774,696365246.3052948
-0.2502817524962007,580302694.9339753
-0.2049511838590591,733280738.266714
-0.9884764081638068,628536042.6872628
-0.7522242563979428,486566003.8038504
0.8522179083887336,394275803.9821844
-0.2035057111155301,441355667.5485553
-0.0506834119082206,482986652.9536007
0.1220667653646696,515362790.02775234
-0.6701238032124632,268808547.12754244
-0.3076051726505494,346507370.736052
-0.9187816158628884,541235853.1754968
-0.4251419431201947,296889560.7934826
1.757253326352899,315220851.3089113
0.4243626946167771,480171635.6241735
0.3533202641427517,104449005.64261556
-0.2229373471255462,358704607.0791389
0.6850218716584553,497342065.8491035
-0.0783688483297599,501494369.0580922
-0.5431719027485515,640195297.3818619
-0.7241126649810126,587437606.8832377
0.329165290399513,434665868.95585793
-0.3099930349798001,446091653.7108449
-0.3618000598431064,434112681.5449327
-0.2026063448290368,452611716.82722855
0.4199899840396062,369458159.37204486
0.0913274924511775,623630539.0388145
-0.8405865674455537,634045213.9214938
-0.5484872756002388,628180437.0940965
0.4409077833957062,424595370.0456562
0.0338275254472864,589119386.7044126
-0.1474649173680513,524100111.5766375
-0.6332255496714604,576569069.1515288
0.4000463836788904,595919580.0407494
-0.3675180252446087,505934183.8237719
-0.1914919318553685,481113988.52340233
0.2206141132175048,401521232.135503
-0.3066510244887533,354047244.8283651
-0.1665456538521354,521322918.5673047
-0.2840547298281684,471466139.1057853
0.2405616804394645,373703946.5185476
-0.2049147090003293,420492520.3417896
-0.3160265660554991,475292538.6321677
-0.1865169835474477,609102348.9860162
0.4640202165416903,521847763.9302289
-0.3875531223317067,651605349.0496511
0.5583007189751961,542807425.9525287
-0.018962546236378,760819570.8221828
0.6903068222129078,739754077.0619559
-0.8758625681832537,716460595.0212994
-1.2945149238009843,658421233.8400533
-0.6489937526829184,607532097.9991047
0.4203602075679254,604787052.2253901
-0.4422796989749266,219552357.27589145
0.0278615394544633,447642929.41930616
-0.2322873727797069,667791587.8188369
0.7129662506779031,979422250.5051008
0.1680702187075184,454662115.0414774
-0.4445504513740594,485133152.1042025
0.065883778669606,741797014.6947811
1.6568725055818736,623418944.4408863
0.6156316941830028,817254489.6530828
-0.0757689723835349,351661229.3848818
-0.1744544951785365,140714606.73198897
-0.125105885750739,977764689.24644
0.4852136648355237,525828214.4776943
0.6663399743456063,504215017.0365909
0.3249750909513332,561341803.3432405
-0.6236129882076439,476745402.0200754
-0.035094567376761,536553888.13499975
-0.2956051246146878,372999086.40393305
1.2678901996162064,524124854.6347635
-1.173789132899976,385054466.136534
-0.1271088835026626,530156461.16072416
1.288455334384671,549835478.21081
0.457616756391709,681139634.3530235
-0.0201997551954847,500531485.1197949
0.2655173993638837,281710361.2119765
-0.9244783255081478,601448694.4105738
0.4265972075129864,475900747.6511086
-0.2582411573115474,471907307.62648296
0.0483311537700202,667388631.7256448
-0.8207771178759036,275766477.32680184
0.1317342608344054,748365152.2880669
0.5080562352849456,561585741.1329873
-0.5251044587143355,598496055.5739965
0.3831813630283718,299696109.20981324
-0.2900963421702141,780319074.5522823
0.0207053692854506,430697231.1668022
1.3498303208742617,176343179.15515137
1.1999915372255667,627594342.4720958
0.1816607473203676,564976657.4361885
-0.4999208614972835,604474055.1381423
0.3849904464773421,630348393.7739652
-0.1425673293853291,463817754.3364314
0.3585880189697632,719026382.0571395
0.0016600413652404,424268393.14040095
0.284553995156475,829896917.0180434
0.4307539669463421,466048581.9772483
-0.393442401422552,422126675.7797336
-1.0597651362175509,280233239.99278456
1.5673744059030428,960794748.8575402
-0.8446149042391087,348643144.26992875
1.1663328655440206,743822637.563235
0.4975417885833266,689363271.8811947
0.5718668768135053,570822112.4192214
0.3372630427190295,532057096.8618994
0.3556798945403554,839896735.8129572
0.1941004531421135,473428032.9217976
-0.3424139441180422,548207127.414224
0.0321387268837068,324807677.2440628
-0.5155845289009922,650190820.7207016
1.109084051206017,642227659.4153261
1.135086137383106,572511695.8715713
-0.2839413356031879,880375679.4391687
0.0888315673335154,633612878.1934942
-0.3611593571815348,373650928.3713511
1.0558427179888463,611616013.6772156
-1.2297989483484986,295546831.80402625
-0.8708255449868058,572827323.9834398
0.9745346471703772,417325426.2489478
-0.0812805036143503,329555899.0033433
-0.2691549347575012,680609982.8373622
-0.0528059067142514,411185411.39493775
0.1749264200139732,535247551.2657179
-0.3406781729417459,669309639.2105169
0.2317016787147629,448358698.59635055
0.1411259695995053,589062005.2926159
1.214060454853166,851352595.625106
-1.0853449784107971,469639072.1134618
-0.4267825183366664,329133167.2483498
0.5505303300426311,642473024.817344
-0.2978598728268227,357594038.75930506
0.1355594512095702,411722608.1343671
-0.5350520138851625,686903671.6888714
0.3177259580365887,651455048.3404605
-0.2041214479486867,362059322.9549663
-0.3450863007892044,537624702.5229733
-0.3476973972183865,596397828.2600261
0.6665771424617433,602526680.9730608
0.5262276818804663,176231611.4209872
0.4838592328220129,736968321.6149836
0.6332180929027714,672944840.0173057
0.2694699177471004,504801809.89357007
-0.7538829597029952,612902083.852057
-0.3437799890513195,634513518.7252154
-0.418259328220274,170032462.59726763
-0.2593189389462605,436013060.10508674
-0.0218870085498983,679319080.5795748
-1.1365241625343183,731166947.9530976
-0.0750939776145159,316551134.8252067
-0.4791256248387968,644328708.9575711
0.5034098972318036,460971947.2922963
-0.1360771615198485,374671253.1902725
0.5674064858005163,499318567.606153
0.3874958425883872,281354061.7406842
-0.1443670707832654,440578602.5163953
-1.2737194026128225,664836601.6927876
0.5084592623708463,660407423.3874143
0.3906177917180501,483711264.9910076
0.7448001985388893,517653054.5345549
0.4792333919628644,692901223.7312701
-0.0327145972874541,271184127.6705737
0.8617325691508833,117665513.32273442
0.7117631935495115,436755281.62521976
-0.722070781078744,372466262.9453355
-0.0463997840231164,577203871.1729709
-0.0920943489681621,527267581.1038203
0.3913184491799951,490635057.7166311
-1.407385318587742,123099767.0082064
-0.601763651642321,496003000.6345309
0.2603204162234718,579657806.0193338
1.1328397416399936,650983638.6373558
0.2049073754639665,476607462.35943794
-1.3495010795971016,614215987.3571926
0.2388862814123771,376675196.0909185
-0.7089013626158235,503389628.5600304
-1.4475913770575235,111892380.70946877
-1.045966612931617,521953313.7746794
-0.3909342599943515,482260875.7515916
0.9566981394159444,531586197.4382922
-1.3224985636476456,607755243.7014943
-0.3026896847725513,339633246.3409583
-0.0807829451554063,481621574.6543102
0.1069804779113939,514721982.728403
-0.6415447202456918,362621956.7740446
-0.0594572232123285,503678524.9692089
-0.1758505914011393,445797953.10326064
0.3023366054904106,6924608.832042369
1.0033098843783632,613878195.0097809
0.6772685227994647,341192421.47817945
0.2852020173598401,586162064.0426513
0.5309664133553718,453669934.00194776
-0.7833334496490449,197023533.8524365
-1.780941437590184,988522358.2136034
-1.087051346097659,496431468.6654623
-0.6607531254819173,448370206.2030306
-0.0111805522127782,850993849.4596363
-0.8940907726821465,454403180.142341
-0.1090988254315223,510164829.197329
0.7586973702719105,436673087.4125622
0.6559732800909213,681462812.4419632
0.2459055652254744,592208679.727539
-0.8330883354293354,333292662.79007727
0.7901121553185724,759466800.3178357
-0.3844026947980267,324956782.33095974
0.6205991075143081,649148495.5818607
-0.1404071795630004,496940820.9090503
0.4202481679054579,465841867.6612174
0.5304010706432388,277771440.18070006
-0.7346014195944545,515048221.3645695
0.0702575469466796,580190233.9967523
0.3957615331609614,415953718.5669445
-0.0412814179203567,466642210.16147465
0.8844681486487374,460525775.08884776
1.3282476121210127,171407765.16409189
0.5380328650187475,558180686.7670406
-1.5582218746080327,792032230.5761606
-0.4911598307591173,305548580.53161144
0.1531046005884791,513882092.10133374
0.4761342244120444,607825602.8633763
-0.4287664632241063,676150196.2907461
0.3388052111541684,441291169.6376878
-0.5771780185969695,498346055.6877575
-0.3470220971324251,426455668.4973162
-0.7820304044199224,882421672.3263307
-0.0076712278333294,585777046.5219989
1.302543652721007,565955246.6914474
-0.9355671823110496,434010189.9394161
0.2976976385785589,396617909.6222386
-0.4416371880023779,481407375.6088288
0.5483151671172267,511699895.0173042
0.5706777416833331,713830868.723285
-0.2685510644784704,359542915.1651548
-0.4178098958631664,343718202.26946986
-0.3890205723155763,303275138.1944978
0.3535418316358734,657770416.5594547
0.8125926466101309,622391973.1186292
-1.1242957771040287,515536599.8465966
-0.3651188229346466,507163231.6346912
-0.3297451021288367,633529285.3682523
0.2188413521677511,285664926.5405245
0.4961939326664537,447065308.72139263
0.3311089683670544,616943790.2085323
-0.1988904268278032,526928718.8785812
-0.3165087659017507,235602711.53799477
0.3397922403411917,483929513.8813594
0.5337946180308704,409494566.5800658
0.6169808038487838,665286804.9781367
0.5874701986655662,87511711.44212872
1.4726881523659363,409283277.2716065
0.2257040280287812,434358696.0261738
0.0747250806187767,442582446.5740441
-0.3066856262758886,536979526.1661556
-0.4449019658903617,513040180.472347
-1.625456830112974,510822043.7416161
0.0336487982982292,907688013.2873574
-0.2059365446805851,398499501.9542015
0.6554986211425157,337446874.470852
0.0393047416417413,245251864.0009362
0.0887290672751771,554084734.6564685
-0.7922725920341311,163232010.06430295
0.1159192607028135,555879418.425214
0.3035323695985695,645949229.5525548
1.1452186211528006,312696333.19666815
-1.1159364473542004,661645249.665143
-0.2134701084511167,421448659.5913754
0.5229052381891711,654352751.3813254
0.3447190566216241,609673169.4331119
0.668112477444174,378619783.2145237
-0.4295936468341144,606953857.7021505
0.011461165615764,439060445.4972235
0.1298954352867559,712246786.5697905
1.1597737520958895,771839173.4368188
-0.1770594837251498,350997717.409618
0.7787875092950296,404906253.86371946
1.1887552569027684,950375305.588487
-0.03498342166145,521445565.72016
0.0080452089667894,545365408.596873
1.323100832286794,467301401.6611792
-0.0327907860049689,609343157.393632
-0.1204128515334092,617864682.5633408
-0.4050424110021923,97235311.44216816
0.9044625481221304,409676822.5900945
1.7777028958949557,230842045.58556545
-0.0927461722142204,562788545.1659619
-0.2801236041083217,822532940.7754616
-0.0461977621100531,315154338.3668224
-0.2123379845327425,667410680.3007417
-0.1422010783617348,498054300.6113336
0.4565395509074597,595133009.5870883
-0.4121424416083594,478607597.4944085
0.10819460864994,480642251.2235996
-0.5024494578362987,573895926.9906477
0.9127041001438446,477252034.0205856
0.5386291022108427,354375762.05265963
0.2123305443891883,513084405.39337885
1.065142523644027,250721718.35886595
0.5522493257306025,525246464.955459
0.3623343599572245,461045790.8743985
-0.9655959678609356,512490594.0219493
0.3062068547018879,729949751.5004333
0.9624401061433,359635713.664538
0.6516454923391327,530004104.62346905
0.2710877034913552,399745180.0966091
0.3042636976743301,447192314.1578856
1.0845061498530382,630975028.7704912
-0.7349596208390772,560922005.4290792
-0.3872739353854089,410740132.3424405
-0.9723131319560788,2386294.2990517686
0.2954723527653307,575410371.8107808
0.4116379944552631,186250731.80896276
-0.3354929995082072,330720675.7631041
0.758806606400142,473457133.3783085
-0.1916696253064118,289116317.0282716
-0.438347366768602,326201342.6871913
-1.6020176651644928,444020453.1727216
0.0551319368771013,709036430.0487698
-0.8098215895673587,530946347.6550344
-0.7283935106921059,440862331.0821752
0.4590084512242959,696596830.7865851
-0.3453486859618527,503725776.074012
1.6550871131766045,403597242.7884556
-0.6456919660544767,738729338.5298797
0.4115499185902596,444989532.38540393
-0.9654271021937088,603431590.2783867
-0.5916921516122557,774294608.8592582
0.2266422347831398,510410235.2646841
-0.4835056369397281,953638337.8464688
0.1015298076609938,641598210.8574685
-1.16378006612676,488682764.237535
-0.4090687330301349,485687435.2468367
-0.1487784283518234,519807186.5782759
-0.1673680747394568,362428295.53389466
-0.4808004752189964,600085030.9040824
0.3981159199696186,591520947.6975152
-0.2870588746313315,557820469.7481042
0.2382781628687058,302723463.37670344
-0.6509433022916643,546311336.3599501
-0.0121573605508073,581252042.8261517
0.241273886202383,607858327.2117329
0.0550868637074662,447496287.9547432
-0.6297433719329006,472634518.5112592
0.4630125402492533,812039157.2762585
0.0739309099674342,444829826.0670806
-0.4595961730835859,817021474.1011534
-0.690940509595837,537814840.5168595
0.1838127540300349,466602829.9433959
-0.6548257173373615,736764838.0609789
-0.3495399121715237,392092307.87788415
-0.92146459073685,855176401.011803
-0.2142512727996558,531871069.4255359
-0.3865850101274795,500640704.7487444
0.5171015358303804,261559256.71830928
-0.7081495139869071,457671329.74625945
-0.9858331681588832,298112056.517868
-0.4910063852378548,636040415.1116337
0.2538268182823122,580343975.4293379
-0.2129266865695487,541067137.7940991
0.0449470980727523,396070093.14664
1.1863490166834123,376293870.0387873
0.1594559979073144,435514626.946828
-0.1157016664331228,481784765.9866794
0.8337277417802198,448137271.3991192
0.0100421722286392,540878537.8340763
-0.0674313941768631,346304969.55751634
0.1831803842266165,781822421.9352106
-0.034974272466266,394823268.6262744
0.0063441399393523,277358786.2022959
0.8299770014377803,362559508.147086
-0.4062706975553601,376316984.3484821
0.5878451296269628,366114491.3270547
-0.084191245153985,760667779.9998823
0.1894313948776608,504450892.3413043
1.7747496326822807,122015671.283478
0.7756924198320981,612895096.8463739
-0.3910724555235146,469201631.7697013
-0.2274054647282948,190650745.54889396
0.2361054155276243,603872999.7610323
-0.018761040562896,663443173.390655
1.159251714270812,513592407.4190688
0.1096528492525316,732881653.2810287
-0.404916526367747,414867908.70604336
-0.3983559003917454,477300923.3666728
0.0026505013065498,404698644.58023113
0.9121893766500344,493297418.4358405
-0.5480443058841225,682366910.9404032
-0.5109440667493393,412170273.73484623
0.0585009065886025,281041501.07883024
0.1466678958433726,476933351.1509261
0.0347056153607189,626290733.630983
-0.2377799290937934,612330253.5370957
0.4875415936078799,659689731.3335167
0.1055986605367467,332139724.66398615
-0.1292792726933335,392759117.9329755
0.3406524886268801,479091986.15628415
-0.2004913959441556,451710612.3749666
-0.1453509201472569,360522915.8397268
-0.2224280167027404,755414814.5341157
0.7366836618872845,585960634.0596428
0.3267882729735911,616842570.3787855
-0.4669229975817369,665364541.5737405
0.1719860491575542,415861351.5575168
-1.2381680553089691,839118117.361991
-0.4013906429317777,546021413.5754406
1.2712836290194316,698341559.8045812
-0.0872192450665801,174072981.57789835
0.0257155503782411,357327877.0411003
0.5502797656552513,568944354.0664538
-0.5491113284483502,562334059.6532979
-0.8275582097637098,411567497.4909814
0.6915270820819279,521254454.40176606
-0.3746526064957708,420486244.7408451
1.7890415047236878,482763566.4303809
-0.312053903321472,526371762.8552251
0.2917992417815569,355610655.04534674
-0.0540987567330121,608299110.8049653
0.6379155502093669,473773082.44927984
-1.6333769078418756,527956159.3915791
0.3593575824010753,478248965.1919043
0.1727035998534345,612909849.6907218
0.4869267488842112,616611474.7569767
0.4278271530268263,954806102.0335498
0.5078318334152735,523747329.7597453
-0.3341808191928739,570150853.995003
-0.9394774208316062,802893341.8608314
0.2122515481858443,481819482.62903416
0.0165212753667821,356303795.2530884
0.0037399811900309,543656799.5309342
-0.8764613119316559,616967505.6494128
0.1729962468137367,438248676.0225328
-0.4438939564884613,360190122.7369307
0.0157579511385128,422982813.2441067
0.6030523469268189,508950288.82413465
0.0604574517115866,501167091.1358346
0.8095304789963818,293637751.38513386
-0.372136559844023,517669930.2032401
-1.0024634187576689,594883568.4103066
0.2175041431449804,693393366.1881403
-0.6272916383988509,738277162.4069133
-0.1680922307300894,474886561.4168949
-0.6867678801457976,303918179.86469793
-0.9060129787313234,495580112.1967617
-1.214736025165526,543884240.3445368
0.3455426893264263,418449950.1395703
-0.6248337873833594,159865668.08203155
0.1535940777231268,298988946.28925145
-0.4862986448896853,631145953.4562279
0.162185920032664,797838950.3035514
-0.8897623391834911,556319057.3431069
-0.1681544144903233,564102676.6141685
0.7751853586088027,730991274.7669106
-0.2746851623414134,612731888.2171526
-0.3668708797422536,600762288.8597778
0.9547412420188828,515924540.6377439
-0.0599597259508143,713294339.3252976
-1.1511400253857111,727080429.463407
0.4837350346134536,724359276.6129622
-0.3812573600111056,615754641.3058445
-1.446463628399195,213695677.01270437
-0.69738021102566,652418852.8999268
-0.7235593644532323,28844729.44893936
0.4330402702167751,371469484.7674835
0.1606883940506296,467511379.3417241
0.7282964866014194,584161174.2966479
1.036811517329327,544527819.3928341
0.710206761920875,777727148.2407894
-0.435245087775845,453537074.7672462
1.728294899385492,377666805.6722175
-0.3940944641869275,345496258.2057294
-0.6705467172877594,666831985.6963962
-0.973330678830423,384651167.0566475
-0.9985032900758272,225084766.68065467
1.1285311856387876,154484084.82753655
0.1402234518660982,549410300.1679169
0.0581384366604,712088373.4539081
-0.3031595004184982,406474071.19353634
-0.3045565047009142,367188341.0499974
0.4901637726744473,504925583.5501281
0.3780325944073435,793705429.6160052
0.0554275596132957,523312078.725136
-0.2186446874414155,629431744.8635176
-0.2989140663479719,395289802.0638756
-0.1240759628498816,600249496.6475655
-0.8511674010329037,610535116.3574399
0.1697788502233319,526919010.5188561
1.0367376833098492,604775315.3559197
0.686295035848142,560148874.9400283
0.0303694829657654,263122191.30699584
-0.5676928143701359,519330177.28585833
0.8465812822829729,445614959.9723496
0.3589183401293155,671358040.1382592
-0.2492284088676357,658061389.5612319
-0.000392713042592,580677840.3079886
-0.1420546487675472,450047753.2090616
0.481486473644687,595115950.9155154
0.6180823803176516,603689395.0621526
0.7426904789251285,718943217.9863652
0.4167015255756763,561312255.2005796
0.2855360373938366,415641734.477588
0.1165563796367226,734809094.4684663
0.4183083502802321,665596490.4638109
-0.2441188479540509,509910158.71564
1.422661484836603,661630151.4027724
0.8879335628641691,832861926.6518918
0.5765802455574556,694781458.9468769
1.0210269620862975,633246847.2803768
0.31136018589919,326681843.23889244
0.6810267434977886,541580455.5346308
0.1813419796904704,775275610.748597
1.5628127518779924,515302787.74216825
0.224296391711775,551409488.31483
0.5064054473523972,420435121.7774798
-0.1446094685348552,707000259.0809512
-1.0571655035942995,869464562.7163256
0.4833853220282234,556817122.4545792
0.2696804954452487,598999334.8668586
0.016466625765264,432942762.6972244
0.7063140469327621,300168680.288568
-0.2136482228340912,593134815.5981305
-0.042789757599905,458843838.2232829
-0.033113602612265,591248597.0475365
-0.4968740945386236,524509077.5388308
-0.7444490796078909,576450100.0888705
-0.4333308073945303,550596684.9219223
-0.1622360485407665,408411850.0466296
-0.0191355586045423,643590382.3925173
-0.2012996003704487,595361563.4039971
0.6821639700000235,356033253.1340025
0.4190057092637451,571402412.5191519
0.6658362967317133,482882554.5782893
-0.2920211344517996,556616966.4386253
-0.1990212374075531,503411657.716224
-0.1270346879391717,639371051.8159653
0.8146642917153993,662428717.0236413
0.5231029602606414,676166925.557513
-0.8320860392861622,463010130.6293058
0.2989432775663984,441198798.1830509
-0.3284845598221214,495861098.7191078
1.1592374653572353,773064275.9905007
0.5143972329492688,589707814.0555329
0.3888448980618841,492245161.97823256
0.5471345252848424,695480009.1768123
0.2231649756405599,439986067.00787234
0.2512698418968265,443205954.89049786
-0.4859777203075799,461340264.4209376
-0.0409811280156627,398930637.519013
-0.3169329781561554,797749680.6995605
0.1324967052480627,424873347.40174025
0.1501472562640193,392019679.2913576
0.1658696295081318,302491777.05340767
0.5415760481259009,414448550.81714654
-0.5177690184309567,527486624.0275612
-0.258599146580082,728662028.5637853
0.5077505135507628,549034102.1924862
0.8563347994023979,195980168.4772097
0.0775160629686517,355195371.9560007
-0.5225931044170934,391970374.7835013
1.7155231409975007,677033272.7697703
0.0666655505708735,367865327.25382745
-0.6961976814000775,189018946.29194263
-0.712120151593766,255539754.21535107
0.212254479490737,677746793.221258
-0.4145259788257269,486564270.9889671
-0.225294035353874,707079992.1871746
0.6423105109822079,413484389.0514655
-0.4700770559820335,820279539.8238889
0.3698613127017653,526572586.1808676
-1.5821914694347714,534550331.4592185
-0.2622619419291006,811439939.6676508
1.0597637887616955,199666356.03034616
0.0288888379441231,485174080.2208504
0.6540787924867252,401909040.6895706
0.3630093138776358,631622096.571676
0.0468567369394387,375159262.1365782
1.3127993983490909,400028700.2110673
-0.0395170995454499,645935011.0313191
1.3243860083753003,871765544.2651014
-0.7076452972637794,373340113.4230113
0.6633582998968156,426758223.07652265
-0.1900346001529451,454398219.83319
-0.2792104550753973,657303560.5615418
-0.6423341533730081,303899289.2955084
-1.2372971443072598,956612573.7039655
-0.3936703057418898,616138113.4968164
0.0161342346150492,546069272.6336048
-0.5500339116440747,424633768.1237898
0.1466960331301572,409292266.58233947
-0.129148338805782,586206537.9548551
0.1814494661909556,433759385.3610084
0.6920307813091431,475046683.8064103
-0.472505143578496,439691637.4060322
0.5503519111442496,748643450.1864583
-0.60578404651243,607277993.3149083
-0.4435432708608204,399997511.2512693
-0.8470001424977829,567118643.9561372
0.8603972239777348,408278148.661903
-0.4086374166860329,432087125.1782448
-0.3694476739655217,562955863.2812805
0.4417345812444824,772879500.9893094
-0.6174440235411279,410964680.09498113
0.4858977305211882,629782894.562578
-0.0396984879302203,556723286.6682088
0.466315880693817,642629318.8999407
0.049489183924076,437486605.55183166
-0.042139305785462,492226713.881547
0.4349146097082732,723107031.929276
0.9054889405968384,741618266.8953586
-0.1083316587116659,256456167.14003184
0.1460980791132398,534294679.45089465
-1.1039744985823317,263671865.0100427
1.096413221220491,256920178.05786535
0.98328781345154,180951659.4608595
-0.6064139501311926,435681715.9468701
-0.0820538426625085,459447926.4780548
-0.1082431528636256,456158067.44117147
-0.4368283387150184,237540242.91761023
0.902161842481848,316544388.9298786
0.4864476370030312,628940579.8572551
-1.2279255045806448,492807881.2984432
1.35940206517357,332445294.6516694
-0.1537577166002074,310239719.06290376
0.532074134233073,368114664.995365
-1.1140968591200062,633727720.6778221
-1.403907288087301,223903004.1021479
0.2121941885915776,590035907.3875513
-0.6093363668528032,679243317.0707088
0.0905807685449801,590161857.5967013
0.0868366533172377,304488706.0205353
0.4731249619097163,582623363.8565334
0.9210829548965708,726380092.3377634
1.0610521763432257,705700665.5688992
-0.3984130013627231,391171813.1084887
0.0536837122631991,742276581.6786861
-0.2895661026380838,129734408.20225497
-0.3767591376248432,555437615.2239807
-0.5101068635985102,210451478.09226072
-0.096305170405918,393410968.4088432
0.758906466443463,387316236.94914186
0.5554902192181169,778768129.8823352
0.8457233536128536,593811200.7636241
0.8944144844084068,662854164.2570894
0.1862865576078474,324780136.68312913
-0.2002100646890282,383395761.6731048
-0.0799491335190191,626278583.8459291
0.6446777002465934,464366336.1922839
-0.2630056682626032,674767813.1014353
0.3935208759162287,448011313.3996704
0.2006089916920591,548934824.4040647
-0.107057558279839,459318533.4857038
-0.6940206448174756,342584159.5620863
-0.3265017525844961,497129384.55400085
-0.8415805494857779,624020047.1409397
-0.0135244430963337,465019241.9644394
-0.4078081881797792,403019462.83138245
0.1582073087468558,559360655.5834237
-0.4553916725472761,313889452.8109464
-0.0111604903920393,417558426.10944176
-1.8220714306644323,13832363.6663492
0.3470891341442079,536549987.2873574
0.2721102397764725,671980556.226028
-0.3010848795851166,461688886.6461652
-0.3334590630677305,420989807.3902918
0.7779522492189037,502950714.87004304
0.5503919374782558,538016536.5571765
1.0028647324025537,616024283.0139178
-0.5113524025486086,705132414.115373
-0.5524754445638654,685611573.9523679
-1.2309621251554184,469841156.0212176
0.7352387448086454,260838521.12769556
-0.212225621686875,662331060.285721
0.5286064887700817,93441717.30563696
0.4751797959036786,538530386.5284957
0.2769977694373208,816197836.3303307
0.0136661084505754,443062547.6270822
0.6298108333145923,515937566.1374056
-0.98262586727888,629818501.3120918
1.2165852853234287,438690833.757691
0.6481126902855493,478079604.484041
-0.3521745250731545,298194315.4515367
0.1592764205055081,856123231.3789034
0.3955360040427466,752618154.2669208
0.1230239454295843,273414296.1102229
-0.0003058363944402,337394629.3943517
0.0646795502517987,748824509.6758051
-0.2312155654911105,702319227.011085
1.142823167122657,598053043.8876863
0.9780891868825676,423981554.18575805
-0.8419796205111802,763248105.4888934
-0.3658185938275848,471296006.0570893
1.6890712207392615,406958581.4609783
-0.8061909297601616,554312971.8657284
0.613740372671166,709779089.8131508
0.0051389981931957,208865841.6272668
-0.1964052728986502,614068355.611089
-0.6405998720477231,413189755.0838968
0.571429522133183,591501473.9101105
-0.3124491313174555,322170514.9471373
-0.0953585870926372,657004440.3518194
0.0019335273878055,120681311.43068267
-0.314021931553121,350859486.9708569
-0.4967707048729403,310408959.46549904
-0.0434159919750452,795275412.87947
-0.4855402528383233,577986378.9566753
-0.2109416253356652,711345776.2362721
-0.6359341884352115,863909914.2198142
-1.2808864945638052,653419769.890495
-0.7477718382455786,538572237.7261357
0.0376209705987848,501233130.39094806
0.5082700004764146,347059725.0720344
0.7364098327020605,573740688.5906811
0.0804525821821665,531842688.221397
-0.1213857371616827,495919541.300435
-0.2679558082468096,227043517.52341515
0.5617790119734415,216436614.11865035
0.2509012528442077,610283726.3783405
0.7197935286026615,353429644.57356226
-0.6234860943780196,522787303.7491206
0.682431423649441,736670867.2721132
0.7782556618681613,354671092.3356114
0.0588143143642827,669181374.7430332
-0.032995690387739,532197142.580391
0.3615662321249577,717527505.1413403
0.847005008901004,392645979.3389709
-0.886057654941342,353233346.2941395
0.3800636461012774,362034553.01492256
0.6221734655870723,301503700.9093865
-0.4016069822158066,385194285.28594506
0.3801338878889388,512261726.6598459
-1.032617733833594,366356873.4294181
-0.0453139700089527,477834204.8171886
0.4100843002667914,543920459.7188003
-1.4098714112756214,782515341.0665938
0.5419981170123231,785482224.8170583
-0.001707218886283,341768821.3380574
-0.3603067635716513,566114745.9633745
0.4068474724932541,419446868.5888498
0.7814560354637909,374572638.8021159
0.4186787649249567,572623469.7578505
0.3983795086721552,274054600.63660866
-1.026516699838033,656007206.4123611
-0.430379853906381,424644703.02678674
1.021321422137071,456191707.3411013
-0.7163451216422244,571277303.8355255
-1.2156235851325667,709083589.5710661
-0.0812916579809627,473162146.5117216
-0.5887753895485062,450080172.5119253
-0.1743334751975121,517888614.7807714
-0.1835328878764306,654636869.7457094
-0.209781898361498,253478692.8194805
-0.1968657335418171,743412176.0814322
-0.5683623434282086,360033619.3269252
1.6111447154259608,342858015.48756474
-0.8392702206912332,430208487.392724
0.2796096521588188,450063012.09778166
0.4844682086737661,520033622.3872342
-0.8348187520850473,664661274.6201262
-0.5663648711104109,666327377.3325375
-0.2976081488412432,537413857.5689601
-1.0231413236289095,414348728.2857508
-0.0425293538369952,386396592.59678274
0.0726335549966792,112789011.98815288
1.779966137534911,463371676.8996475
-0.854394536075193,464193589.0509346
0.2708668643034182,367780355.76587456
-0.0274078616657591,737381233.7241839
-0.6539981817398788,465691130.6346462
-1.5578018718013489,862555927.105881
0.6907986340861902,649501010.7982707
1.0101406345618469,440829128.3470981
-0.3316533093063407,429301808.17343867
0.3616055533567991,596578750.7241056
-0.9310806468294256,255623313.8466833
-0.6796108863104711,858573517.8346066
0.1117266462665931,727393814.0560013
-0.0496344129624058,646057755.5966537
-0.3676122865885757,425150811.5363868
0.5709325724662766,534299961.0999409
-0.1841552955325294,692816030.0722682
0.0630670824443904,591854617.8194691
-0.0317985603921252,673970353.6177998
-0.5329510305631582,488598684.250432
-0.3237536972456187,500969610.9854745
0.5357443977464856,436015469.54932666
-0.589867942996596,675568321.663368
-0.177718364970005,660857342.5042803
0.152467000871986,173781708.34768805
-0.4002734429953036,623311670.438183
-0.3931438964521851,432984781.1783173
0.0167319404542584,476605722.08951193
-0.3928383282718515,109262632.5903566
0.3063675913795138,448877103.0207235
0.098563546413354,648303291.2854959
0.4058509216908203,493613271.2475895
-0.5994133490721374,550747320.2989388
-0.3433239365317551,472538114.6017947
0.2760396224136353,443612360.58714
0.8444382880724062,584968850.1366109
-0.5949463831186952,681376045.0537534
0.8637790341438649,637395726.3222063
0.2030221164113962,354213581.8304333
0.3583417819817058,414238386.76720166
-0.2747799947433925,343274118.47797954
-1.956185903839704,625213781.5767334
0.7466851550546079,700237436.3106897
0.1678157193060745,430928037.1782233
-0.2314947875804394,234956175.79967427
-0.2541011185487475,749026347.5299644
-0.9237085545534256,597809408.9317274
-1.0387932028432063,515658407.6927262
0.3766651544035937,219110434.5582876
-1.131579042082028,790264177.79931
-0.6088855468359163,494805458.5497546
-0.8288221294553691,414495697.2088904
0.6216992135187602,638148658.8484406
-0.7099334832904927,467268461.71798193
0.3503217306116356,550946406.6228222
0.0826821618322481,403536274.3221185
1.4779768091166203,236668456.70433652
-1.4991428086424117,627935269.3014137
0.1086905142482802,519260825.922766
-0.4054660668994001,644494398.175538
0.7858457830353115,627450507.4593468
-0.2119020385780262,654927154.0645728
-0.2590715070519389,475130573.5909851
1.3943066049573156,664854919.2476848
0.2948546343360954,441889588.2120009
0.5332553475043323,499483554.60123146
0.8854220475479542,606189836.3207132
0.0943085538386407,456003251.5049323
0.5513082730423241,736198653.7857879
0.0245583394796945,571624445.9729835
-0.2795698067265937,294828942.253889
-1.076785917710642,580182137.1007712
0.3088264862461114,600710704.8055372
0.5247693339504191,596520463.4984001
0.0547952013179104,469643407.5264842
-0.4073061281885402,270201146.0047219
1.1513916942820317,804213766.6044635
-0.3069868443466143,446317225.7562409
-0.8121429148762545,357034479.04531723
0.1387993507762185,44796532.1288504
0.4663565277758035,674062498.2513167
1.2595213581502065,392929300.13934046
1.0925459395843011,266478552.380696
-0.3700834185347172,960600034.3127114
-0.4860063355412436,529409573.5097581
-0.9019118283353236,450482832.8394758
0.1821054635670097,692235740.1106743
1.4898855201314074,834509269.6562614
0.1259391012040045,487129304.5322871
0.0464605965200539,509826365.359713
0.1829796025547645,458631316.0825804
0.2009106982145937,313114057.2823472
0.4896609412613256,455289347.4759773
0.2146942898422315,595652225.3289828
1.371776494755115,503758398.8209015
0.7765574810101481,544401610.6677233
0.0398719797479453,559422016.8204498
-0.4297779041961465,446600154.6089664
-0.7531607908667597,595646145.0451577
-0.1178661372254571,402288364.4807509
-0.4321883645756785,442230956.54440427
0.1598313278720584,314491155.5142555
0.7479925599063444,579320546.9981384
0.6071170360544075,749408386.4535306
-0.175970888960452,417252436.4660544
0.945534302918562,745572846.0584958
0.3676277765009586,306249956.9896009
0.0143561144292995,445811712.532959
0.7962537220138213,748038012.794093
-0.3135094192941008,595960340.4512423
0.3897255000399149,312454368.10534626
0.4931885711170709,589268925.2299179
-0.4964048678818287,820674495.765458
0.1107873306064345,321448480.36581147
-0.3124485574401403,576104868.9418714
-0.2221826621053525,429229861.8805267
0.2741930158702726,620589299.9703345
0.1371184987996255,528305553.5056677
0.5013659975254713,415221918.0160025
-0.5795583744649189,587114514.1522677
0.5053710133658393,448906115.8789011
0.5162274702669306,267063125.92607248
-0.2998044420842267,319637625.440257
0.2454685354193289,446496176.8491812
-0.6914203292912899,477037351.7644579
0.5420852195507337,629968554.4918431
-0.1235372000415829,437380786.2349206
-0.0059239579508254,648494544.0359381
0.3793939952705793,516561087.7343378
-0.7515081732124563,106862633.00487708
1.6753809724887478,694481327.9539553
1.3429189033028104,501143194.448674
-0.3534643105659493,448438009.4327181
-0.998921198098334,671063685.3957198
-0.2826070903238436,425702091.12609273
-0.4773007253386507,446178548.1288015
1.137622913648345,483661234.6860419
0.1106293705072071,482926338.79187536
-0.4817718851421392,299623299.89330524
-0.0922762471581557,457829212.2923572
0.932141575512778,586399601.6312747
-0.0664476125707611,421806005.3011488
-0.4364077273947773,856855090.4187977
-0.3976839218542626,638557683.0543419
-1.2869924398805843,297751392.4673066
-0.4768325351761933,412509358.7161835
-1.1474920602983614,550857409.5398116
-0.5077468824132613,424519086.1657732
0.9374248209099528,468468169.6352322
0.2483505585618455,609451737.3388628
-0.4029620975403272,522464066.1292763
-0.7921248342178826,889008380.3967375
-0.3245124950390987,798216180.2631187
0.3921025217712555,398409025.803702
0.9457021352529212,337807898.4236515
-0.9965590213648784,468860381.2188274
-0.3738927611115583,482453162.9341001
1.0262436219319588,628381918.1965644
-0.8069861703149909,332918777.9478094
1.264064679806946,535597070.0967712
0.5578951741084927,307429088.7984819
0.0616681809516457,193157054.21503225
0.0231790648689764,268384550.3713592
-0.5662553648928608,486767799.7656054
0.2578602823972232,336334056.92781496
-0.5413698399681747,463182579.3678744
0.2412328284065517,467645410.631641
1.1631987265865074,910255659.4522798
-0.4143159420573646,638235382.4167475
-0.0815063816487418,641537404.5915083
-0.751499894648882,264066973.13082317
0.3396759805155182,394545314.7655148
0.5012446982498368,537971143.1513792
-0.5723037830825395,516777565.8847973
0.4891977572035076,493916875.3825229
0.9266289213509789,526019393.4939063
0.0661098603571855,409885540.56445897
0.5999357992681154,582758818.1338831
0.1751427217425985,628209223.116345
0.432744197450253,321713266.28247416
0.7407346869096187,524606792.74407065
-0.1720045087415428,628561539.4769726
0.0616003812260853,394237720.3774285
-0.3560403446481299,445730730.4419295
-0.6270506885269345,552684594.8912451
0.3831742257589319,348587265.6526367
0.4775035904692112,729851833.899751
0.4915681637886031,734171237.613962
0.2240420275319556,708618600.3773872
0.0086066395028645,352126702.02469075
0.2468346181661661,554387936.4580479
-1.0156993397577212,334015824.6107477
-0.1502160715257015,662751029.8085424
0.124061733441946,488076019.3268021
-0.4436532153193056,342749903.11925834
0.0619565392860208,579509360.0429626
0.5251898906511409,677836766.4152311
0.337940552640321,208919233.83160684
-0.0518836110064522,390518478.6074612
-0.8535845053452398,540535363.3168142
-1.354744275751261,781233753.6882174
-0.5074845899719755,324450421.98547417
0.0962549504797691,388670365.4442382
0.2164163792335955,534891598.7168226
0.02570748778383,456774937.6802292
0.5002599828304662,532569605.88709015
0.8393052425382059,365191785.4266606
0.130814171829829,780093167.2854656
-0.2058672932038165,721181152.2471873
0.1005768700175855,415862626.3862727
0.3416538674587114,843911823.5577797
1.0279553761378744,282699766.6927742
0.8203218700187448,497534845.9159562
1.1529978482891354,557097374.7720715
0.4779467960943393,230879023.3240898
0.3757702909838208,320706755.8757413
-0.7904011768498875,516166052.09110063
-0.3124199884867066,504516641.946936
0.2230858647401847,773136300.9878569
1.2542248534621545,506797147.6628796
0.7835369961529871,389951418.1950725
-0.5337967329576543,429180101.8884556
0.7202872264479924,504083316.7788407
0.3428282260422601,466623663.4671706
0.4344744178815146,433208474.5216351
0.9926305969781885,361258399.8323846
-1.0473721473617748,690396129.8052243
0.7802213369922865,177398927.0881019
0.3963777519157745,563060341.9351279
0.3830931630552935,248198715.9524452
-0.1915691091787506,557692671.2322686
-0.4508984416351516,375236421.515381
0.2209104038556848,910260181.2389072
0.421241672968801,385962390.3521715
-0.8703207070694271,524158128.5361092
1.0907099095885833,531013618.6323482
0.4262321859253323,511186227.1776104
-0.261262861419935,742346878.7092532
-0.1440830449716882,388346187.12184864
-1.1369381860548726,144255908.78699106
-0.7829733123450202,447620451.94262576
1.094561343929794,274280841.8102325
-0.254248480345603,482908151.97882175
-0.6386627201101954,581248932.7715664
-0.1382215775924473,637896569.1108984
-0.4997493944896802,409675516.2460204
-0.1885082564606635,656842952.5083592
0.1834958294692646,456971533.3324873
0.0486317913877427,426062817.3576273
-0.3610157869889715,795545992.3008627
-0.9403814668799544,474124830.9713821
-0.500370138943885,616498623.6419128
-0.0532037410729986,189138367.3184044
-0.5152191881982253,405783337.72268414
-0.2250717002765641,675345048.3080819
-0.3060342309171986,257615090.93736255
-0.0332589538745743,567867257.887602
0.0119926466773318,528711011.7738498
0.6507862960652421,471075143.9822287
0.0852334169314846,709001690.5588664
-0.3838419126341019,390653050.9813776
0.0018632769899097,507181067.93704176
-1.03997992324472,718391368.4920609
0.870410465151276,518351582.2518761
-0.0294552694821176,572067560.9979692
-0.061667866964494,558138831.462142
-0.8308902450159976,465123057.7153831
-0.5476840902985174,738895383.6030233
0.6514393153247522,443976446.5328497
0.3605946101562843,426724278.7243461
1.3967867344398346,265431648.4478084
0.2466103388562758,469066529.4720826
0.115115769188808,592964075.7694141
-0.1776504464950797,682396824.4401156
1.486685966317567,736939868.1783171
1.2869138262727258,293171002.4115866
0.415669255106303,417841186.4597571
-0.1864292231205383,577244445.2188803
1.2962918047413237,271277080.2219677
-0.8379333214643477,461135563.8227517
0.4827126359725022,795297425.3294468
0.0892376394831797,432440316.98441297
-0.2621018558273782,578302920.8108689
0.6330289941421932,683269607.6017706
0.3531267328767691,374876744.42748505
0.0053222227249289,496576119.56308776
0.5434019319980626,254231910.09866908
0.5427963286564104,343688618.9796428
-0.8765157305624697,393625919.2207903
0.1108657946265595,657647224.20083
-0.159190641119392,360468529.4680627
0.6014142273499727,643663056.4705272
0.5865953025862041,676181354.2470571
1.2706261978982163,594462151.5581383
0.0269567841543999,376681382.62473565
0.5025073484842995,449216016.5272901
-0.4335644093568231,414635069.74898857
-1.953737926018957,297941695.0924069
-0.0511591225547004,389555324.90239376
-1.3564541849357727,637715612.7282257
-0.9519601189756112,393615635.33765167
0.5341121188412122,622887789.0588653
-0.2281152437633078,487733929.0790477
1.5322059454323869,464361598.2640563
0.0203157152736341,466965174.3945202
0.1103478259383764,637073746.5955411
-1.4833187317833003,523658639.89063495
1.3176201960326444,351518969.7608509
-0.455825940108376,481298450.4334838
-0.812653098593159,532349987.34400254
-0.207136793206376,296843612.4772639
-1.9137682057316985,388415411.31835634
-1.4266130042162466,572405158.4632065
-0.6498638492777811,520751775.6370919
0.1349289591857072,655585489.6940593
-0.510271508067968,434941452.0614049
0.3058568747230116,565719390.4188173
0.0632510441288975,631402299.0189245
-0.1199160256664789,568189725.326777
0.0505194430766521,579541520.0509585
-0.5225385399994013,442285557.6426126
-0.4984279442240588,661635665.7220876
-0.2251706066536293,564592756.1235259
0.8905715406577164,413048520.0975148
0.4331995303251242,622019734.0349073
0.0124886671253175,576810339.498914
-0.7233014838863903,719084776.4094771
-1.1108390129427086,676868333.0182753
-0.5197209505839515,396249549.05271006
0.6051266827226007,582228686.5261463
0.8492862674036245,580310619.960414
-0.6250598949327874,614515247.6234342
0.415589142017261,284038803.2788117
0.5425531354463842,333974856.229207
0.1169631300485027,439487425.9391624
-0.6741003162418602,555089501.3836001
0.913463780300944,582888120.7361947
0.4288235005678729,529647752.430455
-0.8629545912615629,830112010.5543617
0.5817682472717122,581151507.9943687
-1.776711562535114,495987565.0120361
0.1573782000098629,388142133.2876567
-0.8952272878017797,768435176.6037571
-0.6874810470344788,179508678.12432468
-1.4315849401617795,51880361.55851642
-1.75653340353652,367463593.4775654
-0.3356296459797893,533427344.96951175
1.908347930792732,528498169.7397821
-0.1967554921206435,706293366.7901354
-0.1057835838903688,328389036.3920102
0.2874101794395003,302303928.8807715
-0.1495158339520979,451824882.15697664
0.5450871278619946,585847779.1270096
0.7930556477036514,404506536.8500687
0.062972237960297,511410418.88439554
-0.2248876668142222,482899639.9391969
0.1494225987747093,790524255.5855334
-0.0271189979921211,521988015.2041178
0.2045387603635192,257087145.31601545
-0.4506932212629368,644589567.9983115
0.0759328397995569,511739608.8656011
-0.3605030189586997,349667121.14730936
0.2059163151470006,600255041.6366664
-0.1313817933144427,605924777.6602972
0.2980213958072493,651364343.8844078
-0.4210387830575938,586528516.7993869
0.4602765162274271,470100171.5115833
0.0441241594880147,629540499.4537793
0.9223395764990194,765889379.079435
0.0336664537453956,631614610.022101
-0.0592011988008712,503319357.2324531
-0.0062565843098267,419494573.7445496
1.1937483383596004,428147857.5644886
0.0784008850404163,307749456.7285272
0.0329096362601669,445873413.86278313
0.7152881401524658,614224672.115134
0.91377281894481,533009276.6937458
-0.0853344795157527,505165566.1775146
-0.1484606148453169,408393454.1214478
0.7920298111800278,436189349.9122105
-0.1434420987005759,291901301.29393166
0.4617742982023489,281884357.908683
0.2898239341870118,431583081.5184977
-0.8942925812253888,527863913.7855372
-0.1642672753842644,676817602.1506124
-1.2529637020748998,733227169.612713
0.1824685611155221,418365178.96889216
0.1265102346072573,651930108.4697704
-0.6492775931610248,480816668.621513
0.5219167227260776,348270357.6212998
-1.6543741967033476,525496831.6851599
-0.3857689790513544,445334041.2468157
0.0681422804742704,309996102.25203115
-0.4391618560868872,273652090.80033755
-0.0012398075919921,145222030.07795534
0.7966177178241285,422052912.0903403
0.5316757762762627,579414765.3532306
-0.2161078114901619,608658300.5270998
0.7203746892677303,263696463.61093143
0.240952510023365,572177140.2723824
0.0080210370090733,474818627.5391647
-0.2490454847296597,204419106.60719
-0.8752437142324485,699245746.6753031
-1.7221360769658491,841251176.5819615
1.0606101585632026,456360291.0894789
-0.9302033410439734,607272355.6391103
-1.127334755899629,212901988.85523355
-0.3945232314973795,433976982.5714389
0.5225705438797945,395166105.1093552
1.4473481717702283,446865135.3015904
0.6137745710161043,488385712.2696145
0.5845510504606858,603640743.1072221
-0.0304078182598283,365726758.7454589
0.0967126777520036,503962133.475024
1.26139747647113,339199093.0847187
0.446042468700925,526296996.2670288
0.3951496852586191,635294291.7109975
0.788216960989232,308292645.6816989
0.0129643972472667,771155707.9889237
-0.6188506406490517,537212707.3892673
0.2652163498006596,454658122.2895382
-0.4767200059801283,475200763.04438657
-0.76404231921015,405082833.43720686
0.0689771972705815,485037962.9408654
0.4180056263551941,470234832.7264582
0.2820493399672814,497837848.3846656
1.2248041642684058,321345685.2261555
0.9875019137123194,756155192.4001604
0.027558955553251,549175813.746346
0.5805696294619149,595617811.818143
-0.1804708179128138,562531945.3189175
0.4067878103445694,298250727.86446303
-0.3676665450263656,525131728.8726217
1.0519505180845214,355369621.013644
0.3618077490694721,517909213.9769101
-0.9113526628175754,744984724.6911862
0.3506055023237548,354883313.8228405
-0.9741438744368128,677959700.491736
-0.009489221004182,525177884.6563114
-0.3082754794871545,397514867.32217705
-0.2093102653929562,549139001.6679184
0.8936931952353095,232060106.94880947
0.682838786440079,650654726.3736262
-0.8565326653865082,717145143.483174
0.2111921186764791,543909357.2466861
0.0358166214928846,474025787.6031116
0.0445917296793722,546102981.1289815
-0.1216367880928653,480103927.488185
-0.4144268226969304,252592630.41617808
0.7483837275312069,388764780.14552623
0.2555672748400365,524989113.7350673
-0.7675106857023397,591054269.9937003
-0.0578511998154951,534431106.6362474
0.3407219718382138,464483783.9819779
0.2545353939951837,667564681.6511902
-0.7578597011271635,400199132.6556925
-1.52284174753854,562605248.2814877
0.2582252486155936,452345851.8813786
0.3892873258183886,647327251.4302373
-0.1923479704644664,534322771.4485916
-0.5051420131328092,294242222.520688
0.912821684867544,315655006.8186544
0.0268876010157604,726884034.2065907
0.5175271023735766,753574346.2438687
1.6384606237965822,479434108.7317637
-0.3475738261237944,682011284.8541998
1.195895456952344,199128260.28509977
0.2171865949682752,485927270.1429799
0.3090233918990835,582855019.2321062
0.6704800527992747,468415711.5496119
0.0102201687835844,426444028.30864406
-1.2407761239148936,530551285.0181378
1.3458874417392113,553605726.0096303
0.2707989471327368,799373793.0553818
-0.1308536937849811,43120130.50437634
-1.0324073820224733,528960091.76582056
0.1211499629566917,641969591.2336985
0.6313297375789486,434314405.4194371
1.3217446632135292,384256396.8534104
-0.3289675978141042,631842652.6246965
0.2515958881914881,587961201.1365094
-0.018968520045243,577967997.5566869
0.5501413587852961,829795849.4102373
-0.7246776583579336,409289383.248606
0.2690067075181613,173486071.55364874
-0.7042248464888252,470651610.0133184
-0.7755890974399069,664545935.8977379
0.6141625225248976,590169121.8367875
1.2680049953866686,279655958.0110515
0.1834787126026988,319648106.2334216
-0.2187684276312485,239895481.23252445
1.0070378382294918,287694029.4150883
0.020891789929874,465737860.5355231
-0.1187699459070796,355199124.9821205
0.311676238807909,404232840.2870631
-0.6371333154672761,370479489.69028455
0.2208068333707009,747021599.5255303
0.0978913288534703,387335089.75127727
-0.5384047775218003,366482553.8282298
0.100168219647058,676418950.1268532
-0.1680194811942913,531822166.8114221
-0.6673962838798285,560822625.1416647
-0.8216373720676149,854160163.4074204
0.9697538113589655,951432795.2031906
-1.528051585498055,77883099.94384669
-1.496964911846974,189648771.31383884
0.0264668901337057,326276422.4794858
0.685538529735956,279375334.127419
-0.810695018083607,606267797.7755872
0.2949424750552727,667667604.6044798
0.3245616053952653,264252908.196556
-1.438570711058775,758116188.9190927
0.2324596126480687,628912899.4286515
-0.1184160549581323,526900650.86726856
-0.0567510749923531,461186180.0242548
0.3245352361395481,449351608.6061405
-0.094906985391446,606938299.066278
1.027917839536238,433370244.7966788
-1.0781173803314492,425118294.5455197
-1.165499817498709,616217345.8693799
0.3724226640415435,520727661.8708372
0.6103717355903777,472547514.6609016
0.3064895633402056,719905425.6657308
-0.0702846559406671,435447078.49044704
-0.3979488519330794,670481180.00278
0.6670492880966903,374428932.3463532
0.6170347925642337,90596444.01097396
-0.0120979392420764,221503498.70696816
0.961653987038276,557954456.6359624
-0.8311364532201422,751854292.8698462
-0.3978231988215474,528782891.577602
0.0267960882504313,709810600.0913774
-0.1277547824740073,476207114.6109294
-1.176906544628197,659416594.0367641
0.4306243276217206,561888168.8900282
-1.314488610137969,638640592.2523469
0.0701268643476396,488871419.39311296
-0.4406572168943889,422958959.45994747
-0.847499253097705,500277031.6611821
1.0421151047267008,574775501.4440088
-0.3749452835670701,453038975.9392522
0.8973194285448429,610728876.6764383
-0.5392712146753398,515657354.7594955
-0.7640381082459589,537530646.5686172
-0.4301919743171705,429145619.6392471
-0.3934447559492021,579122544.2820725
0.2911853816647395,592659465.2631894
0.6955508982360108,463921696.105483
-0.5743000679687776,700709181.1958809
0.2501465523926155,348654277.3642718
0.6160878304546594,613436312.1497118
-0.0107755235272364,604408412.2397118
0.2696124142538031,412990680.37970185
0.9523551772336248,507767236.90993
-0.1490101387526661,581052443.4093407
-0.4731722085949187,362119344.3781685
-0.0223237549026489,497642332.4761308
-0.7174625537452322,56080617.13007248
0.6600075711615235,387553745.5011709
0.3365274926961633,738931688.0973382
-1.0123132186270334,467131830.4430488
-0.4806992186789557,249088376.25336567
0.2181474769333073,693953913.5508133
-0.2874052708282813,247898106.8965342
0.0023462137196541,464365391.2590912
0.5812505573455623,644198109.7796434
-0.0100434019030095,520802003.8431496
-0.7165428999775907,513637695.84152055
-0.9779205504622124,430523336.5266215
-0.0254788755771254,343095394.8624844
-0.1766718404077099,419768316.7944974
-0.4643391782283864,786214172.0264114
0.3050260450928684,245701310.54198292
0.342684093047341,383780790.8452256
0.4383889412346713,417264855.757397
0.8956200944301699,706238736.1657771
-1.1313694144950763,23618848.62524485
0.2375406741903973,545374789.130356
0.249066171856662,752359434.3597645
-1.142044294472792,580790860.1714627
0.0680245275065003,512737094.497313
0.3695216725310441,333855919.14781094
-0.6671866274738987,626940362.588721
-0.6854778816649053,498335150.346686
-0.1321004486499157,378393574.8963924
-0.5875145469251675,535616438.0495176
0.7921195807979315,493007684.3539741
-0.3350116173411391,358965132.5392232
0.6572819590499056,491491430.4173901
-0.4847891876665215,275499843.31045043
0.1766617490004763,507890744.58817255
-0.1232827118022511,419165434.3555853
0.1549889081103808,387265961.1717904
-0.4058383441759893,382529750.1057961
0.0024407986766262,495291916.85905606
0.9422281179230118,623385198.713238
0.9784088370417012,470282375.6947215
-0.4226562091758518,373745633.3318512
0.1163884849311201,645096470.943966
-0.0476454448720795,353729773.8805507
0.6508091758250183,762836109.477788
-0.3763252278080284,313803516.3727189
0.0466736385184453,582778969.0383602
-0.2861219461536687,441651178.9213133
-0.2195231418812533,679093772.641669
0.7074841230174053,385186350.5627341
0.2138719558198568,236689772.22759256
0.0638225439752879,455324591.0193513
-0.4699957503105089,652403830.685171
0.5966003984816189,497021011.52144456
0.6062119286954735,507521594.0914922
0.6545842013115243,419732280.92937696
0.1141733271942071,596782130.4734875
0.778862753455466,367533010.4739477
-0.541694065119878,780100659.4128774
0.5240519367148855,606019709.7698143
0.3019412343045826,374149261.8442351
-0.8738704784764256,475462662.002877
-0.8132811287705555,451431449.2298536
1.0393365841772846,435639911.5594896
1.264961195717087,227698352.1557848
0.8801642827427656,132475063.75636557
0.7270816242284108,518965841.7691183
0.1639936419639447,686686125.7691603
-0.1092022796938868,694273929.1302847
-0.5836947382124504,549269648.9944075
-0.1004160731443947,600483438.0131304
1.5841439749881798,292546952.6933778
0.7504844989351539,460078056.6419193
-0.1982558035897845,477097945.3590056
-0.4347703950957013,281939128.6501374
0.0255697970553798,499982962.919754
-0.2464383688789868,389036474.78196216
0.709860459925107,447488569.5583589
-0.5965328774496096,651207581.2322553
-0.3728287307368735,199408433.9718345
0.2849605226281371,661340972.3756937
-0.2804488104801256,598822603.6130663
0.4174344123181503,445714813.2627896
-0.5126622903432009,804878585.2845244
1.490775915041316,450258626.5090264
1.1196119738693897,427502981.6891781
0.8449583872120395,672147810.257358
-1.6103713075488222,81980586.11845234
0.553575106350663,265867633.5079136
0.7683374190002663,141227294.3803699
0.5219996090994605,460035914.8767036
0.1914343835785564,599277512.1195419
0.506018030311646,535196564.0820999
-0.3124343089027415,737860993.3081653
1.4538155357625206,442796911.6771892
-0.5327435084683522,494063405.7018324
0.2614526806333939,440437827.07304686
-0.0111265276035386,477706356.0036288
-0.2307956025759855,370138456.6984735
0.2641616774493378,494280484.2749324
1.2886277990708774,436164772.0438307
0.9409721269188392,388180176.3983935
-0.783766839553944,438868725.8664935
-0.0887099108709435,750984565.0480049
0.5998127673314525,462396417.3605228
-0.965655094952808,364969397.2962455
1.809563760945034,492107051.2553107
0.3453332495891402,405705600.1890138
0.1325337286512142,302715605.2361748
0.7017614770115663,410498835.1842544
-0.1924265671193141,390378922.1803179
-1.290579913036777,192645491.5148016
0.1153052367316502,661406052.8792977
1.2054798672561753,497732475.6277065
-0.0102481535935208,465050770.7405234
0.7114869606237746,898222918.7082744
0.4743712759030738,418224934.2694783
-0.0741040431722428,331198158.45728624
0.0981311726582728,718488571.3903265
-0.0457962582621184,374291316.1656405
-0.5125230472108087,581049122.2796899
-1.1223781400540074,323194105.7425058
0.209293140267879,418060741.1608564
0.3645722953296721,535073215.0181215
-0.3592018863414112,538745198.5471255
0.2157815418800271,812382631.660971
-0.1838188977479233,475685615.3057638
0.0456509805775263,472990911.3462941
0.7629505164847843,948248111.4955494
-0.5004416961569225,732004401.2752231
-0.7841326469301957,347353688.1053834
0.0883623034767277,535103964.3752347
-0.7215084143859971,880220073.960703
1.1360534716528508,472074155.4322451
-1.4990357749504737,776804584.6019187
0.6440420363081687,751737046.1146798
-1.2057526486357033,479216355.6680805
0.5233081063875081,799796975.0174718
-0.037145143785638,568249804.300238
-0.2255538798739902,408802707.0607267
1.2834661253073607,441741481.58754855
-0.652333014504055,619122542.7521487
0.6473245296355348,627111340.0884063
0.2439010094001779,223797484.26465568
0.3576433669387223,442406865.5907795
0.101980590511288,625831597.6170611
0.7537830639058126,675264936.9711186
1.6011183285489523,579993277.2049141
0.5093812676840972,647512247.7683687
0.236731736813254,595555616.9978297
0.1212717453863632,415720273.2862451
-0.3104509356756234,368178616.0683477
0.1087225879095209,386481422.7522762
0.2198640912260125,500135044.79466695
0.419740043827596,309552110.3094875
-0.5382785287609777,610186770.8276441
-1.2037158708312068,444957006.1790072
0.2997671198938547,549265287.5838178
-0.3787452002020239,916349423.7828244
0.6335972141356372,564835980.9205791
0.5849562089653296,497543661.6608556
-0.3799235937970326,511890943.0041425
-0.2024211859066024,567666526.1487687
0.6468105309961995,354312468.52856195
1.4593805818646055,589445871.7574426
0.628191777721663,430276817.6785632
-0.0868528171481799,521442152.241526
0.5365673904098981,343827885.480128
1.0677475997229195,492879159.2022568
-0.4219464406932833,495362405.6184559
0.1502322555620145,502929537.1535743
-1.0272233003218283,482329963.56712073
-0.7889460147011937,864832640.1794554
-0.0120330809157969,574721765.3086041
0.5740901916923834,564509847.8819166
-0.8151785966509578,480157907.9513301
-0.1534884646030046,381881706.1335126
-0.046192992034786,774244198.0202112
-0.2951295402637846,730013171.0694408
-0.6782194680656355,856279025.1640769
0.5408474741254361,496397186.0464909
-0.1888336238144053,573560082.9742554
-0.0764632941479412,654446853.3111556
-0.6443206845978953,430675477.7281295
-0.3272030400912662,471337354.1608046
0.3095656133409388,506649772.5809618
-0.5495411318734389,359314432.28438216
-0.4837627589800033,436429241.3950076
1.3516235308896314,616861337.6156576
0.4812367552427479,304784500.3591082
0.2136022933416617,494120526.2963198
0.8535940259397506,424881426.2372469
0.6697270439778722,460528480.4526965
0.0622064656804384,476159895.78708285
-0.6659706169401332,319939984.0784053
0.3613465761516827,498862069.7193901
0.6318538903868621,664796449.2112052
0.0638173533047564,674263876.8965892
1.377970108910329,476677666.40500927
0.7216939972304605,479000821.9479063
0.2711641777060222,674264596.8854265
1.5946270433967595,670742840.6330091
0.8923794147853967,284677606.6597148
0.5740687630641307,281820302.8664448
-0.9702278792141452,303836541.00956446
-0.2810583291075706,522157526.9913049
-0.0359284650212464,641384998.288465
0.5156650128121641,395891847.7505201
-0.305177763088401,658460651.0801731
-0.6176678507248314,450915887.1067623
-0.2182721276134889,386397868.6584144
-0.6955545287029196,799370501.3959756
-0.082481896846602,614770735.2587239
-0.1423124124374366,488276038.3633243
0.4983220754429817,621739828.8450232
0.370513544200745,233217109.23948607
0.2022576257243303,317865611.8644636
-0.1182279895592346,110827967.93251948
-0.5288912965440885,584532068.633104
-1.2271457055831252,516834700.0161589
-0.0530884984759556,494887172.1991418
0.7129421920202996,579810744.3876215
-0.7993834906424876,645831867.125927
0.5484549135272245,452154866.4253394
-0.6752063309264171,428507044.4259625
0.399517757643351,374545666.70242846
-1.063240922633396,52539455.59396333
1.321582811117901,621500111.4891796
-0.617531978716671,305218268.00225
-0.3446692153382278,272430479.6637024
-0.8521234127428877,521483498.8056727
0.2193171665041984,519306213.32362026
0.1763158604946345,492905140.8905223
-0.0830008353556756,409499301.46693325
1.532923710067772,583026519.5603706
-0.50725263536899,471074336.59706193
0.6827684417267119,462599934.09240335
0.5558910609666544,560980745.7453618
-0.0417772317267108,369149551.5860656
-0.0247970749820466,684678739.7846854
-0.3022658930985383,516368847.8398181
-0.0009295233396808,329607861.1354605
0.4268470202557672,430363357.3862395
0.147549222093569,389232038.8177699
0.6190502356578212,687584289.416982
-0.5749066924458035,648813847.3577985
-0.1442104716848442,913314005.1494784
-0.2679454561669624,601660970.14777
0.5375042118073874,684958997.497737
-0.8269839796871373,541226383.8056964
0.6135900160864354,382446760.6486728
0.0403433693204861,461316225.7495394
0.2817927698569403,471790819.0409111
0.0562897792670826,558682252.7878399
0.7034260944956188,824392368.875344
0.1003781848123553,872882534.5836496
-0.1053538736463142,609057319.8148805
0.0178769368661412,433962682.9996519
0.6103815968893994,646551338.4459536
0.2306032449857499,372547017.5345846
-0.0095283389550459,716111650.46698
0.0111710083516357,444709562.51730114
-0.2022884100191926,814400972.4256858
-0.261561101211844,542398502.5942001
0.4890001228570043,279709231.88028514
-0.586922177411932,708464262.2242525
0.2058608023741899,706663788.130763
-1.3234038193712423,491685782.0619691
0.2212642960594798,601171055.23831
0.4387484791811589,622151788.5804392
-0.3927182266699311,317658323.7819521
-0.7156154203647724,502378011.1462688
0.0005566034671936,494237570.399587
0.5042211228547859,534195625.3996483
0.2246280757689486,412521208.9897248
0.4807610840992821,480158491.6513193
0.508687453132878,522117546.9304071
0.4219101185865572,381647893.71426255
-0.6704928476768317,568307346.3579129
-0.5257802174432836,505092201.42762345
-0.3964859783193433,710271804.7345685
-1.096436157605058,548562212.3059522
0.4962314937764795,42821514.69747984
0.0323118794636065,558149600.5507659
-0.5791948267714455,388686379.54541874
-0.1844032742124588,449965454.0041819
0.084520179707044,105364468.501684
-0.3050473822938188,721541569.8795109
0.8879716808493521,357151319.3916788
0.1337660356032275,513342838.47305727
-0.0573118984242191,520378215.931012
-0.8260348336581842,385001750.4311709
0.5096941440428517,476554212.4080928
-0.20679330522512,548866206.8455452
-0.169188720076893,709266126.208336
1.0806152533901474,352429666.2076145
-0.1731513677678558,505565608.7067626
0.0364322191552472,577420104.2240484
0.5641919737216402,428432517.0869869
-0.7028107510257876,372848523.3241616
0.3003617018536439,550705214.5680248
-1.9634332076552647,159143432.74687088
0.1778422636466911,656420481.7665538
0.0776338635602013,540801837.2221473
0.4033105029881256,494597494.6960488
0.5883147986186121,227519849.2680858
0.0196264047929132,660407804.365578
-1.2686080804235615,595036495.7765381
0.475925484438999,635827887.0415175
-0.3233360582088287,415064696.2812637
-1.015551582395083,252033036.23201045
0.3798176255858516,491579721.9990867
0.1886510354032829,568046093.7224112
-0.9401849687296968,114746065.4845392
-0.1910772321710083,555183202.4674666
-0.0361168247279288,564979737.381914
0.5944452104558148,635876769.463331
0.1604315710841644,483366839.2182458
-0.6415440696369229,441950133.124829
-0.6670030740910049,487618062.7662861
-0.39024694086075,120247637.65325417
-1.2772795374617545,483256364.0455009
0.0580030226260634,760318768.986813
0.3888774635787385,399818323.8761253
0.9669376397752284,406518671.0876847
-1.4374579837114063,104626760.18028042
-0.7927322813850401,839161161.8276463
0.7136249660863255,572310687.8438237
-0.3305808850398047,386926278.0201144
-0.5313490729494107,746211092.6765002
-0.6458972601358883,692820058.0071509
0.7474930332683495,491307312.4373856
0.6873572371852004,667997392.6094952
0.8205119262983759,626452207.0877737
-0.0809427640507521,597047699.8249826
0.8621964836896308,540562270.6248024
-0.2829508621503362,561939205.8577608
1.1060899872411782,320016625.24063265
0.2319628466960931,491700257.7174209
0.568148603417502,355607662.7286435
-0.4029686804318786,363520966.59161854
-0.0132112984007435,369768049.47086704
0.0576437731999107,426030026.7417714
0.3490472161421083,445225918.4758795
0.4457529436916938,202584059.47049403
0.1182856181595641,533860002.9090986
0.6508593480877569,221451230.02719575
0.2948432149195361,568766907.4522057
0.1414163861230874,656048507.1519891
-0.8839242253919757,494448141.475337
1.3467523488542177,602599737.3591805
0.2420276788765121,196061299.08538315
-0.1693326018336484,302315395.1241001
-0.7058230871245961,200470919.28935063
0.4454266070544183,254986175.6155264
0.3196638467422557,268673690.0518188
-0.3911075456353706,516879826.9433917
1.3978422630425793,236921868.07866263
-0.114717565159024,464388602.6003177
0.067220231215721,371329849.1291024
0.346480721874797,411921795.1325177
0.2382804416360131,878565884.5165327
0.3099360919971954,456424316.58948416
0.5472394158395888,994133741.6408204
0.0373699216113491,586754562.4882462
0.3450047375696564,220877999.55349725
0.2522054051247261,829286732.669737
-1.0765586348764709,312112135.3263388
0.1930043073538512,380848304.56017387
-0.8545955997447853,599620879.3430935
0.5686961055018024,206125544.63744035
0.0021991035693977,142318054.2490885
-0.3058020947741284,416281448.30430377
-0.7226774571546989,627634612.1763314
-0.5201356191608602,211430903.67315543
0.0107877696297434,525673304.5962782
0.1362608203455683,607670830.5711344
-0.873511957872187,846107216.6403611
-0.2839102505514427,594251283.6090977
0.4938676373848417,595539929.7750093
0.0912393829141644,585254310.2920827
0.2235880162617455,628420378.0284474
-0.2583862954852426,425237038.5087496
-0.110060646281499,592604179.5705489
-0.4080054581728822,576077798.4827113
0.3009043450609253,701690414.0908102
0.1676724210537586,523783419.8968228
0.1053541369276347,716128788.9464796
-0.0946026124989308,353569694.865198
0.666076858894449,589817805.063143
0.1375219501877509,677785648.9534475
0.0188546460696171,531021714.4644886
-0.1637108179468628,316884089.0702944
0.3665050098818083,347889694.35706854
-1.626897419745324,862297479.385366
-0.5156105112837766,810502766.4089501
0.9467253819035892,372410486.2685038
-0.065172244652335,442351471.8066217
1.4214109343233532,149643126.8379142
-0.8455708073009264,616544984.9314963
-0.0144030995536237,764056061.4284155
-0.2052431249011553,296459882.45062125
0.7481760262951723,550658976.335761
-0.6340390564354867,528824224.8120019
0.6180800229831038,373406012.4675312
0.2505861826767585,544558462.5524018
0.1564490715104831,382757071.70234346
-0.8375867139826964,663046026.9601773
0.8630435998888487,816088821.2786055
-1.079031367538788,369184320.54992354
1.1683969229307245,593116809.7952862
0.1367018916827616,356211939.6219084
0.2942730462890678,739184199.6430534
-0.3190926868365752,436981315.60768384
0.0772000722019216,502967111.2273163
-0.2388241985679101,454792313.77442807
-0.4375642068232557,521785568.729
0.2484905452988632,472090911.9122871
-0.5266891288469715,763621469.7715944
-1.3738955800589463,485257847.95689046
-0.0102663353173768,561363727.8625462
-0.4120924256479482,669003114.6580002
0.8868135273694101,393192646.3095547
-0.7584229595063644,503340472.13895726
0.271583409815503,503103594.3766317
0.8439941456175525,321912763.55203897
0.7077325848323444,391734623.62504
-0.264968155172371,688181665.0792723
-0.3876709630819273,630597465.2740033
-0.1213166677382319,460462630.4517904
-0.3135356381365737,582879831.8665667
-0.4743996342430058,423120513.3104004
0.2188448958986376,173485573.24521875
0.2576503186238339,368433279.3970087
-0.1180251262025016,262611628.39564228
-1.1080807910600898,458913697.5930024
-0.20788880957428,410334948.9744553
-0.0283978049681559,379211997.06667566
-0.5006588621837578,486370824.1933394
0.3885850497740837,248371577.4573675
0.8233742550846066,508737671.20588064
1.0839591429302724,795623751.0336825
0.3897121829165174,457824397.064234
0.2346021042378756,537633171.6053318
0.4273993700662742,367261513.5841727
-0.591125520872004,462496281.7479656
1.1095186871493947,491902417.4859744
-0.0379913405296218,467688165.1743206
-0.8580199992254289,539780780.7016671
-0.6866687884448388,525353051.69076025
-0.0603619812723799,541425375.9757416
0.0445101720396878,311262253.6612271
0.8378851115276768,511501403.9240386
-0.3757753574487206,601648776.2392673
0.616725342630499,212850901.2832517
-0.0039142107173606,658721139.7825595
-0.3630628701238911,563752234.6519039
-0.0799415222062448,731009547.5567185
0.3207711955742424,492450631.9283812
0.3701649924708525,225643920.73216256
-0.0045569937169789,740114554.3489065
1.1638109574761002,497191906.3011034
-0.5389999889638819,380386222.9204169
-0.2224732915061665,472511576.0064807
-0.1890244338981717,828683408.4848529
-1.687353061716319,3376684.930616107
-0.8867166205782845,492881920.49483615
-0.4978403513802941,730082704.885714
-1.2770916027345276,402351384.36991775
-0.3537291899392834,508384090.6358189
0.7615413049174014,267382402.5897918
1.5392658656009028,916103115.7713308
-0.5031316996839947,308163899.4671717
-0.2143979886397359,416607748.7853921
-0.0461628511101817,686040103.8136352
-0.420294231091867,604596146.9083704
-0.2068846244978312,480907296.30724657
0.2770385600798754,523693991.8673549
0.4844010589213002,478769030.4103578
0.3190942523770721,599563320.0814921
-0.0234641424142847,347900723.5448848
-0.1570593167390926,347069979.8407055
0.5873085962895692,508594168.60630345
0.7364143484517613,521372671.8549965
-0.3005822394251138,739647045.3888278
1.047257194524828,197479617.0558324
1.3810609531686886,521883198.2450664
0.0585454451065576,459324344.2112622
-0.9068180185452116,512864537.3777567
0.3751805363614276,328015323.44441
1.2917054537631234,33449054.38370269
-0.3856480783039304,380890556.3013504
-0.8502033253229567,202538007.7800231
0.0773480295169485,252613241.97561285
0.706402128091266,662992572.037205
0.6524725995399583,740413980.2897304
0.2803391618632867,303807383.11209387
0.0279314359692591,481113881.2470073
1.8329537984225848,893932935.2750064
-0.1338416218534842,507740474.5883559
-0.3724976499757235,491434090.1408418
0.4342091346352092,383914927.413742
-0.0288885176104038,551389458.964794
0.0085736296754645,641151451.620432
-0.0147500239699862,331666694.09432393
0.1181159832927244,627781816.1438261
0.4705437795262233,564709707.7261003
-0.3399484684150102,282952348.1844856
0.1624220012808728,561121260.5530521
0.4990459057452536,411478543.8908426
-0.2587574052268446,459936351.1669759
0.519157776234975,404478760.26121056
-1.0420724997579824,618541334.0228697
-1.6324601331120856,99407129.16957884
0.1321685501393509,620087028.1651198
0.3688860047968331,476826743.02872986
-0.4383564593794631,607852117.8898287
-0.0908924274916284,533816814.81045735
0.3453525972065248,593817027.0671208
-0.2843874742695957,680791084.2241731
0.6198770503531059,629531800.7000206
-0.5421940848110993,386426235.4943397
-0.1395196938812492,648759009.0989151
-0.2274604683131441,403714634.8389224
-0.0607081686977488,637059086.7785882
0.9271670288732206,682465627.9988801
0.0988673919492703,472979331.7223229
-0.4105861784376265,519466917.1500301
-0.5703012425796751,658265484.0003988
0.0569420334535965,729702689.1648412
0.1753184808518525,692952107.9401693
-0.2539318408644792,677174137.2574035
0.2656437454575052,617469186.1210579
0.3313906398213547,236202295.677042
-0.1024147070859839,418630703.8697442
-0.8124304405409244,837162697.2829484
-0.4908706737034385,337959547.9654295
0.3162590846113454,492103953.64947313
-0.2908591261562203,527320036.2806447
-0.2196645597844998,481875182.6466661
-0.0700769645631791,430921808.1502012
-0.3445693871681066,283133521.0452928
-0.8479204102721353,323561063.7264853
-0.5968853329316085,391775692.6401265
0.7000891695528345,339263234.5491608
0.2150383420038474,631144277.4698069
0.4077236548591845,476965386.1502618
-0.0063752204209683,419603753.67347366
0.1919754208760267,731343622.1015294
-0.0753629465083891,491608386.90366745
-0.866146608348475,677539987.3684356
0.042902678234299,601760697.9645014
0.2282908426100938,309868416.09741515
-0.1824194049861958,486949516.2545344
-0.8622493453907831,560311471.2775373
1.308793220817471,857343284.9680119
0.7614167172970732,686424086.3274667
-0.845114511609058,433867507.63634026
1.4884394952549755,190690574.02213836
-1.4826499126501238,943541715.4695436
-0.2497298325901442,648945723.3693634
-0.6557980570267156,261542817.4358449
0.5317961915528366,556238882.9440924
0.4151789042486444,437335847.8270635
0.5806114027193181,531851102.8172781
1.4096376243263973,602619102.4018902
-0.0998824122059389,424854806.1481083
-0.6388130091602471,583237538.4516809
-0.1099222484785107,750401358.5458153
0.352639764649064,459087191.27477056
0.2311836374613292,402125938.9557764
0.0343680179462223,454042274.8190552
0.1757931056421893,582298110.7854133
-1.6667757124640497,488670929.9239256
0.2409130177381727,566374687.157349
-0.4521283646615029,509099357.56077176
1.0137066047162038,131426847.93736896
-0.4328081272039085,712413931.5466205
-0.4059797403373409,501404594.1602146
-0.8292372955479275,429803945.5760794
0.4811356027812649,606453439.3824244
0.4933781350465357,410105168.9406454
-0.342869166718502,853135511.7254063
-0.2909881738394928,397520154.3375349
0.5852343197388371,389612915.7339675
0.0947065546018874,565657259.159713
0.8943833608796077,580726527.0090376
-0.1017260521225265,533397162.02377176
-0.1973244071838551,725114751.4011805
-0.3918341467848363,585725933.8039013
0.3154191059394775,730331091.8806243
-0.0348064198530721,510369110.339036
0.3010063640927859,358071588.2491075
0.032854612160745,613444507.3823084
0.4319423722829291,646100321.1178421
-0.8457660419374461,420438282.0460371
0.4452097242321579,561886014.6979039
-0.1254715374241056,718586815.5947413
-0.3632052283777409,527308660.2743301
-0.2170544270210347,441860807.0346883
-0.4213359784744349,689897855.4320037
-0.4346837687606562,583967999.0302737
0.4726796931067517,603934977.6449502
-1.3813692451502466,408170451.5832518
0.0882727808873958,638220878.4433867
0.0815626080036516,518698971.6629599
0.1945200388298399,518973196.6864829
-0.2861927046567749,665311855.6856191
-0.516924568525427,489223946.9788837
-0.5610653953216513,750135329.489206
0.0072890857102851,390522452.6552962
-0.7420572080428492,538215038.6460009
-0.3538762970726081,681486592.7545707
-0.1655453580223784,267943312.7851804
-0.9799367697817676,619568572.0136576
-1.0087759809359746,604260253.6267959
0.017730929841686,467150970.118002
-0.7556366011695402,337234223.3755244
0.1997162119366084,224258874.36551085
-0.659037254449429,379180987.5125594
0.2030669074655968,408542612.4361261
-1.8130535342169367,912301617.2902092
0.2455565438060529,501878122.4662283
-0.9070447335228248,186570352.7508273
-0.5530785619315679,546622665.9297552
-1.4986938721645142,414270744.4739295
0.6158828366702827,270249529.93847185
0.1452821071138821,412204149.1630181
0.035988488943259,780556251.2859625
0.5727781831760956,488530471.5144841
-0.1146947520160357,509422833.0764982
-0.4769865792410272,536474184.9244165
0.361943676168276,548881393.7140985
-0.5005924418921845,468762986.0161858
0.3334661306942275,433230473.2659304
0.1028054258195158,565581892.7138112
-0.1724553788663204,808952423.0349013
-0.1463521043572688,457136415.0066219
-0.3079614096383485,284863909.4502901
-0.7338003597569165,568818579.208855
-0.7963334899271314,321320435.76962554
-0.0045955187594292,340331822.13285017
0.3677168109845258,608380263.9062482
0.30264774846868,749238869.9117483
0.9999962198013064,231238422.9604532
0.2546499420458328,714516630.7177509
0.456992707203356,511793073.681514
-0.1847016100441949,294477268.645368
0.4182778912886102,879451263.6092124
0.440183454827395,602271363.7109114
-0.732323843326517,431162339.372982
-0.2931586503490737,358320638.38509065
-0.0148067291168557,591223733.1376914
-0.2103055075351155,681547072.9382247
-0.0052581979597679,464368982.093693
-0.3036141196571218,711797339.7444758
-0.3664127581917283,329208643.77861834
1.24876264091087,786401363.4817336
0.5328553243201227,319948029.0843172
0.9972450111001908,403149188.06526536
0.9405521529331744,364016150.9233034
0.1692646087338143,526776899.6169933
-1.1588524529794495,603801392.7006586
0.0899506160845036,600809151.2078711
-0.3389637809823673,525341261.9175245
0.6711125335572626,344343996.85901004
-0.389379212879138,283416135.4917243
0.8433993086150341,507526244.4887624
-0.1390985902830239,707953490.0688163
-0.826690473150115,448071015.0232669
-0.9943080445771912,587725819.1402798
-0.1656956882758575,644107490.3049096
0.1331212899789782,559039794.9691501
0.1108103461112716,441881358.0472978
-0.7220857445210851,470575346.5436181
-0.434958095391069,474777076.97728366
0.0609580004225042,650350645.127382
0.9864477236508702,622023753.09812
0.1872055825398406,463732783.4298839
-0.0487897823866292,87325338.98243928
-1.2928411372699409,953529767.4753636
0.0812807927781066,475913693.5877415
0.4700443900929246,513539321.4256687
-0.4938997748951078,326255456.91343284
-0.347314155867268,488941246.9147415
0.4383858521533419,412130440.47366494
-0.3847562334558354,607035992.67647
0.1928756304319688,137534324.83940113
-0.1436688325785814,184679641.8632605
-0.5081133180815709,650048968.7350389
-0.3542366766236756,613928150.707242
0.2150266168257502,454186308.7489991
0.4320383238743889,350091117.520211
-0.3827304729871774,610565576.3889158
-0.7092376064761632,535417658.8568533
0.4382768529994565,605384511.283712
-0.8812375591766235,531160899.0998437
0.5674683103636351,218200679.17180717
0.4040051726921518,295948747.61782444
0.0959210890770022,515701077.6219356
0.8306980051723278,557026159.1664517
0.3641169186355281,675237357.7572111
-0.1161791784624219,645740311.9903572
-0.5114813219413961,567775750.4468219
0.1350241352284438,316456429.87974447
0.7694738218935927,530689376.9718512
0.0885944207847649,455138458.4112247
-0.4648910703659856,627410840.1633422
-0.291474671968921,387384168.5112464
0.0123460685026834,311849881.65855205
-0.2799739487540811,617420532.5271621
1.0558209783865184,441935683.63680094
0.4888201837225316,563308420.5999058
-0.20918366442437,211180297.12873235
-0.6660449389346782,708514146.358154
-0.1091613521275702,503572239.1080601
-0.7459152003869417,337251033.58921075
0.0741962123695507,710034063.4533747
-0.2854640455999556,366450234.0552074
0.3608595762828758,711476647.2496612
0.2032415650998326,696537315.9494034
1.4467083104205234,483694407.3918597
-0.3900937352031796,581582791.474957
-0.7487419627575157,513291760.2814431
0.7342122712829556,622323954.4259623
-0.1341188274499708,820592858.2285014
-1.8031321449731728,466995550.6009317
-0.5327901775353446,697374949.6390182
-0.4917333022660251,431820601.2114938
-0.2892905919497948,466504435.61857086
0.3184723422617607,509127821.0156164
-0.214158954815374,455102251.3920751
0.3807117345784436,701184758.2899336
-0.2394586843588597,782341869.6299294
-0.0673101062877735,511063423.4053354
-0.5139155572847262,306751445.1639907
-0.5663456913571765,73145159.04740189
-0.0392664296453698,392205290.82527417
-0.6021786100517775,429569289.70456046
0.3751640281852988,438786956.9048431
-0.6138098508145039,850843390.6304404
-0.6397698414900195,563345083.2383816
-0.6693534366057617,708199631.7502179
0.2710542019394832,792336967.6243825
-1.0361303389986354,338011525.5315866
0.2599498958753514,312956652.7363193
0.1083962756429991,471659841.8797549
0.1385210040208294,349445861.06303114
0.4120001185076921,566894053.0787568
0.3196233186290967,445472873.2925203
0.2896435657606425,732133453.823991
0.0966901802657382,668024504.3405623
0.4517612696757366,563164284.8457506
-0.3019330464785961,683675664.217224
0.4248649423185751,474524083.1606288
0.3329218321638727,471640984.516886
1.080848157626657,333281782.8776579
-0.1684051560568397,274502968.4746793
-0.2081576391973479,441613601.927269
0.5380509754628402,514645666.14284587
0.5842671800899835,541368161.2975479
-0.9607846175291788,307464282.7034005
-1.1917797332396212,692685270.5943266
-1.2519705133992238,428093870.165437
-0.2486752472692435,558180249.2235618
0.5849421457721705,506548790.1704405
0.2701614554467529,586754594.2867805
-1.011534082023121,588241098.6930709
-0.600200291510654,370170962.7178044
-0.4579351163372874,880778088.4554995
-1.1746520301537662,660748175.9481419
0.4619015979907779,462837069.0990672
-0.5647651325441607,446520952.6097437
0.3124617687985642,279937431.918148
-0.0418842172917136,505288510.9837511
-0.3597969689957533,388411132.4203503
-0.5733832736278884,593839635.2663842
0.1979065774438685,540763167.4530936
0.3328080935869614,515278344.4696716
0.0357042683498607,401917947.68290544
0.6901502705757103,694760627.7705265
0.3883134850308231,506629822.22167766
-0.1873002884285645,442304532.2889365
1.3746808050750847,612708613.522579
0.2408465064234886,448100147.8941013
-0.433281794641577,417538599.65094304
0.1901129303791257,727238043.4020213
-1.3293438183796051,479408009.5127548
-1.760997818915223,785422444.7513146
0.204606154524527,438509797.2235704
-1.016830454847568,604769104.2657713
0.0402977384600389,327931006.5341608
-0.1928074594075904,551134140.2443838
-0.3586939363782491,452560946.8436859
-0.3738551679724063,450133597.8053135
-0.6140738137392266,706349059.9962676
0.1273097788975709,557927518.9687285
0.4019854417641295,660711181.8809297
-0.0444729901707849,462379539.2796939
-0.7235440079544961,396163684.6152063
-0.5762514229558695,372692247.6122763
0.1648004939171522,466027075.2098084
-0.4026276589936506,363297642.2763917
0.002650715356113,738828443.1642996
0.3612827020691337,489308206.8262549
-0.3535750849014502,351387917.8283986
-0.7889117486773084,407190232.175574
0.2136572323025404,689608329.8007908
0.0725316415246397,327110455.0179544
0.4901575974339235,559346303.9875183
-0.4451069561659466,490882682.1351609
1.001364749394724,668009672.3778801
0.4785820602961597,580139008.9310898
-0.1452756341042767,536533758.1538389
-0.2547448587704325,462770373.3516399
0.077838816222624,559198286.8201467
0.551727972987299,497472008.6942354
-0.6639911051278846,510457850.133396
-0.6238635570441137,431785623.5755267
-0.3151336581145021,562911226.8628786
-0.0653429066123348,473014359.2268769
0.0462314524939778,750659565.3599479
-0.1525850076757835,477688500.0511055
0.7252277258027948,500121563.40852624
1.0111824753055367,139826457.40608785
-0.1771002841790429,496963075.12355953
0.5270760647010176,552665406.5365129
-0.1741280325541957,359975833.55449086
0.1638482235753218,536443875.8659642
0.5572783017430811,384008918.4989951
-0.2981348804978893,480189752.5525175
0.5532682644694038,303354200.118906
0.3576789428730184,671291057.1313751
-0.2175107546559328,549890195.8704809
-1.0567558612652832,609012788.9496729
0.8060915164406894,277470678.2358022
1.3821358746595618,692489415.8839359
-0.3470971283574116,484418785.5231268
0.1342514646727322,633754073.0560321
0.6194955813361775,396378497.30608255
0.32069051402783,364927037.5332063
-0.5056020783984786,632271136.9577817
-0.132414961728363,693690070.9355766
0.6511830801420134,604476224.4609547
0.1757199592173974,451446043.2864578
-0.2771814200849938,495586571.6207903
-0.1678327355418876,461364419.81595993
-0.0127905235409767,457434597.4126832
0.9073316839641974,560859516.6436335
1.2148000441269655,475643423.1488812
-0.3076314187931483,459476681.64024633
-0.1271250563532764,527438879.4631035
0.2396732526065536,534428739.07996416
0.0859315701955938,240005299.9793405
0.8261473685103613,284861920.9513158
0.1365902838887157,496906240.2620101
-0.0055584726939208,512874311.92874354
-0.2580872549532342,479807795.62495583
-1.0686079800328745,317929482.7262797
-0.4107034296574308,777864564.33811
-0.3986185762529012,715998088.2386801
-0.0448081159225512,493282795.18831766
0.727410193145304,669252308.5774524
-0.0685846741066548,409328540.1764376
-1.5162249022243126,340561329.4169867
0.4488932634445871,424485164.5957675
0.9497366866130876,148086993.14690754
0.662477232839116,586339131.3791533
-0.2944388983305253,536786968.0211954
-0.0602827918335976,388410486.1692998
0.1792695065619589,668111963.032586
0.4556809614860084,602910980.3152696
1.789716100242802,569677921.9956286
1.2392863516656794,861555892.50899
-0.2974329152258581,569134450.801447
0.1805085426771837,535375542.5023263
1.469590300516712,500241596.9064896
0.0217697593441847,433212998.74650097
-0.4069860968239298,205194852.09639084
-0.1898337669110419,353792212.7481778
-0.4235444787012128,573913456.1523492
0.2512425943663857,699688983.6339489
-0.9730851832147464,647786662.2431654
-0.2584922656264908,618430284.067063
0.4691518017032597,376503702.3638263
-0.157077260067854,702648531.4534037
0.6121580102556464,433436372.9989109
-0.2103959600558308,398497963.2764524
0.8761377443135295,317565068.6153549
-0.3053138963325845,477920663.0659145
-0.531628672807458,408943095.26036966
0.589150561678142,226061519.77814868
0.7993845498139911,901601453.9021676
-0.2170280800876736,399377550.657361
0.7094204160001443,281677698.4536568
-0.2842911783589428,494330647.9401895
-0.7999010895665537,535671771.004804
-0.2305869769799846,362065487.0274659
0.3077530379046373,590850447.5979496
0.2323402040445036,546199594.3560276
0.1639653604549634,740434457.1972739
-1.5447868270014216,964683555.1071104
0.3475133013604393,555777365.8565624
0.98844756824878,462637263.6618826
0.1804461027710366,883050070.59819
0.3067810255637739,195719550.7706943
-1.064657337187205,392938898.5771673
0.2128307929957788,310842594.5037257
0.5320333851618959,587205181.6621962
-0.4128122108089393,496275771.2290637
0.4653281013869151,582723592.8268243
0.8760043823751258,591274029.9404013
1.3282341717758668,449639527.9785628
0.5801237029936237,553931444.0009384
-0.2078719671970209,451413464.1878594
0.0896992525896925,556132581.7501234
0.1316664431814374,566829479.3635654
0.3213247301295753,721137759.1563921
-0.4115469953684149,429676532.76239735
-0.3947535961457778,540569140.3865536
-1.1945341184242717,648645646.7733494
-0.08598924535444,576450020.1337813
-0.0888742012736248,564457932.8631581
0.1475518687430265,510429384.4913449
0.3015092190746106,624821684.9274174
1.185813230061656,480673761.5767221
-0.4968492294907702,366437376.79009867
0.5524595231962215,455839904.7211836
-0.3587371474653218,484481616.54848135
-0.0254713734923124,657040387.6467505
-0.6782151983941761,663480515.0165951
0.0684946911506765,408135665.1739088
-0.7721051265005185,495511419.58880126
-0.3467009194393333,400283367.5859738
-0.5121065338595159,507203829.32563466
0.5898131841633979,385228723.7179009
0.3268851312499217,431228212.44425225
-0.9554041445453524,150415847.79113284
-0.7302278703489852,667324481.6459286
-0.0895094997776588,589266635.9435636
-1.9465615611658944,312759868.72536314
0.6266863884917654,697120065.3217183
0.0181350302533318,888957025.1635356
-0.0096273039108632,392231359.33253086
-0.0887380970126033,398381414.6487879
-0.7529478574561491,521364822.2466175
0.1807969290826942,308053969.10780144
-0.5268766575561574,398626282.1818309
0.2630543902658408,380650371.236353
0.8764981368261253,616994721.8567804
0.6144683429997144,363405673.1889011
-0.1520856203832334,558867122.0889093
-0.4527178636527673,426978880.4405655
-0.0751202170371298,531076590.5329095
-0.3625650330373928,64844072.94842756
0.9283664876900012,336828152.89233154
-0.7559646175938767,508519079.9025211
0.3041147823532159,446321531.5650973
-1.0041818150518007,383664424.7519749
0.4749252058965359,710175402.5698589
-0.8450285713271504,300953315.5394201
-0.696446291814901,417667144.16358
-0.1572447195625571,373323309.5456759
0.7487356634287846,477753467.2748616
-0.0924364398723579,504670359.4569642
0.2064556813014896,709276759.0073483
-0.1895202153790142,641643116.9113032
0.2490908000191638,531640638.883878
0.223394398014141,456564606.8931623
-0.4165126233172243,523384719.7286265
0.1416329577727265,515192386.7553957
0.7353980566601965,669563411.6435328
0.2417735897328203,587495307.5518838
0.8164834365308664,651095841.4762185
-0.657155447115259,659999796.9659724
0.5042767490181076,389061390.834996
1.0451416022140996,583682942.018374
-0.0990856043324355,348504416.1759533
-0.3225017645494645,492716971.4467125
0.0176900163006024,628392947.4608166
0.0104140999377417,310553310.321517
0.3935875794433446,783892200.3106006
0.3131913669808145,358891802.074851
-0.2757729776087612,719642483.0337313
-0.7347556649574963,419997832.5123628
-0.4281896863353749,283202409.27650505
-0.0377284425066171,255601923.0519685
0.0058928170869014,572042914.4251652
-0.1784346372231715,589527417.011618
1.282450205308075,691355085.3569689
0.4715584253676821,322481061.4124876
0.5487191802312535,673104457.7164114
0.0871062566554065,838837886.1163567
0.1652146472274016,452272434.2160497
-0.0130120502828461,328701086.5475101
-0.5011793728634685,252852035.7935844
0.4551537764145557,535756140.5670793
1.0347103470177874,529929068.5156534
-0.519715606523157,761346749.4401071
-0.0659620487910922,513688578.7021416
-0.0111713034990482,503902360.71684086
0.4043465274221861,195469016.75289217
-0.6524084464389258,426245188.7406214
-0.8251653301564638,465626041.5763265
-1.197220815690947,781972621.7420393
0.4402859534519666,534152178.7513567
1.306403168546543,296728255.12870324
-0.1499439615126594,196041413.7974899
0.0082231809947425,394070322.9769473
-0.9780010163312944,687132762.7719029
0.1882319637514647,432913572.4803032
-0.6896331786280201,763247117.8640621
-0.1942122480030765,469343840.8104655
-1.8864293067716145,162138782.05691114
0.4367140241791218,833702588.277214
0.2652339998408308,772713173.157459
0.0488156024001429,629313738.4737523
0.5487817321443492,421729548.4823686
-0.0358776318738309,725067897.5332675
0.445600838890172,509472783.2466742
0.945008167685888,465173229.8450141
0.7433664551157871,584680183.932678
0.3261260636912678,146043380.95754176
0.232547845586467,292922715.8348037
0.2346046960387166,587159769.7566013
-0.3829543243680967,425679722.8234431
0.1648516737755189,494381282.82683736
-1.221299734028687,466539705.26960266
-0.8461025704744584,473837606.78780246
0.4808863140811024,866043421.9001715
0.555106644150561,434862278.09029466
-0.5791802079788123,486693444.4134328
1.226496697560915,391758628.66523206
0.5205382294958752,492746978.18997645
0.99100053086604,304530767.14464885
-0.2518276193498083,687003537.7581066
0.0571763330191191,308515926.7300014
0.09762094458325,403806674.609459
0.1561034136703421,666695261.5488955
0.6923316892865218,450290842.50169486
-0.6583585916485304,394229263.04108953
-0.1995287456606735,716199699.9480474
-0.6973541039415169,777227777.2239145
-0.1700220874044024,386043317.548561
-0.8505723001313893,247771706.5529171
0.3247786036581401,430704378.4737485
-1.6064926893865406,794773768.3127236
0.784816865542152,479520017.6429303
0.1857185062141715,749832828.0553019
0.4012330702462852,885853067.4089775
-0.361869784249774,521746873.6246964
-0.5645754597887622,249938853.98993057
1.6425437360681387,849709673.1683844
0.8633641025245561,387990646.53826827
0.2929202213642677,701970042.577223
0.4171954807433991,714586807.2335129
0.0183733900650015,558514057.4378908
-0.1761958248113981,458290230.9497056
-0.2450566897261555,558917541.8594939
0.6328664227510952,350518258.9172691
-0.3565908344420531,368869710.81526655
-1.3257151566357834,696332238.2004676
0.988525130184285,463794017.8965363
1.0682307759772245,392228793.9553731
0.6830523854407842,378757400.8314226
-0.8799717088334374,455923738.4928958
0.3983176927932987,578388428.7181405
0.7128645352858374,606114259.6064332
0.305203549610054,360433143.9586032
-1.2448797171487649,528283979.6970967
0.5448068455988256,429676392.1165968
-0.4359632915141024,748888910.4304358
0.1717290034032836,423188153.2312695
-0.4599283513545402,362811589.98328096
0.0660659278900608,631535351.7250588
0.2714666111386639,675653358.9820505
-0.3239400774836203,392395916.7051583
-0.8226763286771106,589883991.0683191
-0.1126546827854274,438163038.89274216
0.141588949809389,781941726.4848535
0.2249485884360404,449049275.1641132
-0.0736912636864728,636280409.8881227
0.0786183912964063,327198545.0500406
0.9683822232717568,699845784.5220119
-0.408794081497533,546139610.1058767
-0.9357570664501668,783809661.5408797
-0.7343394225502934,641007629.6662115
0.7191877207924909,264644543.6661347
-0.2089324995564447,569072936.429426
0.2951885042359067,475605651.39197975
-0.476714847058609,424725921.3681276
-0.0895908400358481,453996391.5779488
0.4566724616778213,568208012.5861549
-0.5676831744892479,602304508.1576185
0.1384631333371428,395806379.0699328
1.0278104808609865,671997712.4372826
0.0447141119576697,699646543.6933659
-0.2762832058616172,352054317.7259427
0.1006628836716809,341065129.92014337
0.456962859744236,360029705.3582737
0.1056366586619442,545400681.47143
1.087068699963803,356404543.1140139
0.3942327632308616,646391637.4950564
-0.1889764864366763,651682707.3541497
0.4816368967608338,470233288.8609248
-0.3418177603789733,677879492.3416337
-0.6466906981249227,668497048.1403357
-0.7807442517659826,678470468.0273958
0.5326030141200674,292869983.59565604
0.7597109244426562,747957033.0208054
-0.8873261564333534,661388935.6896235
0.155527897515792,602396878.3188777
0.4578779245005873,356515017.5384337
-0.6999581509787771,705126053.0187368
0.4878943547829803,586428402.0777276
0.8072728375777359,535655026.9017152
0.8879746335375526,516066988.9731144
1.375960845044511,457433180.3496069
-0.3327084916107461,578619364.7927333
0.1216120838140443,482502477.3258579
-0.0429428548725881,231511009.38016063
-0.2630015566294319,437308329.5239449
1.2084410150560831,759497372.0681759
-0.0526676743992626,582065137.8503348
-0.5257704016346441,372479325.20325136
-0.8464587034024899,546705314.3812565
-0.5436161224626948,432049260.8782506
0.6762292164668529,493952226.6037563
-0.2250433153251439,480359617.75277376
-0.1531680500054608,274588251.120006
-0.4484211066387716,461977829.1691083
0.381763265211667,641330917.8654461
1.17625857038075,459406029.1783166
-0.0259402684784436,480282970.33408034
0.5579248463447515,973737452.3272996
-0.0166898153215839,585939337.4965138
-0.0213890851586317,279645618.2267488
0.4447516619775484,682004751.0273298
0.801337504864909,576662762.8761206
-0.329440963848624,739524129.0232617
0.9078963318746158,772700038.3129832
-0.0657408480058807,241718000.6262903
0.1753625803102073,505326745.6872965
0.1626812893449849,493064598.7368961
0.0393382707313733,263687003.5541047
-0.0531050544295031,359155443.18993574
1.178896979972483,446383640.6719984
-0.0876298565159192,480475950.17836905
0.1259700952309534,427810334.0609845
-0.3744564609777995,313849997.66288334
-0.3463137903605166,420609053.2425073
0.2354577936548134,413225851.93505496
0.1232784362826291,62611095.18598127
0.0369814957379321,713784810.4555956
0.8553736478863483,251978029.4972607
-1.3034486052539322,250809938.4493015
0.6591225304141366,585672471.0614033
-0.6828801277681253,441072165.61940056
-0.1527054093790453,232266964.99421453
1.0710324371985054,409864829.6005603
1.0477977930557718,465758811.1737877
1.007187289754058,543940177.612668
0.1936067220409218,376840218.2376115
0.2581387339690211,424757771.0815328
0.3195515380081257,456967754.4486016
0.6676470142478664,499420862.4302819
-0.2985658354470114,432032603.100764
0.6610022188710695,572478413.651229
-0.5553329488870937,479085421.058265
0.2201618938206834,745892975.8539734
-1.0398523359143264,625398824.7492117
-0.7341456653412776,570975312.3507286
-0.3240282955123903,214762648.15907347
-0.0569240007337718,636902958.6881907
-1.7723440785473472,798882393.0284063
-0.1710774684363666,539041260.8198789
0.2379058443433288,374170518.366865
-0.5031973415855783,368065354.685308
-1.204302375483847,496897928.1284833
1.232300484496642,685697195.9557819
1.311625414984653,904198943.4051968
-0.4003343727811331,364590485.15484905
0.1278355347825555,623027576.6964009
-0.8363694667703895,388540731.3982051
0.1851490147744655,392220662.4270549
0.0468972196325862,408960926.0309837
0.3873166654474492,477836932.7676023
0.5042592185214256,774307864.820137
0.476001365518896,513767422.4305261
0.2007541568662311,379946755.6137818
-0.2964728906552678,573011733.9802217
1.0938659255403134,152285266.0699883
-0.6232960656885133,495695466.71117216
-0.6465841887675553,327610380.01792485
0.1318444410878984,392769832.81637
-0.3238332921497833,605937943.2859719
-0.0159296674224266,396566804.1319693
-0.216850033201255,480246722.019433
-1.2501272929856817,477229003.1730276
0.5076415206976121,411552320.8016846
-0.4788446637480893,485910722.93975925
-0.65601410123646,789734272.4921801
0.2614618837712705,493217496.4620501
0.1664098942651872,569585502.71021
-0.8295114406348745,282298815.5695365
0.0266281702540046,376395186.3366447
1.1232260016120723,415851905.6068824
0.6369437611489577,508964803.69775885
-0.3260675485970022,552752098.5556823
0.6802177608274794,708566788.9570082
1.094338712657371,435808528.1306982
0.7813498198667708,604231796.9324119
0.4634697736729333,542615564.2589114
0.2126243701517411,608546678.1478735
-0.5766943523967497,491058559.263312
0.10152932247773,494137407.6861206
-0.3391886796418604,641986123.5802252
-0.0894897335542271,659047284.9345239
0.638847386275412,416045777.8630958
-1.0104946041364211,542483447.9180588
0.5739161378768455,670871471.0107399
0.4596121569364566,525590905.0209276
-0.6567575602708231,834768959.7682283
0.6042671236959261,471374055.5089268
-1.0084169462669776,238742621.85853583
-0.0050723195813334,540159491.8026735
-0.8448756029627856,459952660.0441932
0.3758591804531137,496812566.6635583
1.1315049489275926,116397941.6178118
-0.1669122636388566,446033810.1489265
0.7850311607811579,200619971.3612673
0.142049522544401,540829250.1069332
-0.1794548243627752,382242528.7697215
0.5178295840474356,430442258.7797238
-0.6722661890440988,798788835.6035415
-0.1591430981793838,282283552.7932574
0.3855830790134525,436047047.5260348
0.5336024364631606,755500068.1491008
0.1307531493596198,512360261.9845314
-0.2412504405302133,451526795.4824736
0.8939020027405412,590213143.5079944
0.6079513680731989,515852524.2508613
-0.0224621142021832,342635385.1029098
-0.6534224026356936,780522449.3261993
-0.0543632219389612,595129538.0537509
0.1799181151081166,313697464.0491972
0.2841455382124673,510857533.2544032
0.0458883487334002,678988809.7474413
0.5495311908603737,380783216.1854402
0.3507813894345021,566929129.2671477
-1.6079542502001116,151400636.55415016
0.087423282047623,391289064.4406127
0.4963539312519731,262788037.5195132
-0.4186091617385571,426149868.06524354
-0.3220788154475595,699788702.13867
0.2393006669236412,306164195.2660782
0.8644865900086638,491688334.8275397
0.6802595018022085,665206176.7107079
-0.0403015092213075,479847448.6466386
-0.6791345327402325,553135545.361155
-0.2545960758859757,608108406.0425196
-0.1817938118798357,340622406.9567968
0.7993810709194326,532476708.9898869
-0.1582509759545398,322451398.24732363
-0.0039003832365212,400563976.6721843
-0.4430113010112873,824430692.5675576
0.3107060864679704,447405187.6908077
0.5510026511231458,295071172.5188062
-0.4552696893110536,312206755.9746821
0.0555744580527384,353019803.00386417
-0.3113284424141901,462074229.0821424
0.8032405585313759,561365146.8764503
-1.451307809271319,529945703.5026018
-1.3615882536651402,725284029.878134
-0.5910839042672847,614587520.7623769
-0.4104471043761394,313745972.5128621
0.967263519432736,466599033.8126005
-0.2149554333927607,475675130.30067366
0.4421798877862784,630212475.3734009
0.7965919843883296,551645226.7379987
-0.5915749680836735,364313557.96107775
-0.2922061849378666,534980751.691936
-0.4058731917359179,371468595.15488994
-0.4869080511658797,509692504.02186817
-0.2418388341529873,473394198.5906542
-1.0580598511451034,539839373.3419535
1.0071140771754583,764453537.3289089
0.487180771913543,421956955.0206066
0.353052141785272,622489709.928543
0.5761877178808453,305661545.10935086
-0.587157496815192,325020401.5551035
0.2809751447055901,580061080.4155115
0.2342734202074872,565050954.70135
0.881036231131016,927422443.7361634
0.595576855698178,766179369.5389165
0.2381721978423565,506679543.5355768
0.0562039425741839,510342823.6729567
0.1460116606376417,726198212.3334154
0.8746259623514003,477044183.8510655
-0.2122942083469773,321812721.2626651
-0.5499019092413702,495826702.91545296
-1.2069121156921416,253662180.62845212
0.1469807717181093,506100366.8504111
-0.0093526992855517,301802694.85132104
-0.2190122217984297,236315646.85057944
-0.2070661245806683,558876155.3951051
0.0528922552206029,284495036.51076925
0.4914782976569045,707230914.7653564
-0.7714772352890751,689835899.2413522
-1.436442773882563,531420320.9232218
-0.8394385037488189,456889794.0309503
0.4802457587461894,573003292.9108416
-0.0944534511457998,499077775.925893
-1.383602091016249,238035253.09532943
0.4200764038353757,301580534.7088582
0.2889099649871581,471501010.6239165
-0.076044255693217,745216648.6909493
1.151893758499425,657928792.6384144
0.9366769278176332,691533976.6555164
0.3344867175546136,531854880.0651974
0.0998789148952791,576520848.2684046
0.8711804534167623,672348053.6053504
1.2453672314917033,323221960.53049845
0.4654943962340403,597277711.631417
1.6106129304452277,384939348.9307837
0.30229792748149,720428097.8922498
-0.748715578251399,543785740.5819308
-0.5414052510023227,411786531.18042654
-0.4999972657231429,546044003.4963408
-0.809991414541021,890763165.7392244
0.9937111363056624,448853481.6677845
-0.4584202672651115,502660669.48746336
-0.3372627356520009,502850027.4157966
-0.1172873985362463,351417326.91882145
-1.427646857873751,603028434.0286987
0.5544341287268731,485415684.2934505
0.152334761947785,363757428.1543032
1.6815771133958413,818595021.5897183
-1.1310649077609192,222745492.73906493
-1.655349856661884,420244462.0843447
0.0907157507193841,312490171.6476716
1.0892193439489646,632103268.7496291
0.0198947163751901,436080468.575694
-0.2800464822547059,245014989.8284973
0.7265788254667834,550911001.2340819
-0.1308974948325247,543389795.9909806
-0.5190146320339806,600511373.7619778
0.0068891949107469,415261197.4986002
-0.2046389443557729,305374769.33778304
-0.6352594499111182,662417696.5243562
0.272741418888775,367892339.90108
-0.2342629598383841,333857873.8022102
-0.2744383471866104,639090550.2193205
-0.5906779816750257,598571136.1920937
-0.8007269694982107,581557260.4417555
-0.5801546569594819,573269279.461615
0.2704427543634826,464258140.6642589
-0.4347895539491815,275151799.51591367
-1.293604265043499,721383854.4802642
0.0777080452581352,551250114.7871187
0.4852830820658285,481346784.3302941
-1.4492011122608817,393771804.9625493
-0.2359995964808724,289245282.7582312
1.2431196695561264,568259452.1289148
0.3680021564638669,505297754.6803752
-0.0484384341574021,493638189.8681097
0.0677847583194393,324496969.6570217
0.1392004650276699,416916845.2120626
0.7331771077588731,528714286.9815494
0.286255286708866,691451926.4013188
0.31307695795451,717655737.763425
0.9436416572362653,289879299.86989504
0.1962969434334105,526198599.2811727
1.558966963362412,710661235.027931
0.735795758404852,687095728.4631588
-0.8524277629755476,751346315.5075448
0.8219448576539771,486463151.6190191
-0.1326098818822356,573308298.6235828
0.4916487078684837,272602211.01294976
0.430686119581859,455734492.05441976
-0.237210514717498,282437514.24734026
-0.6254184449024672,371219024.0065784
1.1911269107087152,550805205.6881086
-0.0846293952256928,457075943.6371264
0.2086944797887772,117693419.0737815
1.7317567431115437,600840173.8526535
0.6673404485956733,178350328.2464759
-0.1473358273028276,244452758.4271437
0.4509457630423712,663457347.5923449
0.1854655165651582,429673907.5505008
-0.4313160084899296,460398476.7459995
-0.2939682730346701,516929876.1428455
0.2641242004663525,346398371.1704012
0.2766353317221446,647909415.4281807
-0.5581600676948304,533461116.9234133
0.0185658508645066,627701053.5471655
0.5366357162707043,297346118.9575208
0.3865561542834074,695856379.6619993
-0.3905741529836788,680854560.1502126
-0.0421036106489197,388249574.1162205
-0.5590611306247268,740874557.9637752
0.1006870307457952,415677045.26453406
0.1233194944525036,285425177.0408765
0.2279954044766595,489116524.3587514
-1.2597738422508544,592246634.867395
0.1287395826346246,734780056.3818543
-0.4383917068691241,410580716.71241015
-0.6535332604292045,379216697.71401125
-0.2375104220294596,601348690.681801
-0.6180221320382017,442505131.9828829
0.3329200447792713,462815971.0097783
0.1308339511861221,794091643.2967942
0.32919344845046,334302859.2655195
-0.0432987870805985,658551764.6603707
-0.1301448209542565,592325397.5520777
0.4199407721849426,476781493.5462255
0.2039464544792885,494637474.2431689
0.2733652256729105,928025717.0889964
0.4682277165433278,716476663.7039388
0.4007234502287513,567664316.677227
-1.706558466300208,504302752.5259365
0.5902724432335971,479249872.688902
-0.4479131911574625,571993396.5467116
0.7327993735023581,491167794.4216113
0.4162515663297094,385274086.3833273
1.4819827649364388,520466053.183578
0.8339311957011911,350295769.90982294
1.5968787357582008,799020449.0355713
0.2329649417930085,549471558.6036313
0.694108353340404,698522961.1094939
0.3302050784907033,710003089.1775743
1.799980412608572,209346371.9922556
0.6124975505248119,605774760.004457
-0.7746287624127728,336739258.7628189
0.6318809658315558,897137725.2210367
-0.3136362585261653,372492428.9852892
-0.3914338073208636,493949411.8591508
-0.5470548280719846,498580340.6734328
-1.0587762853182692,348445485.6780689
0.0403748701495948,355824860.6125751
0.2245289241449017,127120763.2028018
1.3326938345859876,559641477.2063255
-0.4482514515192308,607275560.0605528
-0.1340466808893609,448671769.5679284
-0.5784455094722103,591687560.6403902
0.6191895332973572,951200669.594424
0.1804280204277355,376365135.13708544
-0.3877641289422519,453869873.9955765
-0.4213101624493341,344374807.5288573
-1.011509838621149,616028480.8557618
0.2243720495752375,717142990.4264939
0.40756619905981,716199876.6127911
-0.6903377088687684,269720347.4526283
0.8137770501701632,240246956.4722528
0.5463313987644245,737899883.3557624
0.0465103386677245,370262936.7170499
0.3482201978947582,348279236.5286383
-0.8113964894834753,232497600.17492628
0.6658261905053573,284315469.22922665
-0.428588526856424,521893277.26926976
0.4116929406719741,536423283.214294
1.0848124456597856,425884472.6136487
0.5088880593103475,651344750.1948636
-1.8587811541570345,29198838.974999044
0.2055898362735372,728079406.6270347
0.1876406348697342,479123900.0813739
-1.2149042468045348,377609750.092281
0.3380566183494005,659281017.1643581
-0.3294771810807169,361555506.3744949
0.6362104830899721,448928545.9643188
-0.0343722966619378,461184711.8891117
0.7136535723256451,461416517.075469
-0.091544232940481,299044004.0828607
-0.1739421863642758,691003140.8439804
-0.2315175223552774,530315726.6323335
-0.194816902025419,405239678.52703935
-1.159914173630238,393172079.232736
0.5244231620487889,584599108.6443822
0.3255889972804681,498236234.45870656
0.9136131558170923,429056380.8246698
0.8537595621565429,453723488.2214331
-0.9792176863589686,718822850.1181836
-0.2454822892629413,486012078.9921796
0.2184119817438561,116664155.00106286
-0.8719841861766934,344880753.92565984
-0.0917717691760485,473584939.1822432
0.1446033098737011,360361470.0351502
0.2061333704801116,583108681.6897551
-0.3275363194504854,261797593.51668283
0.6517909859348151,509819525.6280222
-0.5576160395755619,522098830.2828708
1.2720535911247306,489885834.2756028
0.1889906580638367,288242905.1756051
-0.6210836966233412,567969397.1365327
-0.155748563721365,523542205.2537409
-0.5214048728517966,626352908.3486907
0.6960543554519214,323381454.04731834
0.2209168456932806,466087799.6356979
-0.4557291344336802,570392453.7254204
0.2562001568094514,298878069.62261856
0.3473824544428231,623101248.2111914
-0.186125276513828,652818121.8440129
-1.679731758866324,512064893.9183245
-0.0517520179268885,293643370.1152424
0.1469102326261108,500107088.7123767
-0.0151557539671123,550367619.9451483
-0.7700443649003935,452532383.5586318
0.810589848201998,486897167.33099353
-0.3441609406061073,365142241.2558553
0.3375707821042754,368026346.77860713
0.1114255880044238,554838162.8289716
-0.3665321789861402,486376284.1891995
0.6681560736379087,448645357.4827084
-0.1328257762573819,658454222.7268214
-0.0378224715765156,726754614.2678932
0.0143699837981466,532332818.27276814
0.4074041822876057,114823571.30915508
-0.2124338602658119,477284193.1002491
-1.290879355806141,227816905.4146623
-0.2353603856603952,598763238.7849315
0.1997052810128715,509496550.52172256
-1.0317612009844706,448880869.04415137
-0.591792673016876,398744483.2238128
-0.6964133053015394,497454467.66944206
0.4577207147115776,273603439.3202587
-0.7641754513978278,324786530.1831315
-0.6194331873422468,783533385.4997836
0.4918803911294778,519845875.45488775
-0.418781533771954,286972708.504207
0.2097263008602599,549935639.560715
0.4171745286200905,577285612.9079664
0.3255558735160986,260278121.297827
0.2780528819560866,590742838.0689507
-0.5563754898126321,494595894.7260031
0.4729018460475725,528804355.8111295
-0.0054993205432133,357341310.40958095
0.3412482116965547,642411918.110376
-0.5961530221982774,325321453.45815074
-0.5720836907686779,382083691.0655788
-0.3443836803154586,450965137.9831382
0.2848111401602787,455202380.5048903
0.2351406054852024,705962365.023475
0.051271020413801,659124960.7136074
0.0001286592943791,430924414.4844143
0.2146158040768734,529152889.7443707
0.1235087895528864,489649121.2241313
-0.0080993871782296,631206906.0624352
0.1608073319792968,404922804.78409487
0.0926322014747313,571784425.0055767
-0.1526316460825644,552834688.3927591
0.1874131212479702,494485569.7320272
-0.6191867205259198,931238870.6479964
0.4508859785957793,567788471.4260652
0.6842061611884245,665041066.3163167
0.1366151204504962,708503548.4883348
0.8767967301536027,642637672.3326477
0.3592364224448023,459015664.1656827
-0.2381105253909564,620799291.6778368
0.0237258184364859,571775828.4404727
0.3079503420144646,582652749.4505835
-0.8057169279759829,466824078.4536767
-0.4565248157131245,185609690.93120715
-0.0216026596459944,520118119.2900968
-0.4122820172832682,526531424.040517
0.7533281588385244,396856482.2837349
-0.4355120806015421,525057549.62434566
-0.4369660104251828,309675738.0726614
0.1446393622474346,874969810.8049426
-0.4149346778485994,478652094.9279725
-0.2866669444942369,571351810.0390102
-0.2971174907293354,608899922.3502024
0.1537624414032714,264834860.62654755
0.7772097774710877,846151833.9549235
0.4388159896622881,558359012.1902041
0.3802566293445759,419426875.8169048
0.7175372200553507,478467939.6299735
0.5522831327285791,482872016.035993
-0.4182826800777154,449855919.91058224
1.130338035663296,419351280.6700443
-0.6291023501379834,603203134.5644454
-0.8653902290483826,210458574.3179825
-0.2193791262178933,605644033.7411202
0.6254543015758296,645827432.1120589
0.2625502639966622,429106011.5478857
0.2506324667759639,648787681.3137367
-0.523976425073257,444053321.1223987
-0.0668083684608637,426430274.72451067
-0.1390168009940456,545845192.4895796
-0.2180754717327242,654301196.4241567
1.1595000830021147,843288433.213596
-0.4458478651823158,582915670.1312631
0.3849230016164645,668303557.9688467
0.505128552357796,399770958.8766878
0.6479507590868685,392168146.34339774
-0.8464814697533253,688183871.4207168
0.7364821813050751,711291649.7028818
0.1167214140474576,393725271.0062497
-0.7593041723510563,545557946.7760257
-1.264036649803962,358233855.9975988
-0.2593942452231525,465468865.23424846
-0.1479903295939164,795982923.0222113
-0.0112778915951437,468591024.9314385
-0.1069609266108812,343913099.7248535
-0.0448181654612569,348081696.103395
-0.5939092764250387,615209331.4280533
0.0600116398327849,434575358.7958399
0.0332232157086822,387804867.08755887
0.8005892243987275,549255808.3265269
0.0217486223540839,581717559.083035
-0.0985044955098231,509122038.449814
-0.710441418017924,458602100.7600336
-0.3298216841410757,343791109.8831676
-0.191898468770129,487477508.33591896
-0.1810295712437853,417389302.40564406
-0.7594622156960134,585319236.5061381
0.8352090900442528,345829519.3630011
0.0151847378488687,504548454.23712194
-0.7972421658471269,604689909.950114
0.348505893073066,563746687.3796147
0.1645377952558015,585015286.813899
0.2119013962546385,515687205.7206499
-0.0073454677231396,603504049.6740915
0.3501606579640714,602437118.3702184
0.7514781958165729,363601804.2464116
-0.7286217642862661,425886960.7498295
0.0289650561059291,663215580.205041
-0.6743493889297415,727391197.7178148
0.6600697257102165,489172563.57562494
0.6513308527200645,197346884.15678415
-1.1923549586885314,628041597.2867292
1.5749336230617592,120798397.54438315
-0.5718982959867928,606916005.3911111
-0.5715891490260058,308711502.64642483
-0.4833691551756837,614053466.2656604
-1.462135675103008,270509303.2034472
0.4176047496771525,882445519.8177302
-0.0183518102011774,515560375.7515727
-0.0639441994201284,622734922.6798385
-0.4268196772644472,590319319.6856797
-0.5956709813948262,656946893.470837
0.6932524652128644,754334921.1564147
-1.2571988392768143,771056126.6012379
0.3028054539729315,480120118.05090624
-0.6693013000685823,175055476.0274218
0.9052958606652208,475684218.7086179
1.142113524874948,786071275.404579
0.9527166303479944,495408337.2840564
-0.2579148564878032,506019956.92214125
0.4958155473923532,351117434.44347525
-0.7122957177724153,719265963.2031941
0.2283197944460106,416144246.1866643
0.7835776111543964,464580648.3348372
-0.2079017818314066,448567032.34242105
0.5150585808571664,359881792.5527361
-0.162491633203844,553287306.8958316
-0.7297230362140549,579166950.1686608
0.1304983864819908,382092662.0097264
0.3234308094340024,636570067.6584376
-0.0540239924214138,428344710.2099874
0.5098245996669479,353440497.599806
0.0517720386992693,485087164.5357733
0.468944696491755,443674788.2754201
0.7162465881980966,547465304.312669
-0.568354283917729,296516463.4209994
-0.0329092113717474,523555619.9835012
-0.4510214775385054,729041954.7043799
0.0565330218011736,492295316.38342506
-0.0715330261796485,456400903.855544
0.545101886695497,485570344.372121
0.7185049626087782,480963266.3810685
0.1903303146776336,353782347.336824
0.8015040187386194,469113662.4703594
-1.9045234022363493,524850565.7811962
-0.5041261378727329,698477134.693301
0.5534382374700215,354162763.6031884
0.4137095781556064,573486423.3859229
0.9257063047110636,730411921.207954
-0.2783470489530095,384604265.7536912
-0.209788561809661,358199780.48698604
0.4931036534844139,353245119.8361452
0.3901829752925931,520729184.5103504
-0.7018640048218461,400446499.67687416
-0.2563535429026395,896350893.731311
0.1785402898819472,756864274.6786329
-0.7552844337733409,904960879.4040842
-0.2344549367622204,597143880.5225517
-0.1587803675544628,236241484.00264823
-0.1133123829019222,342553621.54478246
-0.3397308921761078,177978994.35821277
1.0745131381285875,655205446.4908894
0.2201749750810445,473160485.4230854
-0.258250837173368,351627093.459217
-0.6519842403039212,359573670.8610667
0.457712733511151,374720171.46221566
-1.571218930889592,533973218.88875085
0.1461211641654511,447935965.389939
-0.5291886148833651,246188870.06632045
1.1007602098747422,498878025.6118992
-0.3131697864223519,628271142.1690294
-0.331778084562269,594564803.2779661
0.0385318983904309,350202266.69704235
-0.444280100391251,373767343.45695496
-0.8015124813623337,805366733.3518586
-0.2434767394725962,328206188.5222852
-1.1228204402862385,462913760.05823904
-0.9498239871816212,391231940.7032225
-1.0400792835882864,651369744.5547149
1.6143444631192525,736842363.3506892
1.106438128145746,254699078.9444129
0.5931573752282308,707845392.87522
0.4074313081970523,530826676.2550337
-0.2625885264378893,465318299.58232015
-0.0094651611206721,685174481.8494767
0.3508272970027375,623741769.3540162
-1.7026373242122552,617669234.3542892
-0.963139689654172,701202009.0849246
-0.2073108161637269,517703596.2489345
0.1513982103019897,581314267.4867256
-1.834908171919721,99590898.16505592
0.0999453870594054,533226347.5891367
-0.2190498878800643,560428832.006241
-0.3642921196106077,676404216.2894819
1.1237217003641005,176332035.92815784
0.519651393670929,606175581.5477587
-0.3506756829929141,665809891.2877169
-0.0977036558541321,355604087.9356101
-0.5511830021889714,209113247.2341376
-0.3894694266135727,695659193.1250399
0.6963295562772847,623292898.9445914
-0.3430161108805716,310482297.46407
-0.1932049430129823,476918983.5795881
-0.7330233654610359,445938133.160593
0.4807970893373472,37527732.02815146
1.202346689893189,740971375.2691486
-0.2032394911068405,778690119.612408
0.166460381553205,308297527.2148938
-0.1334159301112511,384663725.3213826
-0.3188568783784679,464209542.6075413
-0.1443309870686677,705498921.325529
0.604982960020606,534317231.5835522
0.3608662119223255,271506643.1044469
0.5925105308870608,385983726.5592751
0.7038209182673811,514440686.81865954
0.7876378575990193,742131855.9805695
0.8004180142544475,685406255.5795134
-0.4779152592840918,681189137.5852841
-0.2727274252617988,299385452.4707872
-0.487875753458627,596494680.3955237
-0.3498574056872696,486085667.0340633
-0.3765580023280181,374393433.3450314
0.2277754895573619,351136195.0800512
0.353291252667931,415116057.38873655
0.3161932554058579,363195925.2285554
-0.2307390708185303,455592586.55612
-0.4977700051145278,712660544.016753
0.1318741502643168,338091087.6982627
0.0452184013277743,574363599.5620122
0.8248686369253873,411459996.71215314
1.3288027429092306,415491320.9678865
0.0846783503880103,522246349.0114532
-0.0718185054704453,810536004.6007634
0.1870839691579369,576609630.3512855
-0.48359825896312,487073506.30432177
-0.7093893547295665,413020256.9067018
0.3977307838075096,607245402.7303349
0.1665413502325992,285804113.847846
-0.8107304926379406,483461771.8073575
-0.0864560442307833,700342271.5314169
0.1997845746635976,394871895.19664574
0.6342477519602324,672324571.7139794
0.7350541930664383,652183002.0336179
0.1201257264051138,297965246.24969
0.0214455562588953,494730860.3637268
-0.918803218005558,795044923.912307
-0.1983830402396629,185745926.7943053
0.4262763369375329,508991245.8166943
-0.5029372936275723,317625355.5243295
0.1392714288361665,534678762.653028
-0.0636558164435679,544782881.8364266
1.7598295032850229,313805944.7411233
-1.3183147575248866,558620549.8534467
-0.2636170088939622,343274202.2293881
-1.0173519975635004,490414592.54896575
0.7454813960353867,531547688.9245036
-0.1758985923287479,516635499.8590156
0.5434873509189669,497379972.790952
0.7823267473951047,543512038.8011369
-0.3164483517254698,700120812.6135964
-0.7485862960546527,403204546.46413696
0.0203937530228563,594299226.3483973
-0.1490002022352399,800567856.6249807
0.4662861109913944,386003149.6690099
0.4189945488361689,330479066.7342156
-0.800199894264568,460732364.8420622
0.5195378159962591,606103924.7524422
-0.1743047841812803,616158522.2509382
0.5272962352011793,411046478.566215
-0.8383795109143412,403147353.3976765
1.0578311037747123,409059416.0723584
-0.0690400380159035,557040426.2403258
0.3346094849383379,685889891.0196102
0.1349782754707733,323516606.064243
0.1185220769829364,278294136.6137921
-0.0750232046886612,449963188.0081721
1.5740939376462115,815510028.0061388
-1.28793928060348,599348425.1176149
-0.6452679584895814,531209901.6422239
-0.1949564959550964,479919909.1141713
0.6280975380340998,445950004.30990696
0.4103461102418671,454779315.82683945
-1.1794819248586317,397250245.5625265
-0.2293376737723543,574667061.4603308
-1.026399350514573,100374861.25583404
0.2683262340686595,497495956.6869325
-0.1502445165585127,139932750.96363106
-0.2204116059345743,330769089.8612232
0.2343486767048972,190759964.204621
0.0350663039235911,437463849.7552486
-0.3603519385818267,431833916.6236137
-1.0607617244581056,530412586.5560067
-0.2711526055936258,511975992.2916726
0.0999827224710075,547850182.1981514
0.166571790564439,555021314.8934039
-0.199096288627496,509512319.9022735
0.2274409675213692,307862293.1457092
-0.2753380371096212,352864879.3168156
-0.1243841754986671,378284485.0354224
-1.2895982177070424,848297978.2277945
0.0934158342387094,402151535.5892336
0.3545379120448004,522847847.0716032
-0.861950371455149,557090467.0342436
0.098692598716453,440574359.9921593
-1.088084755424627,709917009.4056411
-1.3326019804637004,426107656.0730709
0.5589537742649804,329088505.3287523
0.7155641805549235,325621157.73201174
-0.9917336157398268,295256191.9505809
0.4960933655461415,509428559.10911065
0.8515054288326341,577861322.8190418
-0.7285492533144244,653073902.1542366
-0.5599614695940224,511096928.731696
-1.384581452742869,467583625.9365434
0.085570499740296,356566760.719939
-0.7150568428978424,431690404.7781797
0.734644994422185,303514886.3941954
0.5942459713639069,716456282.7523189
-0.4703944127173418,634015655.4662236
0.0820058055854628,492595561.4075327
-0.4041701825921093,452921070.8624472
1.0913975013601314,40663724.95469672
0.1597204212714921,511478893.45844096
-0.5106578921803346,163061170.84730205
-0.2254326899309588,558531728.3845944
0.0616077118649445,518787871.2915794
-0.3134053100502699,554150023.4205006
-0.3521968691877406,604528593.913396
0.9369686781031392,713863188.7714477
-0.8401357616649321,518902335.81922513
0.4687986915547268,619483995.1406987
0.1572968229142437,610298326.7360016
0.0952392195404941,577876681.9299492
1.1237024422714403,640906916.9713358
-0.4744773744288325,532686768.4180567
-0.9369578206865228,523443036.04711854
-0.7964412481759041,452355099.215422
-0.0501906743807663,893285422.8730896
0.0795556828420412,683319768.7707807
-0.6181959811189408,494841324.5556836
0.1406378203401165,316921007.05045974
-0.3204677047846681,425044904.0609835
-0.3398832085820613,26043825.84852077
-0.9918330522094853,432116454.5582093
-1.3352410370403134,845736391.243089
-0.0927867372624445,294399315.97294843
-1.3354773179681387,469692687.9947006
0.7223546732647749,614066714.1675398
0.6382994214630184,437528700.3065756
0.3985756080541113,515644144.4889207
-0.5272494616346827,327611644.6394838
0.2381538184659487,514643775.92113936
0.5409824525412071,444070730.759373
0.1456579978474279,260225661.1693756
0.9883130432147728,413803475.38944745
0.90718010001892,473235507.6233103
1.0161810444867834,524887056.6564018
-0.3352397756419328,374467886.3107727
0.1035372771236694,636597426.4669718
0.6796722036370633,336858802.73942286
0.0653340144809957,366373041.3103671
-1.252499765873059,775650698.5690236
-0.0617262806725166,255264912.0208457
0.9967441396639992,839286895.3643935
1.1924110238594152,458973231.48813534
1.917062480068541,235490012.480608
0.5002962792791257,467632573.864478
-1.4659652372327705,313844302.8906282
0.0480470691530778,441414302.59259456
-0.3249733196180103,571174965.866912
0.0814564410456612,570089670.1112108
-0.0019147725366698,449800401.1597143
-0.2739118003500354,539100780.1299431
0.7292870848938728,461862741.7767575
-0.3972025536347418,467533911.8059853
0.0171824184378868,346263388.5532736
0.2768729610875551,720019647.1456157
-0.3122368116294878,393648027.6671454
0.7594507763510112,894308561.9161642
-0.0887298080182591,475254635.4677003
-0.3293296744922074,389436682.7756629
0.5806890716578137,165473547.51061574
-0.6330115630457082,579762267.6723857
0.6243709081344254,510192724.5366371
1.1862811667263489,411073974.8760875
1.0359185700591906,622704717.8836784
-0.5695814509988403,421824489.2155216
1.222425177540114,467123889.1427842
0.4205515633399422,355575798.79248726
-0.0394659568062588,383641209.409597
-0.0041365486489069,518929443.6355048
0.2692402627235417,307654204.1749135
-0.5194420704929544,644260721.4391948
-0.4074727284950524,622719504.4449393
0.3980655946978432,599826078.6202716
-0.0811679556852321,663211900.7113019
-0.9287423120425676,845754903.481976
0.1029080835933187,546158129.802714
0.1028326576183724,537153851.8780209
0.9123660547933564,457622521.8585901
-0.0437726042627872,688023506.6898761
-0.0640631593578142,785163702.3420818
-0.5548348370635029,608245926.6901499
-0.9832872274221388,404245418.1217763
-0.8576256133046696,212307951.86161715
0.132487395143473,516385156.8288045
0.5415650752340584,443122792.92036986
-0.930390610190079,582446186.0915209
-0.1233779762197104,498988119.0909944
-0.676582220149596,742739893.2756749
-0.8479629230729604,637030154.4640214
0.6804506645183248,595425464.7702146
-0.1706159522934147,372126400.8755337
-1.1740566995939972,18485446.40835436
0.4907615901304597,583433775.223902
0.1771853792194306,593870277.7840531
0.4788435512416162,432265948.26725125
-0.8816205561812156,367984442.2058452
0.5360711423300927,474652702.5680239
0.0926409516262234,297303750.9684214
-0.3754482197033817,602631849.2841388
-1.6559603932962623,973598756.1503792
1.5912691466906592,637397978.2012706
0.1773924371049326,384988220.6998433
1.1290699457479367,495135624.8927015
-0.553621188834822,445973378.0992481
-0.1838449850940459,556849198.115201
0.7306104930109539,583651635.7769511
0.1786280729055736,577582793.829503
-0.6859260334261582,622197707.8779907
-0.8863662930532307,499258287.9242708
0.4299389267943621,272538496.2374896
0.4882844907110071,655083043.5554794
0.8932906392162323,468509229.4470427
1.2372306989900277,254035658.05043715
0.7332912722998709,496130218.8834246
0.2889344318384461,352663634.4903704
-0.7676934494749014,224420325.4359446
-0.4437032965119769,394025055.3084231
-0.9994918702436209,347849568.4184941
0.5503148761391168,466463101.6122541
-0.72063099701891,458662811.4152229
1.040972510013766,381331143.8774523
0.1574598826302416,666418675.4263469
-1.1215786589575618,314279622.2006045
0.4298615560858958,515950674.51633984
-0.0411251006950415,415066481.67551285
-0.7764049408101021,553514340.1624418
-0.5626503161252143,618104596.7154658
-0.3148956828826497,674257781.8393224
-0.0203244063419183,849433226.2626163
0.6534552545310287,407139165.0456269
0.4300526928804902,330096182.35856134
-0.58550916610726,626072101.4144377
0.2558169189217211,577770699.4261075
0.2036826762030857,353339386.2965337
0.0860377733937268,586095877.5070307
-0.623520020990006,481950788.3141664
-0.7773678995905422,498712652.2313019
0.8249945398585293,213861323.280996
-0.468781672649687,565657169.6809993
-1.5996628457854285,416702849.9269311
-0.801557410898058,686281217.6965996
-0.1902267264297281,442334424.6494391
0.1362031305709569,465366627.8030416
0.0713237784048574,347362841.3852653
0.3265031379891311,418906390.8596166
0.5548377474469716,553582376.4836657
-0.5155400137356694,140483769.68753967
0.5413248263249558,481706965.1591176
-0.1788397598864416,341821087.8413974
-0.2693280288785726,240336351.38741052
0.5500083833729776,514286021.04438496
0.2331737318881777,460793208.04579616
-0.4125636928666476,396606255.5041368
-0.2226449448129233,482246864.76990765
0.6132925442857547,345098919.49521405
-0.2978994230850983,258548495.7660444
-0.3008524083933145,172546549.65590996
0.1834548391193564,563988588.1897398
-0.7337059480712839,207402536.54309487
0.2399013329114767,510254925.8215121
0.1727906381011612,532272651.41633767
0.4650344038758692,526133712.8769606
0.3669658675472418,301789680.0985545
0.339920868681939,389454635.9717971
-0.7391734069265175,871548059.662815
-0.6210354546870577,487786644.2932819
1.075759444060534,467444595.8526623
0.3930284719030703,452315743.86969215
-0.0457613414905207,613579101.3068517
0.0983426280414017,387334873.4834398
1.2313755803666453,686279445.5303453
0.3338065919131698,592504483.7448324
0.0135329933232423,860213198.1084651
0.2766432154823657,553771796.768904
0.2516803722864129,230836565.01589468
0.1089269238452114,253014976.7969193
0.2647840092961876,461426856.6368284
0.2607982814565422,548721188.261541
-0.1644133925821709,580033785.362346
-0.7869212674247971,611685001.2595222
0.1087848706642837,672880389.8195181
-0.6168212928916392,620757006.1601579
0.3284418144902714,543207583.3267221
0.4401323856068173,375289855.9126899
0.137037976256528,461219903.6076374
-0.11670746292238,665670770.7139349
-0.8080959753265868,271037988.4225932
0.1132669248125175,525164624.9094044
0.2224754115510163,586286118.5811813
0.4605259343591957,576172799.0910451
-1.0668017633274849,408680821.61181176
0.0562859518708416,371714281.2157202
-0.5681496532552135,525629321.6506632
-0.4719553847371617,488883058.19424015
-1.343655278572507,745014357.9910717
-0.9598131723943848,360647468.0364928
-0.4754913565458816,473591571.8796882
0.2001502961055957,585989293.5019116
-0.6447377789019305,688620608.8478918
1.687408040388485,674301620.1083976
-0.390603457609526,698872406.1096323
-0.0372270646350347,235237880.69341224
0.1915585797769628,447520095.92061055
-1.0946301739757585,375475240.3737172
-0.3247349403131384,577384980.4312861
-0.178531627735984,745527370.2035104
0.9711347728973572,669275639.1600268
0.0968021659909498,429484136.3575274
0.7611229301537692,548110630.7712786
0.7900645395577519,605473184.5472181
-0.1389179438131189,920707410.2948768
0.2936638248438585,647015338.3469607
0.0252790807967606,940576919.0094275
-0.8690012181855521,661879231.3314466
-0.0750136687811138,687753644.8896971
0.1026368881305434,171737651.91954905
-0.2971712182803872,372546746.22207904
1.3749738042138513,648890232.3965077
-0.6598428598791799,698568913.4605114
-0.1809216420318311,487971447.7073047
0.4892585164204739,548906386.2408265
-0.8345588895913281,333494760.10777307
0.5152686765049378,600811038.6915274
-0.5725383406569032,443245668.2447934
0.7331312749868708,480822273.6541002
-0.0772123432137938,553859814.512898
1.2879762027346668,222056620.01400244
0.5378148931153207,560535728.581779
0.3069424922090129,603131905.8718917
-0.0860216008793375,337095410.76078606
-0.0617788196518619,478317715.4501529
-0.1037901532218444,472513892.89050245
-0.2516124334243908,533289615.0809786
0.0212246901170593,278450527.1105267
-1.306390973390963,730648860.663187
-0.4493309601741578,603642548.9535737
-0.3745288323801787,364530150.59922665
-0.3566178043083708,377297330.154859
-0.2401762001289037,405374525.2245421
-0.0283069318428677,253356279.61588657
-0.4325854081403778,724378402.869575
-0.2830471144030877,356482383.8470593
0.1034580824091532,338723676.1589418
0.3190472822138344,639842313.7743583
0.3290879454282177,336068484.09829444
0.0296804897490145,578524944.8900002
-0.8071108513912858,467434207.8777208
0.1955783784929972,559977928.3866036
-0.5822823816824394,574266408.5276425
-0.5206084547715355,239769264.8960572
0.6662916129322731,244520753.3443901
0.0853839899900742,597889437.0539564
0.104501359415351,496961900.1839793
-1.0739177660578434,196842250.29326704
-0.1325769217713035,451389537.0978932
-0.761057600146767,600220729.9222062
0.302248346175122,380856053.551787
-1.4991897748394578,703591966.587465
-0.6721663784058166,357146999.9499772
0.0683171482093493,516497578.0770963
-1.4330886449690132,488479738.7149828
-0.2584553179416403,605438207.7222903
0.6251479906573758,689414338.6581547
-0.0059718582026112,594528282.10763
0.3788197376611435,392177919.4812745
-0.7448070933577217,380174603.8451656
0.9430057591574994,178096893.77537417
0.1490548645322693,204464876.9842584
0.082750524710677,339515039.29680514
0.4733459727192842,517954612.4700024
1.0160227031923366,831620436.102107
-0.5931181700320088,381970423.4825079
-0.3563029401687245,566169694.2041124
-0.1811098400883289,645385236.9458247
-0.3698533485679561,530079925.8331649
-1.0711177114464572,314744074.63644004
-0.3076817780351896,502022230.0246815
-0.64070723299985,499922554.5598256
0.7288745935884209,538751627.6611252
1.3665599561114383,48051650.51743099
-0.3409289485385554,329670258.61926687
0.7513004579604592,469851645.5876193
-0.2203466205770378,436187199.79774106
0.9137728926157278,377030748.0868358
0.0705300352081811,394081892.0012921
-1.9266827287846595,400070421.0226437
-0.0280793321650231,537733278.9447056
0.3642423797203008,372798947.2737157
0.2109003137192142,178169917.93552613
1.5420963330813446,610753797.7833694
0.5388871247530088,432886134.5711159
0.1603346288761133,629798846.6213274
0.5388757995951479,439538770.2596761
0.036793049067804,812874698.8955376
1.6411221527414313,442498110.7155427
-1.032506545624234,480448166.35438526
0.1697028178442531,399318033.7854796
-0.3960579472240796,621122755.0564431
-0.4488536947571385,497410566.4898408
-0.066341940163042,403837378.2901246
-0.412095235478558,604363494.4543314
1.2233112818584313,308923587.2690458
0.1277250911013348,513158220.8880295
-0.8054532105606946,728540493.1486901
-0.5227864149827786,401521391.1205544
-1.0985089324321209,310577547.97866464
0.2891728128457487,115923067.53427386
-0.1065606035526126,450509835.0556532
-0.7243783350797319,565072220.383383
0.2748659796788545,547438142.0470687
-0.0034628532938814,507316193.1336195
-1.4072055225996143,277095645.62412685
0.9425104931455416,232199205.66750816
-0.0769660716511038,370500657.5629511
0.8293688626244844,299888138.42816216
0.8307358414864416,908640359.3017638
0.456301326666203,703562386.6058211
-0.6424665626032137,551245210.0108366
1.8100025684407277,425588005.56126726
-0.1663947859928439,455864005.2395096
-0.1376669605920991,483778686.22538674
1.9510264533132744,393426080.49017406
-0.5897101806133687,608554688.5980867
0.1690249264099761,645946194.323849
0.1604365871160705,563917012.7761778
0.0466826642631671,358709667.61644113
-0.096941113593879,503965785.3867824
1.3410762547484685,194840356.07377657
0.5050922974728111,158439422.28028792
-0.2101497963006745,536747331.58615
0.9148702542028512,386184156.95651007
1.0244283088256816,765105152.1197401
-0.3837157295266601,420058627.7355893
-0.059156306177163,687436602.455799
-0.0455896078861756,445279339.549895
-0.4193724860375884,508084013.06161416
0.9859149916034792,404695228.6692526
-1.230028219651306,512962351.4204719
-0.0805044094577241,524739970.5352776
-0.3992856139615339,472241824.35161847
0.1074037794070999,653907278.4888096
0.0131877721075857,343518489.3155348
-0.8464409542593658,589556061.4391127
-0.3862940921271625,850793693.510949
-0.2286710598361286,407938100.94126457
-0.2190909827825158,394546770.3349128
0.9961564908532156,391196855.5687439
0.330755919511078,245597829.1200262
0.3767830903852625,627629030.6780981
0.9221338198061586,658021023.0884635
-0.0294348395365106,234691434.6919496
0.4117419010476446,361747226.46308047
0.6809205854672924,451369088.6397076
-0.108008191806805,267097691.50156516
0.2346960188871611,81930579.03997317
-0.3222379366909387,734735993.8292428
0.4034287678294175,247724297.48884305
0.6776814015061781,488036112.6548744
0.0036305381664214,864683399.721282
0.1175760479242452,530541283.80533725
0.564383319593858,478212362.5759497
-0.558730926139189,725858169.369752
-1.2967650215964277,689713281.3832211
-0.8025281014335648,772405619.7896818
0.6158693866099796,558914252.5952911
0.348755736777151,467557252.901139
0.0954466824861375,656634173.8530142
1.2818454973986608,456197347.372345
0.1879052597240611,419206283.5560418
0.7587257302610447,331283118.08501095
0.1185630640990427,427215020.3587546
-0.329642080955566,758418971.663986
-0.6243143474985141,313775316.16025954
-0.2378213012956587,736533947.2694626
0.2025024401416352,531832658.4106695
1.175611969130084,157721295.14348865
-1.2944804838081327,562924684.3688458
-0.7462157820298746,584925049.9281504
0.8281379077491153,154020446.48439372
0.5118938186956938,572673238.770704
-0.612625054185906,436359284.746672
-0.9436457118918904,570926708.123468
-0.4596148136752105,602787478.0639255
-0.044880787749701,533521041.6689328
-0.8768515731767683,353315855.21412903
-0.5168363843222482,331390004.0989713
-0.2317311307782926,709286821.3319554
-0.3252706435617893,589238598.9598045
-0.8590063795420624,313622310.203856
0.054692237468658,350689622.09535944
0.8706466359111702,273158170.1688586
-1.1403435021527168,95634669.09955798
-1.2862009064519166,490478381.34326416
-0.1999106987387295,325071447.9662245
0.0262741206874642,648830569.6469771
0.2481875889467197,462024319.3153856
0.1162433123718669,615061158.7967453
-0.0192804219817347,778153210.1345915
0.3719658968726058,318663741.7848229
0.3243967366729987,466065763.9909221
-0.7087005371893987,179053275.92861664
-1.1035677581468784,670958397.40751
-0.1533780982071229,494062014.8387452
-0.8256134743593035,721903259.3514344
0.3331759041777752,408339982.0363443
0.9287202442615996,563232100.3421311
0.5941526111221185,111038821.7623768
-1.7156863193568102,258806691.07947472
0.2633450563715822,758174458.5878148
0.2134858124138311,623643218.1280068
-0.3825443732975633,512462105.0652855
0.4567176141394048,440421521.1753491
0.0729166395812707,460819311.7891068
-0.6181770866206542,639816316.3807534
0.7218310789447044,158195633.52213243
0.5428244767570787,445978616.68996537
-0.0944469748073883,161799010.461787
0.4153086205020521,386819316.7076946
0.1270002967008502,501804778.7202248
0.0602570548502003,488735998.1168234
-0.7947278589853505,618826500.5556278
-0.7754449247773323,716841622.0242991
-0.3264317152773242,189504027.40770176
0.866928200909175,597177270.9920294
-0.6438400316235535,453133829.72284216
-0.1721555646639905,111190148.00565311
-0.0590544263167275,650995419.6136534
0.4078249610117576,306667033.824893
-0.5589267136104662,571410972.7311119
0.0211399147413892,796319653.1695071
-0.5729478319729084,758823824.7638193
0.0184351634740981,478461919.68159705
0.724081715627051,461004752.6713459
1.1055380276866018,517166926.1832567
0.987712900500084,395198965.78366166
0.5716961130375086,500333592.51002926
0.1566123691558254,272400570.042679
-1.1345962033196944,313346225.4935734
-0.295645549484259,599472911.1700487
-0.5045283325651052,479386404.0538492
-0.955597482491121,490490410.4583081
-0.9637354250725276,629144604.0031036
-0.5185654322875868,675883832.9693182
1.2702941803143215,381034025.9474657
-0.8717991966688245,309837736.23783326
1.507410141874307,406455839.9770957
0.7534146192402666,395003772.312842
0.0841339203365485,438080596.75374216
-0.8918324292204236,514440563.2598224
-0.188004701144346,532597404.4550639
0.6870700909769432,657456919.620386
-0.1943978884168358,484752564.00544274
-0.3173489448221999,507758263.3453087
0.8112053687744347,557282699.3398265
0.3188327581237635,622643523.0465595
-0.1934432154177003,270854395.09371465
-1.33663701331165,893537405.8936704
-0.4837776371868227,501148499.01593184
-0.1613934408802719,261094187.22606984
-0.3431509909235165,576814030.112377
0.3411339728073194,318348966.7877341
0.6002167092728398,582833629.5283884
-1.1588508834966365,980291698.8468297
-1.0081755437069182,672112409.9950066
0.6282934181347771,741542083.07375
-1.3783507221500093,434884229.0993043
0.8183777184288861,400223164.0964275
-0.0207846677485979,647088500.5536193
0.2423854135147473,392874819.7453981
0.1574736985842526,670643046.8163457
1.698594750968863,671220867.1006626
0.4337898503714823,175035463.12988392
-0.4434765518242536,634111670.6930472
0.7624333481690195,715140028.3787695
-0.5866174474769212,353870013.22081053
-0.2821142866631618,312269286.5477153
0.4984536815670742,410434986.35009193
0.6746973358884442,874967053.1984934
-0.0343333526997049,460813132.9231121
-0.4084575499514252,334802908.7526182
-0.1656127904234225,559361335.5627612
0.4225151418323919,378474636.4272754
-1.114426458601465,364336542.8969305
-0.967702439950455,614287035.9004313
-0.111563579060436,494353746.3811745
-0.5834746881366416,768165567.4285133
-0.5341313763026807,700534998.0274456
0.4530831866809284,816266520.0196908
-0.3277035788140692,517649704.7379608
-0.1032654933887137,479677050.0802457
0.1120527694573112,262239966.9949616
-0.1282734584058065,574438208.2034615
0.2442763368873632,595973881.920459
-0.6316865431965005,310873767.59041154
-0.4209762566723886,445729324.8595543
-1.3003019963202025,68589547.18314376
-0.2445531334898732,376418006.5888052
-0.5232510486994038,457943656.61347866
0.4253510308699472,596297998.4168177
0.7943490359154853,749721596.9703349
-0.3721719781547401,705518800.7439531
0.6000487895795297,400511700.0088836
1.265381576649826,486602886.3029746
1.6082423460817203,762490176.8028933
-0.1200978541638708,605100238.989109
0.5335661694397259,534978087.0678482
0.4156862736002202,202192119.64991763
-1.1167974544887236,549847898.5430331
0.7326742927303805,615351446.3719921
0.726182537116096,605151706.7643445
-0.0139207375845672,596748482.2844024
-0.503962853927659,550197870.4440988
-0.2985566209417808,631752266.6991229
1.0104238605274898,572809063.1635602
0.2043451381189832,293296420.08874375
0.3596880695862525,733413097.1315368
0.1601777719337904,348023658.6938499
0.402872330685897,594341462.8477181
-0.3919555512503268,468508391.581107
-0.8115878903322317,430918585.47246337
-1.5926836030003604,589755064.2318993
-0.3892406337420183,448801316.51830906
0.2023407944107569,483646643.6045455
-0.0531428740227939,492524054.9506885
0.1716318906906766,586810785.8122169
-0.3387664089186541,512602648.235804
0.5552330797773655,690615335.4718498
0.5434299585409623,639673912.4399842
-0.290364457926731,411374262.487888
-0.5112112416801978,379914648.7552977
-0.1998224736955454,368894064.5392358
-0.7636336997154268,630679281.8330951
0.5606320136165076,356307135.55636454
0.7214015383598328,576778220.7147565
0.9998469668928944,685134677.2139343
-0.3958221842272086,623456475.4857574
0.6750972837737003,416553542.3235335
-0.0216373865764776,453784134.8899281
0.0115686130083677,495992915.4055732
-0.4092251681934069,552991239.0129133
0.3386748344024602,678758984.6321907
-0.1406465383424412,409339008.5453663
0.4385516893365077,739893480.4228996
0.7641297050973447,448844570.21459055
-1.4178190318881256,560655761.2568281
-0.472095311498292,562649114.4582067
0.3491399239931836,670227864.2853127
-0.1084913585175154,854507606.703567
-0.7181942345412708,378595767.1682378
0.2075700010640753,757437535.3997366
-0.5803920491191991,525836503.3182272
-0.5734722841604597,534462143.6879516
0.3722840254024144,881646305.4697343
0.2335332831855323,536227900.8220905
0.3119772656828959,574503291.2254736
-0.6378391339462861,394349600.8817981
-0.2053022264134011,440317597.3097671
0.1985554108271987,842165657.8498328
1.224505923989321,743294377.3638613
0.5484789582748383,403991540.0357539
0.6995592091858445,524028382.2091487
0.7118531061914946,551164280.4279981
-1.3023159764621757,474585399.7981118
-0.2521869681876901,298246820.3262353
0.6521245646130298,424819833.5338709
-0.710560753520083,413095337.77381593
-0.8493312009412337,236165921.06495297
-0.4297177528294391,683771766.2593496
-0.960539138771891,389370541.0639363
0.186042166151146,370710765.0505794
0.2607660843529779,485361085.171908
0.8402508734065038,602631322.2665827
0.1292012643676759,327037583.9871128
-0.4290618843102514,442259773.1415588
-0.7252088874415357,548249815.3255249
-0.418675608687213,774398916.0198908
-0.1164143495143875,303378681.8671136
-0.5379582643711547,473167955.1999103
0.2205482189883907,488214121.84044194
-0.2236074774628932,350396178.0912772
-0.7832813366652536,517736288.4311738
0.3329880429728296,828125836.439189
-0.9369214365902836,856338962.9380237
1.1122408419796246,535948845.7997646
-0.5678328565467186,924950794.146312
-0.9597569025653452,490513199.9954116
1.0253508108090303,656221317.9129361
0.0400697542019178,198549080.43566653
1.0903138828463388,192964326.87490383
-1.008451156638192,385853919.3244791
0.0674938473074585,500728708.5538024
-1.0736318483670095,270255497.2782287
0.1570562086446971,518983063.6491777
-0.0143866706601532,736687230.1588067
0.046716484330899,680016292.8946236
1.505651708099225,651797576.0167595
0.1816273120185356,171819449.460153
-0.9947614210131096,597595519.4285109
1.232638384939018,613737000.8578491
1.0224974071885196,407193143.3451322
0.030639545953698,571726492.2596636
-0.5808955727292794,601491850.6403507
-1.093424556178624,204857643.66059503
-0.1219464665669065,536072230.16869646
-0.12286863535304,472403407.52557135
0.5371546846284239,605114790.1997194
-1.1708327302350634,782647918.0384204
-1.9206184517158464,589228828.3849094
-0.3469377177462612,595115246.4398109
1.1170676552933074,679594576.9017562
0.2123588180201494,411916335.6643776
0.5921219376323429,730343730.250049
0.7078722013499895,449011358.3651044
0.7320986000591838,740905263.889228
0.0001844347571661,613786120.1900331
-0.6041186781107829,658536810.6425116
-0.0818474075725975,835389516.41653
0.1692266605532847,194327852.2158784
-0.5797027072722393,593866240.6200389
-0.5647538223581946,729343941.4400412
0.4032102419351169,430412967.4778295
0.3616703227108012,399775492.63685936
0.4839849479580524,481376213.1243364
0.6030043250667008,823812575.3823836
-0.2097548608946486,631829644.2389587
0.0019974283977375,493310080.23898
-1.0823253007969216,690146545.8508098
0.4407660493805826,479763935.7770987
-0.0673055748979231,387630274.2486979
-0.1895953605024419,550280603.2771959
-0.1849428462197827,792210747.8761984
-0.1396506816849475,639351391.9614812
0.1712951320929339,473546846.2054006
0.7072421727292708,559130445.005434
-0.0659959768575703,283637062.89839506
-0.2281853924318601,438198038.5665123
0.9713044267191692,478018825.4685156
-0.2278268472306313,499374409.9360061
0.373299525225868,330706556.62726176
-0.3459519586478903,586057449.6970099
0.6881656325863916,454263438.9096903
-0.7739903777348935,345181658.0116809
-0.3295367686929152,562529626.023228
0.0828095339322197,403445588.5049143
-0.1110038459281237,334585643.42719376
0.215231772049058,661421968.1541814
0.6945266994212208,393380202.35736513
0.8950346607267772,231725670.3977869
0.7120515448253375,567967543.0435255
1.146067300875543,560378568.1196382
-0.0872754912303624,339706250.41302454
0.0706137241345396,367306851.18421066
-0.3532896100081051,36081089.66438423
-0.0221926952591076,532896527.2928844
0.9049722683761512,502026054.53915393
0.7127083303464641,512410273.6858764
1.4879887191953356,412080942.5646855
0.5536379233143446,795899258.260843
-0.1547276036637781,648776294.9405982
1.1118193828664276,497871993.1820415
0.6385882634479161,573753996.9257932
0.3351747084535165,620004250.657736
-1.4100412872346813,708016826.1335733
-0.4346023778690248,232196617.85520083
1.9802281909023547,161283811.4639748
-0.6465010544379209,550624399.1540239
0.2506353715441374,562974513.0429053
-0.1517128552889557,439796828.9340697
0.8898456811560653,478748190.2103031
-0.1807524368387196,579092710.56493
0.752678763698061,109230240.58416662
0.7967224283577027,702704010.2976705
0.2640892711383804,587612770.2332436
-0.1079441173660247,514205022.1765916
0.3857921102627719,767691898.209174
0.5826260496923015,512806961.238745
-0.2734824119379849,734310607.6178249
0.1671998317608805,351292704.4924532
0.1207394223957104,515549595.7916056
0.3164677223683219,452267969.2616886
-0.659477782840079,457610484.5647625
0.7275325209060527,613643769.9854662
0.3226374296167779,191144215.19679824
0.1009902151812632,496081413.94430965
-0.5127554876189059,119283257.49245729
-1.9357270368417137,744022375.5250976
-0.99332798173812,651207213.5277619
0.3645639028816142,484011295.7139926
-0.6611143199797009,602669735.0182538
0.5563956237180129,497410307.0288693
-0.5144717428300577,337095529.45299613
-0.2822651865982508,339576933.1950038
-1.0580072195519026,751303990.5596485
0.6667971652666654,428261663.2152575
0.4682519706085002,341696324.57952267
0.2312999986310353,439974939.2284792
-0.4448351057976309,635567267.5266544
1.2519755209411343,636307057.7850318
1.0765356456133468,405436254.2142956
-0.1514778290197082,741358218.4840101
-0.1298191632786414,490019034.8211465
0.7301419794412599,729356757.7847558
-0.695831367047172,476193353.1684397
-0.297478771250408,224579488.90089235
-0.0136531764311437,179830422.31628478
-0.075207877958264,557577474.044853
-0.4748756575544389,502999988.3043132
-0.1248134748291708,521087667.46510553
-0.5607174204382867,758272498.8263499
0.244352910729535,626644631.4175142
0.3151579510980848,434832038.2390752
-0.1311766231118969,284909539.59074104
0.7060226012183443,469932134.6792497
-0.3978145117685232,442280261.6061848
0.0241605545118389,414066514.5890255
-0.5659454120774796,453794910.3054607
0.1019012634946499,575895513.0617187
-0.7704433342811012,557812354.6034613
0.4776496967809975,388314250.3412487
-0.7056161213943328,659051898.5060805
0.1856303964431712,494264479.0606592
0.0200295976318271,294313830.5256603
0.5901540127228788,303766236.21493727
-0.1830988916938168,498854244.3576208
0.4289339790685521,561570530.6360831
0.2356289093183919,254240949.8011717
0.6609523522094672,410349010.71941847
-0.3028894794350737,560412207.0511842
-0.2664104297417295,665080583.5181234
-0.7660459998758982,290355355.0515028
0.174891390759624,662874309.6521392
-0.3802254921154874,358159093.00331515
-0.1525349671640073,577905061.9649557
-0.0157915047558495,479201769.47303617
0.3248814865998388,662206819.5590305
0.7060574239239843,587628984.492142
0.0967269774040566,863477552.3704993
0.5342702961291135,371075776.424259
-0.1071495133407633,137173833.9218981
0.2038301825100721,445202823.1671727
0.4675893474089463,437160726.89876425
0.3086946908074101,265917020.28510857
-0.3924011306095051,320457651.1097666
-0.1261891653093853,510879912.9385411
0.3000855552316429,368972377.2420536
0.0298315389255811,417143060.93743485
0.6352608383054698,433968931.6286021
0.2907172805492138,605247439.9224213
-1.341223993774246,465950580.7984037
-0.3027579536873611,614629617.902501
0.1581404622790512,608778529.4572097
-0.5673967814313775,680196078.1120796
0.3482426007042282,493851753.2972221
-1.437805901423415,391718043.2348243
-1.3511996281291232,616215812.2877668
-0.8334325356003984,466304376.1822908
-0.5702951900025142,638332566.5842868
0.2650108179766124,563375553.0538409
0.0129640459669869,578422671.4041061
-0.9377050003002636,445020063.72770965
-0.398264375878688,522490652.80877
0.1542823367169686,521549373.3667311
0.5535701571352455,420898327.79335046
0.4481742400080377,489584171.3218904
0.0922415757821164,356543870.6852832
-0.0373580130451713,522963983.070579
0.140700352748472,483950573.0196917
-1.8840878613930785,27147479.07765947
-0.1626987200492982,629898098.2784086
-0.372123104622837,817555822.9124155
0.2249611574075697,511535852.2295628
-0.5794356741894547,457630367.1589686
0.5226391384930513,450783886.1597233
0.7574314790759243,600109005.0868808
0.1288549107126649,622380742.2073934
0.2594526796105277,618753892.4526352
0.3520843042939925,421511603.4563904
-0.2137029178434262,894556948.8649261
-0.1568248347475281,480769316.5156511
-0.0847703063702936,604733763.063633
-0.3133714238975145,253658308.50789744
-0.2008975409400812,511377071.1625841
-0.0757452427218956,504767754.4869913
1.212167965262824,897008548.021636
-1.59260938390009,779705530.1537809
-0.6683302626425719,437205856.64711297
1.308893378832466,416322769.9492504
0.2304490917045875,541364171.0229144
0.0771243146856852,307251071.6760133
0.8071574359875642,372319942.4055013
-0.8590163724393783,458215229.6436067
0.6541479546791056,267377239.4978752
-0.5430092830942728,303372994.6985265
-0.2102189967470809,583771658.0133617
-0.0305707567222529,848463310.0627096
0.0323855749364004,592364266.0789555
0.4720632634369821,504163553.1326234
-0.0583430991386845,522335199.0307145
0.5617740871458347,450569539.5039637
0.8830079336940324,443520659.8814244
0.4178417070139454,582367054.1402406
0.3302648757172701,692690193.1452537
-0.2326359257915178,405281087.7621176
-0.1591183936383308,555398281.3802325
-1.5031922248048488,772113710.3172923
0.3964062020587839,544504960.2167399
1.221081825587452,991205244.2802608
-0.1366245437532783,833005804.6762542
-0.6376542657896203,614236725.0490091
1.3421810704962414,702746142.6719242
-0.1240922048890624,478246601.0905606
-1.5646995052589363,692205982.3527648
-0.351287053453075,415707295.82440543
-0.2574540156679178,508735771.0724311
0.3364398479282925,396102680.9562736
-0.7171501266327998,730013355.7627091
-0.0665523055804842,361989711.6034936
-0.6523610154186443,707414030.4419304
-1.0927121046557478,446163397.8828032
0.7477149658088825,540465639.3645529
0.0584783812631228,428829858.10642266
0.7308316314045338,615606483.3694
-1.6660410113793334,185516527.58048564
-0.5113658684484406,560213077.3687427
0.4328540681516505,803839862.6513926
-0.0922188590839722,511209889.87801325
-1.6043500984796504,249118311.67497897
-0.6283002226453661,487209474.5754975
-0.6952881181936333,480523161.6856559
0.0668151060838492,455355707.9354445
-0.2138338240312807,409486533.2298212
0.0404850617349276,357597202.99970233
0.6726988558567922,408098937.4566759
0.772963909379694,381653167.33386034
0.976215210290036,640797661.4754541
0.2144904710918147,607389288.2066083
0.1963735977325066,491250811.1378996
-1.047533210870999,972410071.43634
0.4727268660876229,238287096.536793
0.445799819797305,427945156.1820297
0.351813041595169,495350744.1073754
-0.6904493534162482,462834073.04457295
-0.104074469264869,296127597.22662365
0.0261105657170996,602345895.0722368
0.6589186831762922,471845910.9131742
-0.0956975751085369,388840364.9336917
-0.6657674865540316,356033605.2703735
-0.2359958575248393,474311873.1992279
0.0068357568215456,605134379.5221384
0.0479013160995736,355772397.4953829
0.0931487296203962,552161143.2059596
0.2852548214940342,641377201.6208595
-0.2473176414399666,295930427.52538675
0.3224012760584216,357900106.09546965
0.0784847073678878,267956925.34878212
0.0307345269938126,744817120.275989
0.9633635524735318,497248800.716557
0.6869685680194934,491484281.1155332
1.5254801316956024,866843735.2323668
-0.2106047100370076,385627825.6293378
1.3663959477461909,67274592.10586421
-0.0757888003487839,392430017.06404793
0.5161851386766275,371155552.4999288
0.2040764830209037,702147285.2944802
-0.4667939151885372,147830026.97438082
0.4822090511085345,676114226.9205221
-0.8425305880065874,511092718.1199477
-0.5009695489983691,709936102.8950486
0.1106339868947616,331773926.0353593
0.2539803639483086,516466794.6182201
-0.4516809881276069,298669028.28856194
-0.9363641070717686,702086041.5507776
-0.535991163550791,364752058.6375948
0.701665159037878,486099464.57537794
0.637054235579268,507544797.519422
-0.6732230465846981,673594982.7597121
0.4112035872085444,382532099.3541256
-0.2574373865885573,806569313.6428639
-1.0814803993844,746301672.838497
-0.4125381960290597,409131192.5247427
0.1201957065548307,870125403.8036745
-0.6621761562019087,463773685.4380156
-0.3849001475559499,527268274.090685
-0.2983845828362507,550817746.6336269
0.0573009927769709,623490086.5173159
0.8630605458265992,333367503.3716946
0.9889579532556194,482609367.4305189
1.6586615623011065,27297818.83125433
0.2241155919692619,432992288.59533405
0.8693399124190396,531885230.7441792
-0.0579705161459046,732944064.7556221
-0.3123764511306096,398555791.41862494
0.4332156040166255,640340655.0539353
0.8788080191065459,610585707.8136661
-0.3415787147901198,531433291.7897031
0.081555600260694,49327318.24392124
0.4412193577690435,338336430.49284834
-0.0102493341983092,869739236.6098571
-1.116293733917522,549635701.2368954
-1.4955145547919575,506175202.1529579
0.488666163991861,504444077.9627706
-0.0365493310928973,461489154.51944935
-0.1888974699164477,597774015.8634415
0.0090635696902089,253761817.19809517
-0.8375065218363336,575002013.1567037
0.5649551658085836,690675626.6284844
-0.593055237322849,478899892.3076401
-0.7353221951214874,485600651.0924447
-0.0479021692922773,32077653.218947053
0.1427548660646126,552496944.118783
-0.616950506258528,526105350.13587534
-0.2195688405379554,553583974.5981525
0.0065293383405884,583329227.4703214
0.2336439552867856,652068047.2166376
0.0920513339643457,742589074.53373
0.4620749997000358,650254343.6523342
0.3514936122257492,257982098.7742044
-0.5709159574883539,561750126.6988467
-0.5214467250454352,355017717.5755548
-0.1193224831672381,677672306.3841727
-0.1379180214243511,345215857.9237732
-0.5297787256015678,467902364.1306486
-0.1304119641724604,515559406.9613091
-0.0263666622318596,456020219.9093885
0.3708906827541172,351774620.31720066
-0.3442593839694793,421330526.1432135
0.1976817101709666,522123736.54269993
-0.3840971255646538,612608907.4299586
0.5625440205990314,511115641.4883745
-0.8880281195786329,504882276.0236465
0.6159373111380221,459742280.59541744
0.5131704303108692,663683341.6880051
0.9353759902942724,547733251.8235475
0.3433703771358976,468922372.0991263
-0.2005243713208958,548964520.3114977
1.476600805616867,665689543.6661797
0.0537166973775314,426532482.9215107
0.6367742254165278,558774064.0817342
1.4641281990202253,239586800.2062541
-0.2540054938516645,447674062.05098295
-1.1739411199203549,549062109.3112592
-0.242935621309958,584528740.8437604
-0.7355951440577156,702187737.0072603
0.6925308937780037,474439727.0459644
-0.6686992757458081,405233913.7063527
-0.2496360073223684,345252078.64262605
-1.21641470338681,757563062.9910502
0.022591148849984,385858389.136505
-0.3535324069529819,520020672.4619606
-0.3453540347565031,260937747.04268157
-0.3199012945319198,442792741.63198894
0.2396698023278888,601620312.5153252
-0.5541974076387687,591719982.6018687
0.0933442724733846,408845998.2208784
0.9035202409937724,273377021.8375217
0.1698732113530695,351232595.643014
-0.6062484188531527,315769304.6479751
1.0372204504219336,560510208.4859194
-0.8248942304764619,659153789.6396036
-0.4810865525337746,724896406.0720661
1.345063847750341,486176344.07228297
0.2558251685734783,641219917.5302014
0.2002991289955384,615909027.05061
-0.1061431100994854,381649932.0014212
-0.4422991532189367,542912658.6267384
0.5249785652283139,219801136.56798756
-0.3679810844603481,648642411.9551327
-1.3594558962995689,498765032.7241504
-1.2755981203415967,593182234.181498
-0.1227997191354065,591699001.1044838
-0.2722692530167574,279057949.702039
0.4924402160780586,519721833.4248783
0.8889248504872176,427569379.6811988
-0.0820532786511731,728330048.86711
-0.6648140523702732,415373931.68482697
-0.1355640616755009,579225811.3045634
0.2077468255951725,541495433.7144487
0.3449517543352221,576165503.1095909
-0.2198860647882072,476220894.3537129
0.3492826307424009,668705666.425425
-0.1454506593161097,503626147.7657098
-0.1660844971446294,397269869.9351585
-0.3410719252037799,539144840.8455789
-0.3467814850310617,566987020.1504914
-0.0654316067953165,450291864.27634174
0.3030908705751737,439437539.0852094
0.5944223197895451,645754348.1769183
-0.8888455007918378,194312287.6426173
0.30910887393508,620902017.6731753
-1.4287896583119777,116256642.52097952
-0.1843758388805949,424879978.6090139
1.053495771797857,902156925.9233963
-0.2421023674665154,443353620.7476029
0.3915885308567198,401943376.085828
0.3865203477340402,300794023.27307934
0.0020557187117527,657639852.5783416
-1.4588477120266328,131433938.58461045
0.3585477217756134,517170305.4524713
0.1509178558313038,314364656.3213165
-1.3562376495913366,650358205.1669192
-0.0367773084290599,639504101.9222565
-0.8972517475688835,504994814.967424
-0.2597200704424893,703705142.6797298
0.1010328020461541,293285729.54155964
-1.2429443215137663,545054655.3243551
0.3650183864633852,637882251.9345733
-0.3095078539612905,348155629.3896193
0.3743256005453382,670519578.7579237
-0.5868662352097099,435294437.1836686
0.7051218445151852,708839670.9521446
-0.2702917006372017,795749296.2337935
-1.024060149828885,529775721.7236247
-0.1195996584450238,426645810.28693074
0.4874522824050699,291083976.5489484
0.2892496304626305,359342929.816897
0.7003779134756815,557757480.3986013
0.7660707272824911,571443982.7451475
0.1492476587843243,949369960.6311305
-1.3004163068223409,545643789.7678035
-0.3813799745969012,238352785.74465376
0.6647123189745258,718745354.8208905
1.099475451045521,601473761.3849155
-0.1368095444192023,562903517.3667955
0.216536777213605,495911224.1118273
0.6086628795976328,378396892.3088961
0.7550073101746695,388203763.44210106
-0.7820306042557812,552107504.2806646
0.2771129202825274,474508751.2485713
-0.4187613221936443,309853789.65030617
-0.0080091674454153,291260643.9370987
-0.4376301177221481,360648388.4380844
-0.8057407535647952,242327064.34685552
0.3715734998515039,477244891.78961694
0.1961074549987435,327236781.66291183
-0.3749421024370923,350191976.3619205
0.1732061363351101,614373832.5667013
0.0223631534655929,482932828.0593852
1.7504577883278154,412698379.8791001
-1.8138725104937712,586658349.0393466
0.3499735005124981,407615180.0386923
-0.3510820856868468,631197936.3571031
0.1656673568407154,386832535.5660757
1.405336833346045,575145926.8145541
0.7358990578980049,533246598.8174116
0.318486048650109,608559304.7650911
0.5785156896234338,587446381.7396715
0.6027807576030912,410501338.7347629
1.1183543901395736,405325850.0962376
-0.1674841234863099,524572971.1022571
0.239330113368007,478086780.5270349
-0.3965351210648969,622714952.0678701
0.048686957706701,631351569.9689697
0.2235631366472588,611377622.9559851
-0.8413437853269888,445595169.7600521
0.2862391472424923,407456874.2111903
-0.7769962352027378,458366178.8777471
-0.0835152563104386,625076153.1891409
0.6193275382668139,410259055.1752615
-0.0314587609701883,552608901.5527457
-0.3466681750384061,641679203.4211088
-0.8541125348005754,177455445.17763016
-1.0354656900496146,424371629.1957298
0.4498475190013953,833948249.0675415
0.4657817300523982,690889038.1225785
0.6337467826919871,799255372.1282797
-0.5364467443289461,514454425.5192316
-1.0727661698837732,596165903.168637
-0.9329823002749876,520564705.2224372
0.223378192080604,472379327.1443219
0.1378640090837694,479739739.0747205
-0.5405884978290687,225961343.9213523
0.0541139140331072,464571724.8174905
-0.2075006587784328,542068060.4760693
-0.4129544475239465,552133933.4294196
-1.2269525902034806,352975088.6328883
-0.155697542148448,507360143.7867833
-0.3691585397843867,469811255.0013812
-0.0390485540884603,363011836.3040423
-0.6492884474429351,281338000.10515
-0.7128218418906211,717451924.7753656
-1.6332191856739469,508487603.6240802
-1.044240417214342,434731690.3477111
-0.1107375736863609,512562962.74630255
-0.0706628750556113,261503202.8008064
0.2812173801160101,348109663.5302932
-0.7324182585853923,651679292.0535392
1.270724199576187,258384950.9055719
0.6562950438980877,570458108.3851315
0.050722245716751,429087644.918568
-0.6608736612195457,197463726.00496995
-0.1511600553754449,373642302.80093616
-0.516306568142738,378612558.37441707
0.90810374428346,418270133.06638736
-0.998398860424663,285283153.0157446
-0.6543323618054901,346465712.51624763
-0.1602773649571627,530443733.2071457
-0.383572024102185,246480056.45169407
-0.017609399556941,259994806.0198477
-0.7973084253843874,995279924.2882546
-0.7160645093584096,580107445.0808479
-0.4320778838811575,734273151.9732696
0.000682321516586,524758658.9552845
-0.7876624239560917,305245060.65609
-0.4477327373024165,397606628.07373327
-0.1423160983114062,561534022.6484172
0.9552564338759164,580979420.2357185
0.5546722303908219,765858993.4731113
-0.262487149937189,529310663.12850726
0.2504998545121943,450171313.5825705
0.2570282628455931,599734548.525767
-1.0158988025863702,565110309.5075588
0.0248905134005292,443313644.8508698
-0.636034628671899,333524306.3015841
0.2703746492560124,481199239.4730106
0.1196843309822255,563257503.5313914
0.0738517784725795,554817306.8554547
0.8513931616794437,431979062.023558
-0.1168181984361468,378663172.1575316
-0.6166257385520165,517211022.7638903
-0.5774969816257475,736051852.6237484
-0.7112169490840657,615851879.9704304
0.3828055229242739,471040494.0022329
0.4051396160198748,217164595.52317524
-0.2820125924925092,401984638.19159967
-0.828225287219181,323401856.7838103
-0.6287055609873694,500791382.47911376
0.0295962817380565,443994322.0122765
1.182509425486465,393102054.3443273
0.2099210086192808,663877740.4631519
-0.2136027494192212,386496060.9705119
0.6516356981203616,403242014.8477072
-0.5547552035933241,558651234.895685
0.9035877526482032,492213390.7332173
-0.1850607497479265,607977649.9452014
-0.4950500394780683,321958025.99812365
-0.8752773241401641,917516547.83506
0.0417780544141574,397079579.86036
0.3015538789575009,563667093.9805162
0.338336503799278,394128103.4900792
0.0637040387738692,645679269.8512285
0.6214581448837928,488949343.8218611
0.1106694015810222,655201280.4417382
-1.3730258768468042,854954519.4088348
0.3279012711945807,487666600.5752444
-1.1168237625262862,332097107.76857543
0.2507159479628435,780530322.8342955
0.3524103085427382,555704365.2418835
0.6369342859621275,579200485.7721702
0.8939972365987869,374655600.5100672
-0.0198030176010026,262869474.5565401
1.0346331095312422,599261836.3698988
-0.2591184861170209,498202778.3759152
0.9715220648911688,349736271.4506561
1.1039060293731753,9393943.755986469
0.8592918252706507,563844520.6396382
0.5406133458936451,474064549.78744096
0.9783829340604506,689954167.0346136
0.7522143820715567,453793003.7990313
0.3708597971684423,438457480.2677599
-0.0931453459659437,948932656.2767644
1.2209995721725813,755417627.6404718
0.0815658053821867,430183945.6653536
-0.2992836349626374,485543805.6664486
-0.2234878745790007,597499616.2265054
-0.0042495989351784,603366318.5070039
-0.7946317532555982,732947844.6026902
0.4687617346402175,400821509.59874505
-0.1681699937435697,284589505.85812795
-0.8440588773722869,927339168.4194342
-0.7272318202018265,428330209.8521256
0.974882514412049,407665360.7285742
0.0453597326073988,733039797.1671084
-0.2542884766675623,752442623.8319052
-0.3552353943829841,525784655.4184552
0.666884101203503,408151208.6678463
0.2336248475108807,456044146.13167447
0.3447600142986484,634496982.7115605
0.4718773227244711,563021405.0481285
0.1390949696106744,342031754.62967634
0.3483883535951466,544682381.5548018
0.2281750191713628,745854822.4320194
0.740566933293405,786959004.8930339
-0.1267763923963281,244375667.18918216
0.5027959752167036,559113938.4193114
